Rk,Squad,# Pl,MP,Starts,Min,90s,GA,GA90,SoTA,Saves,Save%,W,D,L,CS,CS%,PKatt,PKA,PKsv,PKm,Save%,League,Season,TeamID
1,Alavés,2,11,11,990,11.0,14,1.27,36,24,66.7,3,1,7,3,27.3,3,2,1,0,33.3,La Liga,2021-2022,37745278530914180
2,Angers,1,12,12,1080,12.0,15,1.25,37,25,67.6,4,5,3,4,33.3,3,3,0,0,0.0,Ligue 1,2021-2022,66587352409382849
3,Arminia,1,10,10,900,10.0,16,1.6,47,34,72.3,0,5,5,2,20.0,3,3,0,0,0.0,Bundesliga,2021-2022,60726784699523350
4,Arsenal,2,10,10,900,10.0,13,1.3,46,29,71.7,5,2,3,4,40.0,0,0,0,0,0.0,Premier League,2021-2022,5838645288327307
5,Aston Villa,2,10,10,900,10.0,19,1.9,46,28,58.7,3,1,6,3,30.0,2,0,1,1,100.0,Premier League,2021-2022,14348480492050895
6,Atalanta,2,11,11,990,11.0,14,1.27,38,26,68.4,5,4,2,2,18.2,3,2,0,1,0.0,Serie A,2021-2022,87465877057901989
7,Athletic Club,2,11,11,990,11.0,7,0.64,28,20,82.1,4,6,1,5,45.5,2,2,0,0,0.0,La Liga,2021-2022,4823083458145023
8,Atlético Madrid,1,11,11,990,11.0,10,0.91,18,11,61.1,6,4,1,4,36.4,3,3,0,0,0.0,La Liga,2021-2022,74713976168286555
9,Augsburg,1,10,10,900,10.0,19,1.9,46,29,63.0,2,3,5,3,30.0,2,2,0,0,0.0,Bundesliga,2021-2022,82828683183786310
10,Barcelona,2,11,11,990,11.0,12,1.09,36,24,66.7,4,4,3,2,18.2,0,0,0,0,0.0,La Liga,2021-2022,81744823723090567
11,Bayern Munich,1,10,10,900,10.0,10,1.0,35,25,71.4,8,1,1,3,30.0,0,0,0,0,0.0,Bundesliga,2021-2022,7510926916741648
12,Betis,2,12,12,1080,12.0,15,1.25,40,27,65.0,6,3,3,2,16.7,1,1,0,0,0.0,La Liga,2021-2022,9423348454032625
13,Bochum,1,10,10,900,10.0,18,1.8,56,39,67.9,3,1,6,4,40.0,2,0,2,0,100.0,Bundesliga,2021-2022,26656491983030423
14,Bologna,1,11,11,990,11.0,22,2.0,47,31,63.8,4,3,4,4,36.4,5,5,0,0,0.0,Serie A,2021-2022,23275147453355121
15,Bordeaux,1,12,12,1080,12.0,24,2.0,63,42,66.7,2,6,4,0,0.0,3,3,0,0,0.0,Ligue 1,2021-2022,12683680850395737
16,Brentford,2,10,10,900,10.0,12,1.2,34,22,64.7,3,3,4,3,30.0,0,0,0,0,0.0,Premier League,2021-2022,27125852983275500
17,Brest,1,12,12,1080,12.0,20,1.67,50,33,62.0,1,6,5,1,8.3,1,1,0,0,0.0,Ligue 1,2021-2022,27328509848090670
18,Brighton,1,10,10,900,10.0,11,1.1,34,25,73.5,4,4,2,4,40.0,2,2,0,0,0.0,Premier League,2021-2022,49072214318111932
19,Burnley,1,10,10,900,10.0,16,1.6,44,28,63.6,1,4,5,1,10.0,0,0,0,0,0.0,Premier League,2021-2022,21823480134907726
20,Cádiz,1,12,12,1080,12.0,19,1.58,50,34,70.0,1,6,5,2,16.7,4,4,0,0,0.0,La Liga,2021-2022,1007679934589500
21,Cagliari,2,11,11,990,11.0,24,2.18,49,27,57.1,1,3,7,0,0.0,3,3,0,0,0.0,Serie A,2021-2022,32968728316179674
22,Celta Vigo,1,12,12,1080,12.0,14,1.17,46,33,71.7,3,2,7,5,41.7,4,1,3,0,75.0,La Liga,2021-2022,14218303985450920
23,Chelsea,2,10,10,900,10.0,3,0.3,29,27,96.6,8,1,1,7,70.0,2,2,0,0,0.0,Premier League,2021-2022,58172670324373785
24,Clermont Foot,1,12,12,1080,12.0,23,1.92,49,29,57.1,3,4,5,3,25.0,2,2,0,0,0.0,Ligue 1,2021-2022,54976968050746588
25,Crystal Palace,1,10,10,900,10.0,14,1.4,43,29,67.4,2,6,2,3,30.0,0,0,0,0,0.0,Premier League,2021-2022,15352059381074619
26,Dortmund,2,10,10,900,10.0,15,1.5,41,29,68.3,8,0,2,1,10.0,2,2,0,0,0.0,Bundesliga,2021-2022,6921931827204601
27,Eint Frankfurt,1,10,10,900,10.0,15,1.5,53,38,71.7,1,6,3,1,10.0,0,0,0,0,0.0,Bundesliga,2021-2022,37929111009288632
28,Elche,1,12,12,1080,12.0,15,1.25,54,39,72.2,2,4,6,3,25.0,0,0,0,0,0.0,La Liga,2021-2022,30674441257210497
29,Empoli,1,11,11,990,11.0,21,1.91,55,37,63.6,5,0,6,2,18.2,3,1,0,2,0.0,Serie A,2021-2022,77726683749984272
30,Espanyol,1,12,12,1080,12.0,13,1.08,53,41,75.5,3,5,4,4,33.3,0,0,0,0,0.0,La Liga,2021-2022,71314269182841176
31,Everton,2,10,10,900,10.0,16,1.6,42,27,61.9,4,2,4,2,20.0,0,0,0,0,0.0,Premier League,2021-2022,57482013681231466
32,Fiorentina,2,11,11,988,11.0,13,1.18,32,21,65.6,6,0,5,3,27.3,3,2,1,0,33.3,Serie A,2021-2022,24325362613855847
33,Freiburg,1,10,10,900,10.0,7,0.7,36,31,83.3,6,4,0,4,40.0,1,1,0,0,0.0,Bundesliga,2021-2022,17577284562417651
34,Genoa,1,11,11,990,11.0,22,2.0,53,34,64.2,1,5,5,1,9.1,3,3,0,0,0.0,Serie A,2021-2022,87033800759594150
35,Getafe,1,12,12,1080,12.0,18,1.5,44,26,63.6,1,3,8,1,8.3,3,2,0,1,0.0,La Liga,2021-2022,23789167582387071
36,Granada,2,11,11,990,11.0,14,1.27,57,45,78.9,2,5,4,3,27.3,3,2,1,0,33.3,La Liga,2021-2022,45137124328012624
37,Greuther Fürth,2,10,10,900,10.0,27,2.7,53,31,54.7,0,1,9,0,0.0,3,3,0,0,0.0,Bundesliga,2021-2022,11035944553035865
38,Hellas Verona,2,11,11,990,11.0,20,1.82,49,32,63.3,4,3,4,1,9.1,2,2,0,0,0.0,Serie A,2021-2022,45227680351245381
39,Hertha BSC,1,10,10,900,10.0,23,2.3,44,23,54.5,4,0,6,1,10.0,3,3,0,0,0.0,Bundesliga,2021-2022,59737400018465050
40,Hoffenheim,1,10,10,900,10.0,15,1.5,46,31,67.4,4,2,4,4,40.0,0,0,0,0,0.0,Bundesliga,2021-2022,29322720181807625
41,Inter,1,11,11,990,11.0,12,1.09,43,34,79.1,7,3,1,3,27.3,3,3,0,0,0.0,Serie A,2021-2022,53198597771575973
42,Juventus,2,11,11,990,11.0,15,1.36,40,26,65.0,4,3,4,2,18.2,2,1,1,0,50.0,Serie A,2021-2022,19371054131726661
43,Köln,1,10,10,900,10.0,18,1.8,48,31,62.5,3,4,3,0,0.0,0,0,0,0,0.0,Bundesliga,2021-2022,39731782814123330
44,Lazio,1,11,11,990,11.0,19,1.73,41,23,58.5,5,3,3,1,9.1,3,2,0,1,0.0,Serie A,2021-2022,90751438076496109
45,Leeds United,1,10,10,900,10.0,17,1.7,51,35,68.6,2,4,4,1,10.0,1,1,0,0,0.0,Premier League,2021-2022,34570153325607342
46,Leicester City,1,10,10,900,10.0,17,1.7,47,33,68.1,4,2,4,1,10.0,2,2,0,0,0.0,Premier League,2021-2022,18776461863573874
47,Lens,1,12,12,1080,12.0,14,1.17,39,27,69.2,6,3,3,3,25.0,2,2,0,0,0.0,Ligue 1,2021-2022,74951719010833888
48,Levante,3,12,12,1080,12.0,23,1.92,61,39,63.9,0,6,6,1,8.3,1,1,0,0,0.0,La Liga,2021-2022,1566092639264277
49,Leverkusen,1,10,10,900,10.0,16,1.6,57,42,73.7,5,2,3,3,30.0,2,1,1,0,50.0,Bundesliga,2021-2022,36794408106212849
50,Lille,2,12,12,1080,12.0,18,1.5,52,35,69.2,4,3,5,1,8.3,3,2,1,0,33.3,Ligue 1,2021-2022,85603837513355486
51,Liverpool,2,10,10,900,10.0,8,0.8,31,22,74.2,6,4,0,6,60.0,0,0,0,0,0.0,Premier League,2021-2022,41956650829873911
52,Lorient,1,12,12,1080,12.0,18,1.5,52,36,69.2,3,6,3,3,25.0,3,2,0,1,0.0,Ligue 1,2021-2022,37325341301512527
53,Lyon,2,12,12,1078,12.0,17,1.42,64,53,79.7,5,4,3,2,16.7,4,4,0,0,0.0,Ligue 1,2021-2022,87005642993871754
54,M'Gladbach,1,10,10,900,10.0,13,1.3,40,28,67.5,4,2,4,1,10.0,0,0,0,0,0.0,Bundesliga,2021-2022,81611584009946193
55,Mainz 05,1,10,10,900,10.0,10,1.0,30,21,70.0,5,1,4,4,40.0,1,1,0,0,0.0,Bundesliga,2021-2022,71158960989778912
56,Mallorca,2,12,12,1080,12.0,17,1.42,42,25,61.9,3,5,4,4,33.3,2,1,1,0,50.0,La Liga,2021-2022,96459977719332900
57,Manchester City,2,10,10,900,10.0,6,0.6,17,12,70.6,6,2,2,6,60.0,1,1,0,0,0.0,Premier League,2021-2022,74026506610392765
58,Manchester Utd,1,10,10,900,10.0,15,1.5,42,27,64.3,5,2,3,2,20.0,1,0,1,0,100.0,Premier League,2021-2022,29078730489839024
59,Marseille,2,12,12,1080,12.0,12,1.0,36,26,72.2,6,4,2,5,41.7,2,2,0,0,0.0,Ligue 1,2021-2022,66190039714113630
60,Metz,2,12,12,1080,12.0,27,2.25,55,31,54.5,1,4,7,0,0.0,2,2,0,0,0.0,Ligue 1,2021-2022,14635757597311544
61,Milan,2,11,11,990,11.0,10,0.91,39,31,79.5,10,1,0,4,36.4,2,2,0,0,0.0,Serie A,2021-2022,59378513948613436
62,Monaco,1,12,12,1080,12.0,16,1.33,36,24,63.9,5,2,5,1,8.3,4,3,0,1,0.0,Ligue 1,2021-2022,79093238158793616
63,Montpellier,2,12,12,1080,12.0,19,1.58,54,36,64.8,4,4,4,3,25.0,0,0,0,0,0.0,Ligue 1,2021-2022,32434714471076965
64,Nantes,1,12,12,1080,12.0,14,1.17,49,35,71.4,5,2,5,2,16.7,0,0,0,0,0.0,Ligue 1,2021-2022,25802633648495862
65,Napoli,2,11,11,990,11.0,3,0.27,28,25,89.3,10,1,0,8,72.7,0,0,0,0,0.0,Serie A,2021-2022,10516137814401134
66,Newcastle Utd,2,10,10,900,10.0,23,2.3,49,29,59.2,0,4,6,0,0.0,4,3,1,0,25.0,Premier League,2021-2022,29528772732587842
67,Nice,1,12,12,1080,12.0,9,0.75,37,30,81.1,7,3,2,5,41.7,2,2,0,0,0.0,Ligue 1,2021-2022,11720969662561653
68,Norwich City,1,10,10,900,10.0,25,2.5,54,31,57.4,0,2,8,2,20.0,3,2,1,0,33.3,Premier League,2021-2022,42809968147687487
69,Osasuna,2,12,12,1080,12.0,15,1.25,45,31,68.9,5,4,3,5,41.7,1,1,0,0,0.0,La Liga,2021-2022,83352675823776457
70,Paris S-G,2,12,12,1080,12.0,11,0.92,39,28,71.8,10,1,1,4,33.3,0,0,0,0,0.0,Ligue 1,2021-2022,11177590892093073
71,Rayo Vallecano,2,12,12,1077,12.0,12,1.0,38,30,78.9,6,2,4,4,33.3,6,4,2,0,33.3,La Liga,2021-2022,75203699329351977
72,RB Leipzig,1,10,10,900,10.0,10,1.0,33,25,75.8,4,3,3,3,30.0,2,2,0,0,0.0,Bundesliga,2021-2022,68159208261559796
73,Real Madrid,1,11,11,990,11.0,12,1.09,38,27,71.1,7,3,1,3,27.3,1,1,0,0,0.0,La Liga,2021-2022,29627131003986350
74,Real Sociedad,2,12,12,1080,12.0,10,0.83,34,25,76.5,7,4,1,7,58.3,2,2,0,0,0.0,La Liga,2021-2022,57299950304530590
75,Reims,1,12,12,1080,12.0,17,1.42,42,27,64.3,2,5,5,3,25.0,2,2,0,0,0.0,Ligue 1,2021-2022,67732085073987538
76,Rennes,2,12,12,1080,12.0,11,0.92,37,24,70.3,5,4,3,5,41.7,0,0,0,0,0.0,Ligue 1,2021-2022,96819424452761337
77,Roma,1,11,11,990,11.0,12,1.09,42,31,73.8,6,1,4,4,36.4,1,1,0,0,0.0,Serie A,2021-2022,764736481564168
78,Saint-Étienne,2,12,12,1077,12.0,26,2.17,60,36,58.3,0,6,6,0,0.0,1,1,0,0,0.0,Ligue 1,2021-2022,56226069621228236
79,Salernitana,1,11,11,990,11.0,23,2.09,56,35,60.7,2,1,8,1,9.1,1,1,0,0,0.0,Serie A,2021-2022,63444195793016658
80,Sampdoria,1,11,11,990,11.0,23,2.09,57,36,61.4,2,3,6,2,18.2,1,1,0,0,0.0,Serie A,2021-2022,89407679695143145
81,Sassuolo,1,11,11,990,11.0,15,1.36,36,24,66.7,4,2,5,2,18.2,3,3,0,0,0.0,Serie A,2021-2022,79200252522790650
82,Sevilla,2,11,11,990,11.0,7,0.64,31,24,77.4,7,3,1,6,54.5,1,0,1,0,100.0,La Liga,2021-2022,22702270477938803
83,Southampton,1,10,10,900,10.0,12,1.2,37,24,67.6,2,5,3,4,40.0,0,0,0,0,0.0,Premier League,2021-2022,21037626007536306
84,Spezia,2,11,11,990,11.0,26,2.36,58,36,60.3,2,2,7,0,0.0,4,3,1,0,25.0,Serie A,2021-2022,41730244034743257
85,Strasbourg,1,12,12,1080,12.0,16,1.33,47,34,70.2,5,2,5,3,25.0,2,2,0,0,0.0,Ligue 1,2021-2022,92234479374253707
86,Stuttgart,2,10,10,900,10.0,19,1.9,58,40,69.0,2,4,4,1,10.0,1,1,0,0,0.0,Bundesliga,2021-2022,81761661302668293
87,Torino,1,11,11,990,11.0,11,1.0,27,18,66.7,4,2,5,3,27.3,3,2,1,0,33.3,Serie A,2021-2022,21846272194836439
88,Tottenham,1,10,10,900,10.0,16,1.6,42,28,64.3,5,0,5,3,30.0,1,1,0,0,0.0,Premier League,2021-2022,22006624071753704
89,Troyes,1,12,12,1080,12.0,17,1.42,51,36,70.6,3,4,5,2,16.7,2,2,0,0,0.0,Ligue 1,2021-2022,57069542099991496
90,Udinese,1,11,11,990,11.0,16,1.45,44,32,70.5,2,5,4,2,18.2,3,3,0,0,0.0,Serie A,2021-2022,48393495896639342
91,Union Berlin,1,10,10,900,10.0,15,1.5,39,26,64.1,4,4,2,3,30.0,1,1,0,0,0.0,Bundesliga,2021-2022,71630543971501382
92,Valencia,2,12,12,1080,12.0,17,1.42,47,32,68.1,4,4,4,4,33.3,2,2,0,0,0.0,La Liga,2021-2022,65158650443085242
93,Venezia,3,11,11,990,11.0,17,1.55,52,38,71.2,2,3,6,2,18.2,3,2,0,1,0.0,Serie A,2021-2022,94916874898547392
94,Villarreal,2,11,11,990,11.0,12,1.09,27,17,63.0,2,6,3,5,45.5,3,2,1,0,33.3,La Liga,2021-2022,63335634096533483
95,Watford,2,10,10,900,10.0,18,1.8,43,27,60.5,3,1,6,0,0.0,1,1,0,0,0.0,Premier League,2021-2022,73743918793554398
96,West Ham,1,10,10,900,10.0,11,1.1,38,25,71.1,6,2,2,3,30.0,0,0,0,0,0.0,Premier League,2021-2022,57680956417459581
97,Wolfsburg,1,10,10,900,10.0,12,1.2,31,20,64.5,5,1,4,4,40.0,3,1,2,0,66.7,Bundesliga,2021-2022,85159484018358879
98,Wolves,1,10,10,900,10.0,10,1.0,38,31,81.6,5,1,4,2,20.0,3,3,0,0,0.0,Premier League,2021-2022,24001928852251903
1,Alavés,2,38,38,3420,38.0,57,1.5,143,87,62.2,9,11,18,9,23.7,3,3,0,0,0.0,La Liga,2020-2021,37745278530914180
2,Angers,1,38,38,3420,38.0,58,1.53,134,82,61.9,12,8,18,9,23.7,8,7,1,0,12.5,Ligue 1,2020-2021,66587352409382849
3,Arminia,1,34,34,3060,34.0,52,1.53,166,119,71.7,9,8,17,11,32.4,6,5,1,0,16.7,Bundesliga,2020-2021,60726784699523350
4,Arsenal,3,38,38,3417,38.0,39,1.03,128,94,71.1,18,7,13,12,31.6,3,2,1,0,33.3,Premier League,2020-2021,5838645288327307
5,Aston Villa,1,38,38,3420,38.0,46,1.21,177,135,76.8,16,7,15,15,39.5,6,5,1,0,16.7,Premier League,2020-2021,14348480492050895
6,Atalanta,2,38,38,3417,38.0,47,1.24,109,66,61.5,23,9,6,11,28.9,8,5,3,0,37.5,Serie A,2020-2021,87465877057901989
7,Athletic Club,2,38,38,3420,38.0,42,1.11,107,71,65.4,11,13,14,9,23.7,6,5,1,0,16.7,La Liga,2020-2021,4823083458145023
8,Atlético Madrid,1,38,38,3420,38.0,25,0.66,120,97,80.0,26,8,4,18,47.4,4,1,2,1,66.7,La Liga,2020-2021,74713976168286555
9,Augsburg,1,34,34,3060,34.0,55,1.62,172,124,71.5,10,6,18,7,20.6,10,6,2,2,25.0,Bundesliga,2020-2021,82828683183786310
10,Barcelona,2,38,38,3420,38.0,38,1.0,123,91,73.2,24,7,7,14,36.8,5,5,0,0,0.0,La Liga,2020-2021,81744823723090567
11,Bayern Munich,2,34,34,3060,34.0,44,1.29,130,85,66.9,24,6,4,9,26.5,3,1,1,1,50.0,Bundesliga,2020-2021,7510926916741648
12,Benevento,2,38,38,3420,38.0,75,1.97,175,108,59.4,7,12,19,7,18.4,5,4,1,0,20.0,Serie A,2020-2021,38159059008947812
13,Betis,2,38,38,3420,38.0,50,1.32,125,85,66.4,17,10,11,13,34.2,10,8,2,0,20.0,La Liga,2020-2021,9423348454032625
14,Bologna,3,38,38,3420,38.0,65,1.71,187,128,69.0,10,11,17,5,13.2,9,7,2,0,22.2,Serie A,2020-2021,23275147453355121
15,Bordeaux,1,38,38,3420,38.0,57,1.5,148,98,66.2,13,6,19,14,36.8,8,7,1,0,12.5,Ligue 1,2020-2021,12683680850395737
16,Brest,2,38,38,3420,38.0,66,1.74,169,111,66.3,11,8,19,7,18.4,11,9,1,1,10.0,Ligue 1,2020-2021,27328509848090670
17,Brighton,2,38,38,3420,38.0,46,1.21,117,79,65.8,9,14,15,12,31.6,7,6,0,1,0.0,Premier League,2020-2021,49072214318111932
18,Burnley,3,38,38,3420,38.0,55,1.45,179,127,70.9,10,9,19,11,28.9,3,3,0,0,0.0,Premier League,2020-2021,21823480134907726
19,Cádiz,3,38,38,3420,38.0,58,1.53,139,88,64.7,11,11,16,10,26.3,10,9,1,0,10.0,La Liga,2020-2021,1007679934589500
20,Cagliari,2,38,38,3420,38.0,59,1.55,198,140,72.7,9,10,19,7,18.4,5,5,0,0,0.0,Serie A,2020-2021,32968728316179674
21,Celta Vigo,2,38,38,3418,38.0,57,1.5,132,81,62.1,14,11,13,9,23.7,8,7,1,0,12.5,La Liga,2020-2021,14218303985450920
22,Chelsea,3,38,38,3420,38.0,36,0.95,103,70,68.0,19,10,9,18,47.4,4,3,1,0,25.0,Premier League,2020-2021,58172670324373785
23,Crotone,3,38,38,3420,38.0,92,2.42,212,123,59.0,6,5,27,3,7.9,5,5,0,0,0.0,Serie A,2020-2021,33431629624225246
24,Crystal Palace,2,38,38,3420,38.0,66,1.74,173,108,63.6,12,8,18,8,21.1,4,3,1,0,25.0,Premier League,2020-2021,15352059381074619
25,Dijon,3,38,38,3420,38.0,73,1.92,181,115,63.5,4,9,25,6,15.8,10,7,2,1,22.2,Ligue 1,2020-2021,59239312409540653
26,Dortmund,2,34,34,3060,34.0,46,1.35,131,90,69.5,20,4,10,11,32.4,6,6,0,0,0.0,Bundesliga,2020-2021,6921931827204601
27,Eibar,2,38,38,3420,38.0,52,1.37,133,82,63.2,6,12,20,9,23.7,5,3,1,1,25.0,La Liga,2020-2021,67267904110326262
28,Eint Frankfurt,2,34,34,3060,34.0,53,1.56,149,102,67.1,16,12,6,4,11.8,6,4,1,1,20.0,Bundesliga,2020-2021,37929111009288632
29,Elche,2,38,38,3420,38.0,55,1.45,156,107,68.6,8,12,18,7,18.4,10,6,3,1,33.3,La Liga,2020-2021,30674441257210497
30,Everton,3,38,38,3420,38.0,48,1.26,158,111,71.5,17,8,13,12,31.6,4,3,0,1,0.0,Premier League,2020-2021,57482013681231466
31,Fiorentina,2,38,38,3420,38.0,59,1.55,138,89,63.0,9,13,16,9,23.7,11,8,3,0,27.3,Serie A,2020-2021,24325362613855847
32,Freiburg,2,34,34,3060,34.0,52,1.53,168,122,71.4,12,9,13,6,17.6,6,4,1,1,20.0,Bundesliga,2020-2021,17577284562417651
33,Fulham,2,38,38,3420,38.0,53,1.39,164,118,72.0,5,13,20,9,23.7,7,7,0,0,0.0,Premier League,2020-2021,19227944656237519
34,Genoa,3,38,38,3419,38.0,58,1.53,182,129,72.0,10,12,16,9,23.7,7,7,0,0,0.0,Serie A,2020-2021,87033800759594150
35,Getafe,2,38,38,3420,38.0,43,1.13,105,71,65.7,9,11,18,14,36.8,8,7,1,0,12.5,La Liga,2020-2021,23789167582387071
36,Granada,3,38,38,3420,38.0,65,1.71,160,100,63.1,13,7,18,9,23.7,12,6,5,1,45.5,La Liga,2020-2021,45137124328012624
37,Hellas Verona,3,38,38,3420,38.0,48,1.26,139,97,69.8,10,12,15,6,15.8,7,6,0,1,0.0,Serie A,2020-2021,45227680351245381
38,Hertha BSC,2,34,34,3060,34.0,52,1.53,134,90,66.4,8,11,15,9,26.5,8,7,1,0,12.5,Bundesliga,2020-2021,59737400018465050
39,Hoffenheim,2,34,34,3060,34.0,54,1.59,139,91,65.5,11,10,13,6,17.6,9,6,2,1,25.0,Bundesliga,2020-2021,29322720181807625
40,Huesca,2,38,38,3420,38.0,53,1.39,142,94,66.2,7,13,18,9,23.7,5,5,0,0,0.0,La Liga,2020-2021,16593090704373522
41,Inter,3,38,38,3420,38.0,35,0.92,112,82,73.2,28,7,3,14,36.8,7,5,2,0,28.6,Serie A,2020-2021,53198597771575973
42,Juventus,3,38,38,3420,38.0,38,1.0,114,82,71.9,23,9,6,8,21.1,9,6,3,0,33.3,Serie A,2020-2021,19371054131726661
43,Köln,2,36,36,3060,34.0,60,1.76,152,100,65.8,8,9,17,5,13.9,9,8,1,0,11.1,Bundesliga,2020-2021,39731782814123330
44,Lazio,2,38,38,3420,38.0,55,1.45,144,99,68.8,21,5,12,12,31.6,10,10,0,0,0.0,Serie A,2020-2021,90751438076496109
45,Leeds United,2,38,38,3420,38.0,54,1.42,189,144,75.7,18,5,15,12,31.6,9,8,1,0,11.1,Premier League,2020-2021,34570153325607342
46,Leicester City,1,38,38,3420,38.0,50,1.32,134,87,65.7,20,6,12,11,28.9,4,4,0,0,0.0,Premier League,2020-2021,18776461863573874
47,Lens,2,38,38,3420,38.0,54,1.42,134,92,67.9,15,12,11,8,21.1,12,11,1,0,8.3,Ligue 1,2020-2021,74951719010833888
48,Levante,3,38,38,3420,38.0,57,1.5,163,106,66.9,9,14,15,4,10.5,4,3,0,1,0.0,La Liga,2020-2021,1566092639264277
49,Leverkusen,3,34,34,3060,34.0,39,1.15,110,74,65.5,14,10,10,9,26.5,2,1,1,0,50.0,Bundesliga,2020-2021,36794408106212849
50,Lille,1,38,38,3420,38.0,23,0.61,107,86,79.4,24,11,3,21,55.3,2,1,1,0,50.0,Ligue 1,2020-2021,85603837513355486
51,Liverpool,3,38,38,3420,38.0,42,1.11,137,98,72.3,20,9,9,12,31.6,8,4,1,3,20.0,Premier League,2020-2021,41956650829873911
52,Lorient,2,38,38,3420,38.0,69,1.82,159,102,62.9,11,9,18,5,13.2,12,10,1,1,9.1,Ligue 1,2020-2021,37325341301512527
53,Lyon,1,38,38,3420,38.0,43,1.13,130,94,70.8,22,10,6,11,28.9,8,5,2,1,28.6,Ligue 1,2020-2021,87005642993871754
54,M'Gladbach,2,34,34,3056,34.0,56,1.65,143,91,65.0,13,10,11,7,20.6,6,6,0,0,0.0,Bundesliga,2020-2021,81611584009946193
55,Mainz 05,2,34,34,3060,34.0,56,1.65,155,104,67.7,10,9,15,5,14.7,7,6,0,1,0.0,Bundesliga,2020-2021,71158960989778912
56,Manchester City,3,38,38,3420,38.0,32,0.84,89,65,73.0,27,5,6,19,50.0,10,8,2,0,20.0,Premier League,2020-2021,74026506610392765
57,Manchester Utd,2,38,38,3420,38.0,44,1.16,135,96,70.4,21,11,6,13,34.2,4,4,0,0,0.0,Premier League,2020-2021,29078730489839024
58,Marseille,2,38,38,3420,38.0,47,1.24,131,87,66.4,16,12,10,8,21.1,3,3,0,0,0.0,Ligue 1,2020-2021,66190039714113630
59,Metz,2,38,38,3419,38.0,49,1.29,137,100,73.0,12,11,15,8,21.1,13,12,1,0,7.7,Ligue 1,2020-2021,14635757597311544
60,Milan,2,38,38,3420,38.0,41,1.08,131,94,71.0,24,7,7,14,36.8,5,3,1,1,25.0,Serie A,2020-2021,59378513948613436
61,Monaco,3,38,38,3420,38.0,42,1.11,94,58,60.6,24,6,8,15,39.5,5,5,0,0,0.0,Ligue 1,2020-2021,79093238158793616
62,Montpellier,2,38,38,3418,38.0,62,1.63,187,136,73.3,14,12,12,5,13.2,12,12,0,0,0.0,Ligue 1,2020-2021,32434714471076965
63,Nantes,1,40,40,3420,38.0,55,1.45,158,113,71.5,9,13,16,5,12.5,13,10,2,1,16.7,Ligue 1,2020-2021,25802633648495862
64,Napoli,2,38,38,3420,38.0,41,1.08,118,83,69.5,24,5,9,14,36.8,5,5,0,0,0.0,Serie A,2020-2021,10516137814401134
65,Newcastle Utd,2,38,38,3420,38.0,62,1.63,179,123,67.6,12,9,17,7,18.4,5,4,1,0,20.0,Premier League,2020-2021,29528772732587842
66,Nice,1,38,38,3420,38.0,53,1.39,167,119,72.5,15,7,16,9,23.7,7,7,0,0,0.0,Ligue 1,2020-2021,11720969662561653
67,Nîmes,1,38,38,3420,38.0,71,1.87,192,125,66.1,9,8,21,8,21.1,10,6,3,1,33.3,Ligue 1,2020-2021,83514802313158576
68,Osasuna,3,38,38,3415,38.0,48,1.27,139,95,69.1,11,11,16,11,28.9,9,5,3,1,37.5,La Liga,2020-2021,83352675823776457
69,Paris S-G,3,38,38,3420,38.0,28,0.74,128,101,78.9,26,4,8,19,50.0,2,1,1,0,50.0,Ligue 1,2020-2021,11177590892093073
70,Parma,2,38,38,3420,38.0,83,2.18,186,106,57.0,3,11,24,5,13.2,3,3,0,0,0.0,Serie A,2020-2021,62695319081093388
71,RB Leipzig,2,34,34,3060,34.0,32,0.94,81,50,64.2,19,8,7,15,44.1,3,3,0,0,0.0,Bundesliga,2020-2021,68159208261559796
72,Real Madrid,1,38,38,3420,38.0,28,0.74,111,90,81.1,25,9,4,17,44.7,9,7,2,0,22.2,La Liga,2020-2021,29627131003986350
73,Real Sociedad,1,38,38,3420,38.0,38,1.0,100,66,65.0,17,11,10,14,36.8,5,3,1,1,25.0,La Liga,2020-2021,57299950304530590
74,Reims,2,38,38,3420,38.0,50,1.32,162,118,72.2,9,15,14,10,26.3,8,5,2,1,28.6,Ligue 1,2020-2021,67732085073987538
75,Rennes,3,38,38,3420,38.0,40,1.05,128,90,71.1,16,10,12,10,26.3,4,3,0,1,0.0,Ligue 1,2020-2021,96819424452761337
76,Roma,3,38,38,3420,38.0,55,1.45,161,113,68.9,18,8,11,11,28.9,6,5,1,0,16.7,Serie A,2020-2021,764736481564168
77,Saint-Étienne,3,38,38,3420,38.0,54,1.42,128,79,62.5,12,10,16,12,31.6,9,6,1,2,14.3,Ligue 1,2020-2021,56226069621228236
78,Sampdoria,2,38,38,3420,38.0,54,1.42,166,118,71.7,15,7,16,7,18.4,9,7,2,0,22.2,Serie A,2020-2021,89407679695143145
79,Sassuolo,2,38,38,3420,38.0,56,1.47,181,128,71.3,17,11,10,8,21.1,5,4,1,0,20.0,Serie A,2020-2021,79200252522790650
80,Schalke 04,3,34,34,3060,34.0,86,2.53,227,153,65.2,3,7,24,4,11.8,8,7,1,0,12.5,Bundesliga,2020-2021,24345039935475884
81,Sevilla,2,38,38,3420,38.0,33,0.87,114,87,74.6,24,5,9,17,44.7,6,4,2,0,33.3,La Liga,2020-2021,22702270477938803
82,Sheffield Utd,1,38,38,3420,38.0,63,1.66,205,145,70.7,7,2,29,5,13.2,4,3,0,1,0.0,Premier League,2020-2021,93216768512646707
83,Southampton,2,38,38,3420,38.0,68,1.79,169,109,64.5,12,7,19,9,23.7,9,8,1,0,11.1,Premier League,2020-2021,21037626007536306
84,Spezia,3,38,38,3420,38.0,72,1.89,169,105,62.7,9,12,17,5,13.2,10,9,1,0,10.0,Serie A,2020-2021,41730244034743257
85,Strasbourg,3,38,38,3420,38.0,58,1.53,147,95,64.6,11,9,18,10,26.3,8,6,1,1,14.3,Ligue 1,2020-2021,92234479374253707
86,Stuttgart,2,34,34,3060,34.0,55,1.62,164,113,69.5,12,9,13,5,14.7,7,5,2,0,28.6,Bundesliga,2020-2021,81761661302668293
87,Torino,3,38,38,3420,38.0,69,1.82,151,90,60.3,7,16,15,8,21.1,10,9,0,1,0.0,Serie A,2020-2021,21846272194836439
88,Tottenham,1,38,38,3420,38.0,45,1.18,144,111,75.7,18,8,12,12,31.6,10,10,0,0,0.0,Premier League,2020-2021,22006624071753704
89,Udinese,4,38,38,3420,38.0,58,1.53,150,106,70.7,10,10,18,8,21.1,14,14,0,0,0.0,Serie A,2020-2021,48393495896639342
90,Union Berlin,2,34,34,3060,34.0,43,1.26,128,89,69.5,12,14,8,7,20.6,5,4,1,0,20.0,Bundesliga,2020-2021,71630543971501382
91,Valencia,2,38,38,3420,38.0,53,1.39,169,119,71.6,10,13,15,7,18.4,8,5,3,0,37.5,La Liga,2020-2021,65158650443085242
92,Valladolid,2,38,38,3420,38.0,57,1.5,155,102,67.1,5,16,17,3,7.9,7,6,0,1,0.0,La Liga,2020-2021,44089518275887893
93,Villarreal,2,38,38,3420,38.0,45,1.18,122,87,68.9,15,13,10,10,26.3,9,7,1,1,12.5,La Liga,2020-2021,63335634096533483
94,Werder Bremen,1,34,34,3060,34.0,57,1.68,150,100,64.7,7,10,17,6,17.6,6,4,2,0,33.3,Bundesliga,2020-2021,59303898890876434
95,West Brom,2,38,38,3420,38.0,76,2.0,235,166,70.6,5,11,22,6,15.8,12,7,2,3,22.2,Premier League,2020-2021,26775906631723373
96,West Ham,2,38,38,3420,38.0,47,1.24,143,102,69.2,19,8,11,11,28.9,6,3,2,1,40.0,Premier League,2020-2021,57680956417459581
97,Wolfsburg,2,34,34,3060,34.0,37,1.09,115,81,70.4,17,10,7,14,41.2,5,3,2,0,40.0,Bundesliga,2020-2021,85159484018358879
98,Wolves,2,38,38,3420,38.0,52,1.37,144,99,68.8,12,9,17,10,26.3,8,7,1,0,12.5,Premier League,2020-2021,24001928852251903
1,Alavés,3,38,38,3418,38.0,59,1.55,147,98,68.0,10,9,19,9,23.7,15,12,3,0,20.0,La Liga,2019-2020,37745278530914180
2,Amiens,1,28,28,2520,28.0,50,1.79,140,92,65.0,4,11,13,5,17.9,1,1,0,0,0.0,Ligue 1,2019-2020,20069478421376018
3,Angers,2,28,28,2520,28.0,33,1.18,85,56,64.7,11,6,11,12,42.9,3,3,0,0,0.0,Ligue 1,2019-2020,66587352409382849
4,Arsenal,2,38,38,3420,38.0,48,1.26,189,143,78.3,14,14,10,10,26.3,8,7,1,0,12.5,Premier League,2019-2020,5838645288327307
5,Aston Villa,4,38,38,3420,38.0,67,1.76,175,113,64.6,9,8,21,7,18.4,6,5,1,0,16.7,Premier League,2019-2020,14348480492050895
6,Atalanta,3,38,38,3420,38.0,48,1.26,133,92,68.4,23,9,6,10,26.3,6,6,0,0,0.0,Serie A,2019-2020,87465877057901989
7,Athletic Club,2,38,38,3416,38.0,38,1.0,121,87,72.7,13,12,13,12,31.6,7,5,0,2,0.0,La Liga,2019-2020,4823083458145023
8,Atlético Madrid,2,38,38,3420,38.0,27,0.71,106,83,77.4,18,16,4,17,44.7,4,3,0,1,0.0,La Liga,2019-2020,74713976168286555
9,Augsburg,2,34,34,3060,34.0,63,1.85,157,95,59.9,9,9,16,7,20.6,1,0,1,0,100.0,Bundesliga,2019-2020,82828683183786310
10,Barcelona,2,38,38,3420,38.0,38,1.0,113,79,71.7,25,7,6,15,39.5,7,6,1,0,14.3,La Liga,2019-2020,81744823723090567
11,Bayern Munich,2,34,34,3060,34.0,32,0.94,114,86,74.6,26,4,4,15,44.1,4,3,1,0,25.0,Bundesliga,2019-2020,7510926916741648
12,Betis,2,38,38,3418,38.0,60,1.58,144,94,66.0,10,11,17,6,15.8,11,11,0,0,0.0,La Liga,2019-2020,9423348454032625
13,Bologna,2,38,38,3420,38.0,65,1.71,182,123,67.6,12,11,15,2,5.3,8,6,1,1,14.3,Serie A,2019-2020,23275147453355121
14,Bordeaux,1,28,28,2520,28.0,34,1.21,106,75,69.8,9,10,9,6,21.4,3,2,1,0,33.3,Ligue 1,2019-2020,12683680850395737
15,Bournemouth,2,38,38,3420,38.0,65,1.71,182,122,67.0,9,7,22,5,13.2,6,5,1,0,16.7,Premier League,2019-2020,36088947257895306
16,Brescia,3,38,38,3420,38.0,79,2.08,228,158,69.3,6,7,25,6,15.8,11,9,1,1,10.0,Serie A,2019-2020,24926529561002350
17,Brest,2,28,28,2520,28.0,37,1.32,138,103,76.1,8,10,10,8,28.6,6,4,1,1,20.0,Ligue 1,2019-2020,27328509848090670
18,Brighton,1,38,38,3420,38.0,54,1.42,164,114,68.3,9,14,15,9,23.7,2,2,0,0,0.0,Premier League,2019-2020,49072214318111932
19,Burnley,1,38,38,3420,38.0,50,1.32,159,112,71.1,15,9,14,15,39.5,5,4,1,0,20.0,Premier League,2019-2020,21823480134907726
20,Cagliari,3,38,38,3418,38.0,56,1.47,184,135,73.4,11,12,15,7,18.4,9,7,1,1,12.5,Serie A,2019-2020,32968728316179674
21,Celta Vigo,3,38,38,3420,38.0,49,1.29,141,96,68.8,7,16,15,12,31.6,5,5,0,0,0.0,La Liga,2019-2020,14218303985450920
22,Chelsea,2,38,38,3420,38.0,54,1.42,115,65,54.8,20,6,12,9,23.7,2,2,0,0,0.0,Premier League,2019-2020,58172670324373785
23,Crystal Palace,2,38,38,3420,38.0,50,1.32,169,120,70.4,11,10,17,10,26.3,1,0,0,1,0.0,Premier League,2019-2020,15352059381074619
24,Dijon,2,28,28,2520,28.0,37,1.32,129,94,72.1,7,9,12,6,21.4,1,1,0,0,0.0,Ligue 1,2019-2020,59239312409540653
25,Dortmund,2,34,34,3060,34.0,41,1.21,100,65,62.0,21,6,7,15,44.1,3,3,0,0,0.0,Bundesliga,2019-2020,6921931827204601
26,Düsseldorf,2,34,34,3060,34.0,67,1.97,171,111,62.6,6,12,16,4,11.8,5,3,2,0,40.0,Bundesliga,2019-2020,6414184432322702
27,Eibar,2,38,38,3420,38.0,56,1.47,127,76,59.1,11,9,18,11,28.9,6,4,2,0,33.3,La Liga,2019-2020,67267904110326262
28,Eint Frankfurt,3,34,34,3060,34.0,60,1.76,172,117,66.9,13,6,15,5,14.7,3,3,0,0,0.0,Bundesliga,2019-2020,37929111009288632
29,Espanyol,2,38,38,3412,38.0,58,1.53,157,105,66.9,5,10,23,6,15.8,7,6,1,0,14.3,La Liga,2019-2020,71314269182841176
30,Everton,1,38,38,3420,38.0,56,1.47,145,95,63.4,13,10,15,9,23.7,4,3,0,1,0.0,Premier League,2019-2020,57482013681231466
31,Fiorentina,3,38,38,3420,38.0,48,1.26,150,110,74.0,12,13,13,11,28.9,11,9,2,0,18.2,Serie A,2019-2020,24325362613855847
32,Freiburg,3,34,34,3060,34.0,47,1.38,188,140,76.6,13,9,12,7,20.6,4,3,0,1,0.0,Bundesliga,2019-2020,17577284562417651
33,Genoa,2,38,38,3420,38.0,73,1.92,188,124,64.9,10,9,19,7,18.4,9,7,0,2,0.0,Serie A,2019-2020,87033800759594150
34,Getafe,1,38,38,3420,38.0,37,0.97,102,70,68.6,14,12,12,15,39.5,6,5,1,0,16.7,La Liga,2019-2020,23789167582387071
35,Granada,2,38,38,3420,38.0,45,1.18,149,107,72.5,16,8,14,13,34.2,5,4,1,0,20.0,La Liga,2019-2020,45137124328012624
36,Hellas Verona,2,38,38,3420,38.0,51,1.34,161,115,73.9,12,13,13,10,26.3,9,9,0,0,0.0,Serie A,2019-2020,45227680351245381
37,Hertha BSC,3,34,34,3058,34.0,59,1.74,162,112,67.9,11,8,15,9,26.5,7,7,0,0,0.0,Bundesliga,2019-2020,59737400018465050
38,Hoffenheim,2,34,34,3060,34.0,53,1.56,163,117,71.2,15,7,12,8,23.5,8,6,2,0,25.0,Bundesliga,2019-2020,29322720181807625
39,Inter,2,38,38,3420,38.0,36,0.95,114,82,71.1,24,10,4,14,36.8,4,3,1,0,25.0,Serie A,2019-2020,53198597771575973
40,Juventus,3,38,38,3420,38.0,43,1.13,152,118,77.6,26,5,7,12,31.6,12,9,1,2,10.0,Serie A,2019-2020,19371054131726661
41,Köln,1,34,34,3060,34.0,69,2.03,152,87,57.2,10,6,18,6,17.6,6,4,2,0,33.3,Bundesliga,2019-2020,39731782814123330
42,Lazio,1,38,38,3420,38.0,42,1.11,145,111,75.9,24,6,8,11,28.9,9,7,1,1,12.5,Serie A,2019-2020,90751438076496109
43,Lecce,2,38,38,3420,38.0,85,2.24,244,172,69.7,9,8,21,3,7.9,13,11,2,0,15.4,Serie A,2019-2020,92912790925867566
44,Leganés,2,38,38,3419,38.0,51,1.34,133,89,66.2,8,12,18,9,23.7,7,6,1,0,14.3,La Liga,2019-2020,20237473683555152
45,Leicester City,1,38,38,3420,38.0,41,1.08,126,95,73.8,18,8,12,13,34.2,10,8,2,0,20.0,Premier League,2019-2020,18776461863573874
46,Levante,2,38,38,3420,38.0,53,1.39,211,160,76.3,14,7,17,6,15.8,7,3,3,1,50.0,La Liga,2019-2020,1566092639264277
47,Leverkusen,1,34,34,3060,34.0,44,1.29,137,92,69.3,19,6,9,10,29.4,2,2,0,0,0.0,Bundesliga,2019-2020,36794408106212849
48,Lille,1,28,28,2520,28.0,27,0.96,78,58,70.5,15,4,9,12,42.9,6,4,1,1,20.0,Ligue 1,2019-2020,85603837513355486
49,Liverpool,2,38,38,3418,38.0,33,0.87,107,75,70.1,32,3,3,15,39.5,1,1,0,0,0.0,Premier League,2019-2020,41956650829873911
50,Lyon,2,28,28,2520,28.0,27,0.96,96,73,74.0,11,7,10,9,32.1,3,2,0,1,0.0,Ligue 1,2019-2020,87005642993871754
51,M'Gladbach,1,34,34,3060,34.0,40,1.18,152,110,74.3,20,5,9,7,20.6,2,1,1,0,50.0,Bundesliga,2019-2020,81611584009946193
52,Mainz 05,2,34,34,3060,34.0,65,1.91,177,116,65.0,11,4,19,5,14.7,5,3,2,0,40.0,Bundesliga,2019-2020,71158960989778912
53,Mallorca,3,38,38,3420,38.0,65,1.71,174,123,71.3,9,6,23,5,13.2,16,15,1,0,6.3,La Liga,2019-2020,96459977719332900
54,Manchester City,2,38,38,3418,38.0,35,0.92,107,73,70.1,26,3,9,17,44.7,3,3,0,0,0.0,Premier League,2019-2020,74026506610392765
55,Manchester Utd,1,38,38,3420,38.0,36,0.95,125,92,73.6,18,12,8,13,34.2,3,3,0,0,0.0,Premier League,2019-2020,29078730489839024
56,Marseille,2,28,28,2520,28.0,29,1.04,97,75,74.2,16,8,4,11,39.3,5,4,1,0,20.0,Ligue 1,2019-2020,66190039714113630
57,Metz,2,28,28,2520,28.0,35,1.25,132,101,76.5,8,10,10,8,28.6,4,4,0,0,0.0,Ligue 1,2019-2020,14635757597311544
58,Milan,3,38,38,3420,38.0,46,1.21,145,105,71.7,19,9,10,12,31.6,10,5,5,0,50.0,Serie A,2019-2020,59378513948613436
59,Monaco,1,28,28,2520,28.0,44,1.57,132,95,71.2,11,7,10,7,25.0,6,6,0,0,0.0,Ligue 1,2019-2020,79093238158793616
60,Montpellier,3,28,28,2517,28.0,34,1.22,126,97,75.4,11,7,10,8,28.6,5,3,1,1,25.0,Ligue 1,2019-2020,32434714471076965
61,Nantes,2,28,28,2520,28.0,31,1.11,97,69,71.1,11,4,13,10,35.7,6,3,2,1,40.0,Ligue 1,2019-2020,25802633648495862
62,Napoli,2,38,38,3420,38.0,50,1.32,129,82,66.7,18,8,12,7,18.4,8,7,1,0,12.5,Serie A,2019-2020,10516137814401134
63,Newcastle Utd,1,38,38,3420,38.0,58,1.53,190,134,70.5,11,11,16,11,28.9,2,2,0,0,0.0,Premier League,2019-2020,29528772732587842
64,Nice,2,28,28,2520,28.0,38,1.36,135,104,75.6,11,8,9,4,14.3,7,5,1,1,16.7,Ligue 1,2019-2020,11720969662561653
65,Nîmes,2,28,28,2520,28.0,44,1.57,120,81,66.7,7,6,15,7,25.0,4,4,0,0,0.0,Ligue 1,2019-2020,83514802313158576
66,Norwich City,3,38,38,3420,38.0,75,1.97,201,129,64.7,5,6,27,5,13.2,7,4,3,0,42.9,Premier League,2019-2020,42809968147687487
67,Osasuna,3,38,38,3418,38.0,54,1.42,138,87,64.5,13,13,12,11,28.9,5,5,0,0,0.0,La Liga,2019-2020,83352675823776457
68,Paderborn 07,2,34,34,3060,34.0,74,2.18,179,111,60.9,4,8,22,5,14.7,5,4,1,0,20.0,Bundesliga,2019-2020,13210847894253626
69,Paris S-G,4,27,27,2430,27.0,24,0.89,82,57,70.7,22,2,3,14,51.9,0,0,0,0,0.0,Ligue 1,2019-2020,11177590892093073
70,Parma,2,38,38,3420,38.0,57,1.5,201,148,75.1,14,7,17,6,15.8,11,7,3,1,30.0,Serie A,2019-2020,62695319081093388
71,RB Leipzig,2,34,34,3060,34.0,37,1.09,122,84,71.3,18,12,4,10,29.4,2,2,0,0,0.0,Bundesliga,2019-2020,68159208261559796
72,Real Madrid,2,38,38,3420,38.0,25,0.66,108,84,78.7,26,9,3,19,50.0,2,2,0,0,0.0,La Liga,2019-2020,29627131003986350
73,Real Sociedad,2,38,38,3420,38.0,48,1.26,138,98,70.3,16,8,14,9,23.7,9,7,1,1,12.5,La Liga,2019-2020,57299950304530590
74,Reims,2,28,28,2520,28.0,21,0.75,87,66,78.2,10,11,7,12,42.9,6,2,3,1,60.0,Ligue 1,2019-2020,67732085073987538
75,Rennes,2,28,28,2520,28.0,24,0.86,92,72,77.2,15,5,8,10,35.7,5,3,2,0,40.0,Ligue 1,2019-2020,96819424452761337
76,Roma,3,38,38,3420,38.0,51,1.34,146,101,71.2,21,7,10,7,18.4,10,9,1,0,10.0,Serie A,2019-2020,764736481564168
77,Saint-Étienne,3,28,28,2520,28.0,45,1.61,116,75,65.5,8,6,14,5,17.9,6,5,0,1,0.0,Ligue 1,2019-2020,56226069621228236
78,Sampdoria,2,38,38,3420,38.0,65,1.71,173,118,67.1,12,6,20,9,23.7,9,8,0,1,0.0,Serie A,2019-2020,89407679695143145
79,Sassuolo,3,38,38,3420,38.0,63,1.66,177,124,68.9,14,9,15,7,18.4,9,8,1,0,11.1,Serie A,2019-2020,79200252522790650
80,Schalke 04,2,34,34,3057,34.0,58,1.71,166,114,68.7,9,12,13,7,20.6,6,6,0,0,0.0,Bundesliga,2019-2020,24345039935475884
81,Sevilla,2,38,38,3420,38.0,34,0.89,116,86,73.3,19,13,6,17,44.7,4,3,1,0,25.0,La Liga,2019-2020,22702270477938803
82,Sheffield Utd,2,38,38,3420,38.0,39,1.03,141,103,73.0,14,12,12,13,34.2,3,1,1,1,50.0,Premier League,2019-2020,93216768512646707
83,Southampton,2,38,38,3420,38.0,60,1.58,163,107,65.0,15,7,16,9,23.7,4,3,1,0,25.0,Premier League,2019-2020,21037626007536306
84,SPAL,3,38,38,3420,38.0,74,1.95,222,155,69.8,5,5,28,3,7.9,8,7,1,0,12.5,Serie A,2019-2020,73622612860183040
85,Strasbourg,1,27,27,2430,27.0,32,1.19,95,67,72.6,11,5,11,8,29.6,7,6,1,0,14.3,Ligue 1,2019-2020,92234479374253707
86,Torino,3,38,38,3420,38.0,68,1.79,199,142,70.9,11,7,20,7,18.4,11,10,1,0,9.1,Serie A,2019-2020,21846272194836439
87,Tottenham,2,38,38,3420,38.0,47,1.24,172,130,75.6,16,11,11,8,21.1,7,5,2,0,28.6,Premier League,2019-2020,22006624071753704
88,Toulouse,3,28,28,2520,28.0,58,2.07,140,86,60.7,3,4,21,3,10.7,5,3,2,0,40.0,Ligue 1,2019-2020,94523000561782573
89,Udinese,1,38,38,3420,38.0,51,1.34,186,139,76.9,12,9,17,14,36.8,10,8,2,0,20.0,Serie A,2019-2020,48393495896639342
90,Union Berlin,2,34,34,3060,34.0,58,1.71,168,113,67.3,12,5,17,8,23.5,4,3,1,0,25.0,Bundesliga,2019-2020,71630543971501382
91,Valencia,2,38,38,3420,38.0,53,1.39,182,136,74.7,14,11,13,8,21.1,9,7,2,0,22.2,La Liga,2019-2020,65158650443085242
92,Valladolid,3,38,38,3420,38.0,43,1.13,134,98,73.1,9,15,14,12,31.6,8,7,1,0,12.5,La Liga,2019-2020,44089518275887893
93,Villarreal,2,38,38,3420,38.0,49,1.29,159,120,74.2,18,6,14,12,31.6,9,8,1,0,11.1,La Liga,2019-2020,63335634096533483
94,Watford,1,38,38,3420,38.0,64,1.68,166,109,66.3,8,10,20,9,23.7,9,8,1,0,11.1,Premier League,2019-2020,73743918793554398
95,Werder Bremen,2,34,34,3060,34.0,69,2.03,175,109,61.1,8,7,19,4,11.8,1,1,0,0,0.0,Bundesliga,2019-2020,59303898890876434
96,West Ham,4,38,38,3420,38.0,62,1.63,178,124,68.0,10,9,19,7,18.4,6,5,1,0,16.7,Premier League,2019-2020,57680956417459581
97,Wolfsburg,2,34,34,3060,34.0,46,1.35,140,98,70.7,13,10,11,8,23.5,5,5,0,0,0.0,Bundesliga,2019-2020,85159484018358879
98,Wolves,1,38,38,3420,38.0,40,1.05,120,80,67.5,15,14,9,13,34.2,3,1,2,0,66.7,Premier League,2019-2020,24001928852251903
1,Alavés,2,38,38,3420,38.0,50,1.32,159,115,72.3,13,11,14,8,21.1,6,6,0,0,0.0,La Liga,2018-2019,37745278530914180
2,Amiens,1,38,38,3420,38.0,54,1.42,155,109,69.0,9,11,18,11,28.9,9,6,2,1,25.0,Ligue 1,2018-2019,20069478421376018
3,Angers,2,38,38,3419,38.0,49,1.29,160,115,71.3,10,16,12,13,34.2,5,3,2,0,40.0,Ligue 1,2018-2019,66587352409382849
4,Arsenal,2,38,38,3420,38.0,51,1.34,172,129,74.4,21,7,10,8,21.1,7,7,0,0,0.0,Premier League,2018-2019,5838645288327307
5,Atalanta,3,38,38,3420,38.0,46,1.21,132,93,68.2,20,9,9,9,23.7,5,4,0,1,0.0,Serie A,2018-2019,87465877057901989
6,Athletic Club,2,38,38,3420,38.0,45,1.18,116,76,65.5,13,14,11,10,26.3,5,5,0,0,0.0,La Liga,2018-2019,4823083458145023
7,Atlético Madrid,2,38,38,3420,38.0,29,0.76,130,108,81.5,22,10,6,20,52.6,5,5,0,0,0.0,La Liga,2018-2019,74713976168286555
8,Augsburg,3,34,34,3060,34.0,71,2.09,180,111,61.1,8,8,18,5,14.7,2,1,1,0,50.0,Bundesliga,2018-2019,82828683183786310
9,Barcelona,2,38,38,3420,38.0,36,0.95,129,96,73.6,26,9,3,17,44.7,2,2,0,0,0.0,La Liga,2018-2019,81744823723090567
10,Bayern Munich,2,34,34,3060,34.0,32,0.94,71,45,62.0,24,6,4,12,35.3,6,5,0,1,0.0,Bundesliga,2018-2019,7510926916741648
11,Betis,2,38,38,3420,38.0,52,1.37,156,108,69.2,14,8,16,11,28.9,5,4,1,0,20.0,La Liga,2018-2019,9423348454032625
12,Bologna,1,38,38,3420,38.0,56,1.47,173,121,69.9,11,11,16,10,26.3,4,4,0,0,0.0,Serie A,2018-2019,23275147453355121
13,Bordeaux,2,38,38,3420,38.0,42,1.11,147,111,75.5,10,11,17,10,26.3,7,6,1,0,14.3,Ligue 1,2018-2019,12683680850395737
14,Bournemouth,3,38,38,3420,38.0,70,1.84,167,103,61.1,13,6,19,10,26.3,5,5,0,0,0.0,Premier League,2018-2019,36088947257895306
15,Brighton,2,38,38,3420,38.0,60,1.58,157,106,68.2,9,9,20,7,18.4,10,10,0,0,0.0,Premier League,2018-2019,49072214318111932
16,Burnley,2,38,38,3420,38.0,68,1.79,197,134,66.5,11,7,20,8,21.1,3,2,1,0,33.3,Premier League,2018-2019,21823480134907726
17,Caen,1,38,38,3420,38.0,54,1.42,182,134,73.6,7,12,19,9,23.7,8,6,2,0,25.0,Ligue 1,2018-2019,21277886218272520
18,Cagliari,1,38,38,3420,38.0,54,1.42,195,147,76.4,10,11,17,7,18.4,10,8,2,0,20.0,Serie A,2018-2019,32968728316179674
19,Cardiff City,1,38,38,3420,38.0,69,1.82,201,135,67.7,10,4,24,10,26.3,7,4,3,0,42.9,Premier League,2018-2019,69924771535350567
20,Celta Vigo,2,38,38,3420,38.0,62,1.63,163,108,65.6,10,11,17,8,21.1,7,6,0,1,0.0,La Liga,2018-2019,14218303985450920
21,Chelsea,2,38,38,3420,38.0,39,1.03,120,81,68.3,21,9,8,16,42.1,2,1,1,0,50.0,Premier League,2018-2019,58172670324373785
22,Chievo,3,38,38,3420,38.0,75,1.97,210,139,65.2,2,14,22,7,18.4,4,2,2,0,50.0,Serie A,2018-2019,83748145049842906
23,Crystal Palace,3,38,38,3420,38.0,53,1.39,158,107,69.0,14,7,17,12,31.6,5,4,1,0,20.0,Premier League,2018-2019,15352059381074619
24,Dijon,2,38,38,3420,38.0,61,1.61,170,113,65.9,9,7,22,6,15.8,3,3,0,0,0.0,Ligue 1,2018-2019,59239312409540653
25,Dortmund,2,34,34,3060,34.0,44,1.29,130,89,69.2,23,7,4,10,29.4,5,4,0,1,0.0,Bundesliga,2018-2019,6921931827204601
26,Düsseldorf,2,34,34,3060,34.0,65,1.91,173,113,66.5,13,5,16,5,14.7,7,7,0,0,0.0,Bundesliga,2018-2019,6414184432322702
27,Eibar,2,38,38,3420,38.0,50,1.32,126,80,62.7,11,14,13,9,23.7,4,3,1,0,25.0,La Liga,2018-2019,67267904110326262
28,Eint Frankfurt,2,34,34,3060,34.0,48,1.41,167,121,71.9,15,9,10,9,26.5,1,1,0,0,0.0,Bundesliga,2018-2019,37929111009288632
29,Empoli,3,38,38,3420,38.0,70,1.84,226,164,71.7,10,8,20,5,13.2,8,6,1,1,14.3,Serie A,2018-2019,77726683749984272
30,Espanyol,1,38,38,3420,38.0,50,1.32,156,114,71.8,14,11,13,10,26.3,8,6,2,0,25.0,La Liga,2018-2019,71314269182841176
31,Everton,1,38,38,3420,38.0,46,1.21,130,87,66.2,15,9,14,14,36.8,5,2,3,0,60.0,Premier League,2018-2019,57482013681231466
32,Fiorentina,3,38,38,3420,38.0,45,1.18,136,98,70.6,8,17,13,9,23.7,6,5,1,0,16.7,Serie A,2018-2019,24325362613855847
33,Freiburg,2,34,34,3060,34.0,61,1.79,167,112,67.7,8,12,14,5,14.7,7,7,0,0,0.0,Bundesliga,2018-2019,17577284562417651
34,Frosinone,2,38,38,3420,38.0,69,1.82,209,146,69.4,5,10,23,9,23.7,5,5,0,0,0.0,Serie A,2018-2019,87953309350363757
35,Fulham,3,38,38,3420,38.0,81,2.13,221,144,65.6,7,5,26,5,13.2,7,5,1,1,16.7,Premier League,2018-2019,19227944656237519
36,Genoa,3,38,38,3420,38.0,57,1.5,163,112,68.1,8,14,16,7,18.4,6,5,1,0,16.7,Serie A,2018-2019,87033800759594150
37,Getafe,2,38,38,3420,38.0,35,0.92,128,100,75.8,15,14,9,13,34.2,7,4,2,1,33.3,La Liga,2018-2019,23789167582387071
38,Girona,2,38,38,3420,38.0,53,1.39,198,155,77.3,9,10,19,9,23.7,8,8,0,0,0.0,La Liga,2018-2019,12545195302828957
39,Guingamp,2,38,38,3420,38.0,68,1.79,163,97,60.1,5,12,21,10,26.3,6,3,2,1,40.0,Ligue 1,2018-2019,16872092436156260
40,Hannover 96,3,34,34,3060,34.0,72,2.12,220,156,70.0,5,6,23,5,14.7,7,6,1,0,14.3,Bundesliga,2018-2019,10121335889457780
41,Hertha BSC,2,34,34,3060,34.0,57,1.68,154,102,65.6,11,10,13,9,26.5,6,4,1,1,20.0,Bundesliga,2018-2019,59737400018465050
42,Hoffenheim,2,34,34,3060,34.0,52,1.53,165,120,72.7,13,12,9,5,14.7,8,7,1,0,12.5,Bundesliga,2018-2019,29322720181807625
43,Huddersfield,3,38,38,3420,38.0,76,2.0,177,108,61.0,3,7,28,5,13.2,8,7,1,0,12.5,Premier League,2018-2019,70397411865897550
44,Huesca,3,38,38,3420,38.0,65,1.71,167,112,66.5,7,12,19,6,15.8,9,9,0,0,0.0,La Liga,2018-2019,16593090704373522
45,Inter,1,38,38,3420,38.0,33,0.87,128,101,76.6,20,9,9,17,44.7,5,3,0,2,0.0,Serie A,2018-2019,53198597771575973
46,Juventus,3,38,38,3420,38.0,30,0.79,107,79,73.8,28,6,4,16,42.1,4,2,1,1,33.3,Serie A,2018-2019,19371054131726661
47,Lazio,3,38,38,3420,38.0,46,1.21,147,107,72.1,17,8,13,10,26.3,7,5,2,0,28.6,Serie A,2018-2019,90751438076496109
48,Leganés,2,38,38,3420,38.0,43,1.13,129,89,69.0,11,12,15,11,28.9,4,3,1,0,25.0,La Liga,2018-2019,20237473683555152
49,Leicester City,1,38,38,3420,38.0,48,1.26,135,92,68.1,15,7,16,10,26.3,5,5,0,0,0.0,Premier League,2018-2019,18776461863573874
50,Levante,3,38,38,3420,38.0,66,1.74,216,161,73.1,11,11,16,7,18.4,9,8,1,0,11.1,La Liga,2018-2019,1566092639264277
51,Leverkusen,2,34,34,3060,34.0,54,1.59,137,91,63.5,18,4,12,9,26.5,6,4,2,0,33.3,Bundesliga,2018-2019,36794408106212849
52,Lille,1,38,38,3420,38.0,34,0.89,118,91,76.3,22,9,7,15,39.5,10,6,2,2,25.0,Ligue 1,2018-2019,85603837513355486
53,Liverpool,1,38,38,3420,38.0,22,0.58,96,74,77.1,30,7,1,21,55.3,1,0,0,1,0.0,Premier League,2018-2019,41956650829873911
54,Lyon,2,38,38,3420,38.0,47,1.24,146,107,71.2,21,9,8,10,26.3,5,5,0,0,0.0,Ligue 1,2018-2019,87005642993871754
55,M'Gladbach,1,34,34,3060,34.0,43,1.26,154,115,74.0,16,7,11,13,38.2,3,3,0,0,0.0,Bundesliga,2018-2019,81611584009946193
56,Mainz 05,2,34,34,3060,34.0,57,1.68,169,115,68.0,12,7,15,7,20.6,4,3,0,1,0.0,Bundesliga,2018-2019,71158960989778912
57,Manchester City,1,38,38,3420,38.0,23,0.61,76,57,75.0,32,2,4,20,52.6,4,4,0,0,0.0,Premier League,2018-2019,74026506610392765
58,Manchester Utd,1,38,38,3420,38.0,54,1.42,169,124,71.6,19,9,10,7,18.4,6,6,0,0,0.0,Premier League,2018-2019,29078730489839024
59,Marseille,2,38,38,3416,38.0,53,1.4,130,88,66.9,18,7,13,12,31.6,12,10,2,0,16.7,Ligue 1,2018-2019,66190039714113630
60,Milan,2,38,38,3420,38.0,36,0.95,133,102,75.9,19,11,8,12,31.6,5,4,1,0,20.0,Serie A,2018-2019,59378513948613436
61,Monaco,3,38,38,3420,38.0,57,1.5,142,92,63.4,8,12,18,8,21.1,8,5,3,0,37.5,Ligue 1,2018-2019,79093238158793616
62,Montpellier,2,38,38,3420,38.0,42,1.11,137,101,71.5,15,14,9,12,31.6,5,3,1,1,25.0,Ligue 1,2018-2019,32434714471076965
63,Nantes,3,38,38,3420,38.0,48,1.26,126,83,65.1,13,9,16,8,21.1,8,4,4,0,50.0,Ligue 1,2018-2019,25802633648495862
64,Napoli,3,38,38,3417,38.0,36,0.95,135,103,76.3,24,7,7,14,36.8,4,4,0,0,0.0,Serie A,2018-2019,10516137814401134
65,Newcastle Utd,1,38,38,3420,38.0,48,1.26,136,95,69.1,12,9,17,11,28.9,6,6,0,0,0.0,Premier League,2018-2019,29528772732587842
66,Nice,2,38,38,3420,38.0,35,0.92,153,122,79.1,15,11,12,16,42.1,6,3,3,0,50.0,Ligue 1,2018-2019,11720969662561653
67,Nîmes,1,38,38,3420,38.0,58,1.53,177,122,69.5,15,8,15,10,26.3,5,4,1,0,20.0,Ligue 1,2018-2019,83514802313158576
68,Nürnberg,2,34,34,3060,34.0,68,2.0,176,107,62.5,3,10,21,4,11.8,4,2,1,1,33.3,Bundesliga,2018-2019,10689243141507842
69,Paris S-G,2,38,38,3420,38.0,35,0.92,124,98,75.8,29,4,5,17,44.7,6,5,1,0,16.7,Ligue 1,2018-2019,11177590892093073
70,Parma,2,38,38,3420,38.0,61,1.61,200,151,73.5,10,11,17,10,26.3,8,8,0,0,0.0,Serie A,2018-2019,62695319081093388
71,Rayo Vallecano,2,38,38,3420,38.0,70,1.84,174,113,63.8,8,8,22,7,18.4,11,7,4,0,36.4,La Liga,2018-2019,75203699329351977
72,RB Leipzig,2,34,34,3060,34.0,30,0.88,111,88,77.5,19,9,6,16,47.1,6,5,0,1,0.0,Bundesliga,2018-2019,68159208261559796
73,Real Madrid,3,38,38,3420,38.0,46,1.21,133,93,69.9,21,5,12,12,31.6,8,6,1,1,14.3,La Liga,2018-2019,29627131003986350
74,Real Sociedad,2,38,38,3420,38.0,46,1.21,141,99,68.8,13,11,14,9,23.7,3,2,1,0,33.3,La Liga,2018-2019,57299950304530590
75,Reims,1,38,38,3420,38.0,42,1.11,147,114,76.2,13,16,9,14,36.8,7,7,0,0,0.0,Ligue 1,2018-2019,67732085073987538
76,Rennes,2,38,38,3420,38.0,52,1.37,152,105,68.4,13,13,12,11,28.9,5,4,1,0,20.0,Ligue 1,2018-2019,96819424452761337
77,Roma,2,38,38,3420,38.0,48,1.26,160,115,72.5,18,12,8,10,26.3,7,4,1,2,20.0,Serie A,2018-2019,764736481564168
78,Saint-Étienne,2,38,38,3420,38.0,41,1.08,152,119,77.6,19,9,10,13,34.2,9,7,1,1,12.5,Ligue 1,2018-2019,56226069621228236
79,Sampdoria,2,38,38,3420,38.0,51,1.34,144,100,69.4,15,8,15,13,34.2,8,7,1,0,12.5,Serie A,2018-2019,89407679695143145
80,Sassuolo,2,38,38,3415,38.0,60,1.58,156,102,64.1,9,16,13,12,31.6,8,4,3,1,42.9,Serie A,2018-2019,79200252522790650
81,Schalke 04,2,34,34,3057,34.0,55,1.62,157,106,68.2,8,9,17,7,20.6,6,5,1,0,16.7,Bundesliga,2018-2019,24345039935475884
82,Sevilla,3,38,38,3419,38.0,47,1.24,145,105,71.7,17,8,13,11,28.9,7,6,1,0,14.3,La Liga,2018-2019,22702270477938803
83,Southampton,3,38,38,3420,38.0,65,1.71,170,110,62.9,9,12,17,7,18.4,3,2,1,0,33.3,Premier League,2018-2019,21037626007536306
84,SPAL,4,38,38,3417,38.0,56,1.47,174,122,70.7,11,9,18,10,26.3,5,5,0,0,0.0,Serie A,2018-2019,73622612860183040
85,Strasbourg,2,38,38,3420,38.0,48,1.26,152,112,73.0,11,16,11,9,23.7,9,7,2,0,22.2,Ligue 1,2018-2019,92234479374253707
86,Stuttgart,1,34,34,3060,34.0,70,2.06,178,114,61.8,7,7,20,6,17.6,3,2,0,1,0.0,Bundesliga,2018-2019,81761661302668293
87,Torino,2,38,38,3420,38.0,37,0.97,144,110,76.4,16,15,7,15,39.5,5,3,2,0,40.0,Serie A,2018-2019,21846272194836439
88,Tottenham,3,38,38,3420,38.0,39,1.03,147,112,75.5,23,2,13,13,34.2,5,3,2,0,40.0,Premier League,2018-2019,22006624071753704
89,Toulouse,2,38,38,3416,38.0,58,1.53,175,123,69.7,8,14,16,9,23.7,6,5,1,0,16.7,Ligue 1,2018-2019,94523000561782573
90,Udinese,2,38,38,3420,38.0,53,1.39,169,125,74.0,11,10,17,9,23.7,9,9,0,0,0.0,Serie A,2018-2019,48393495896639342
91,Valencia,2,38,38,3420,38.0,35,0.92,146,119,80.8,15,16,7,13,34.2,8,7,1,0,12.5,La Liga,2018-2019,65158650443085242
92,Valladolid,2,38,38,3420,38.0,51,1.34,151,108,70.2,10,11,17,9,23.7,9,6,3,0,33.3,La Liga,2018-2019,44089518275887893
93,Villarreal,2,38,38,3420,38.0,52,1.37,186,140,73.7,10,14,14,11,28.9,5,3,1,1,25.0,La Liga,2018-2019,63335634096533483
94,Watford,1,38,38,3420,38.0,59,1.55,170,114,67.6,14,8,16,7,18.4,5,4,1,0,20.0,Premier League,2018-2019,73743918793554398
95,Werder Bremen,3,34,34,3060,34.0,49,1.44,156,110,71.2,14,11,9,5,14.7,5,4,0,1,0.0,Bundesliga,2018-2019,59303898890876434
96,West Ham,1,38,38,3420,38.0,55,1.45,192,140,73.4,15,7,16,7,18.4,5,4,1,0,20.0,Premier League,2018-2019,57680956417459581
97,Wolfsburg,2,34,34,3060,34.0,50,1.47,162,115,71.6,16,7,11,9,26.5,6,4,1,1,20.0,Bundesliga,2018-2019,85159484018358879
98,Wolves,3,38,38,3420,38.0,46,1.21,139,98,69.1,16,9,13,9,23.7,4,3,0,1,0.0,Premier League,2018-2019,24001928852251903
1,Alavés,2,38,38,3420,38.0,50,1.32,177,136,75.7,15,2,21,12,31.6,11,7,3,1,30.0,La Liga,2017-2018,37745278530914180
2,Amiens,2,38,38,3420,38.0,42,1.11,184,146,79.3,12,9,17,11,28.9,4,4,0,0,0.0,Ligue 1,2017-2018,20069478421376018
3,Angers,3,38,38,3420,38.0,52,1.37,143,101,68.5,9,14,15,6,15.8,7,7,0,0,0.0,Ligue 1,2017-2018,66587352409382849
4,Arsenal,2,38,38,3420,38.0,51,1.34,142,94,67.6,19,6,13,13,34.2,6,5,1,0,16.7,Premier League,2017-2018,5838645288327307
5,Atalanta,3,38,38,3420,38.0,39,1.03,118,80,67.8,16,12,10,11,28.9,2,1,1,0,50.0,Serie A,2017-2018,87465877057901989
6,Athletic Club,2,38,38,3420,38.0,49,1.29,161,118,71.4,10,13,15,11,28.9,6,3,3,0,50.0,La Liga,2017-2018,4823083458145023
7,Atlético Madrid,2,38,38,3420,38.0,22,0.58,129,109,83.7,23,10,5,23,60.5,4,1,3,0,75.0,La Liga,2017-2018,74713976168286555
8,Augsburg,2,34,34,3060,34.0,46,1.35,165,121,73.3,10,11,13,9,26.5,3,2,1,0,33.3,Bundesliga,2017-2018,82828683183786310
9,Barcelona,2,38,38,3420,38.0,29,0.76,136,109,80.1,28,9,1,19,50.0,2,2,0,0,0.0,La Liga,2017-2018,81744823723090567
10,Bayern Munich,3,34,34,3060,34.0,28,0.82,93,69,71.0,27,3,4,16,47.1,5,1,4,0,80.0,Bundesliga,2017-2018,7510926916741648
11,Benevento,3,38,38,3418,38.0,89,2.34,203,130,61.1,6,3,29,4,10.5,13,10,0,3,0.0,Serie A,2017-2018,38159059008947812
12,Betis,3,38,38,3420,38.0,61,1.61,153,99,62.1,18,6,14,13,34.2,4,3,1,0,25.0,La Liga,2017-2018,9423348454032625
13,Bologna,3,38,38,3420,38.0,52,1.37,164,116,70.1,11,6,21,8,21.1,4,3,0,1,0.0,Serie A,2017-2018,23275147453355121
14,Bordeaux,2,38,38,3420,38.0,48,1.26,127,84,65.4,16,7,15,10,26.3,9,4,4,1,50.0,Ligue 1,2017-2018,12683680850395737
15,Bournemouth,1,38,38,3420,38.0,61,1.61,171,113,65.5,11,11,16,6,15.8,4,2,1,1,33.3,Premier League,2017-2018,36088947257895306
16,Brighton,1,38,38,3420,38.0,54,1.42,171,121,69.0,9,13,16,10,26.3,3,1,2,0,66.7,Premier League,2017-2018,49072214318111932
17,Burnley,2,38,38,3420,38.0,39,1.03,160,123,77.5,14,12,12,12,31.6,5,3,1,1,25.0,Premier League,2017-2018,21823480134907726
18,Caen,2,38,38,3420,38.0,52,1.37,151,108,68.9,10,8,20,13,34.2,5,5,0,0,0.0,Ligue 1,2017-2018,21277886218272520
19,Cagliari,3,38,38,3420,38.0,61,1.61,162,108,67.3,11,6,21,8,21.1,12,8,2,2,20.0,Serie A,2017-2018,32968728316179674
20,Celta Vigo,3,38,38,3416,38.0,60,1.58,167,112,66.5,13,10,15,7,18.4,5,4,0,1,0.0,La Liga,2017-2018,14218303985450920
21,Chelsea,2,38,38,3420,38.0,38,1.0,116,81,69.0,21,7,10,16,42.1,2,2,0,0,0.0,Premier League,2017-2018,58172670324373785
22,Chievo,1,38,38,3420,38.0,59,1.55,180,126,69.4,10,10,18,7,18.4,8,4,3,1,42.9,Serie A,2017-2018,83748145049842906
23,Crotone,1,38,38,3420,38.0,66,1.74,199,138,69.8,9,8,21,5,13.2,8,6,1,1,14.3,Serie A,2017-2018,33431629624225246
24,Crystal Palace,2,38,38,3420,38.0,55,1.45,167,116,68.3,11,11,16,9,23.7,2,2,0,0,0.0,Premier League,2017-2018,15352059381074619
25,Dijon,1,38,38,3420,38.0,73,1.92,198,139,68.7,13,9,16,5,13.2,15,11,3,1,21.4,Ligue 1,2017-2018,59239312409540653
26,Dortmund,2,34,34,3060,34.0,47,1.38,147,102,69.4,15,10,9,12,35.3,2,2,0,0,0.0,Bundesliga,2017-2018,6921931827204601
27,Eibar,3,38,38,3420,38.0,50,1.32,130,88,64.6,14,9,15,11,28.9,4,4,0,0,0.0,La Liga,2017-2018,67267904110326262
28,Eint Frankfurt,1,34,34,3060,34.0,45,1.32,133,91,67.7,14,7,13,7,20.6,3,2,0,1,0.0,Bundesliga,2017-2018,37929111009288632
29,Espanyol,2,38,38,3420,38.0,42,1.11,166,130,77.1,12,13,13,12,31.6,7,4,2,1,33.3,La Liga,2017-2018,71314269182841176
30,Everton,1,38,38,3420,38.0,58,1.53,175,119,68.6,13,10,15,10,26.3,5,3,1,1,25.0,Premier League,2017-2018,57482013681231466
31,Fiorentina,2,38,38,3419,38.0,46,1.21,152,105,71.1,16,9,13,14,36.8,3,2,1,0,33.3,Serie A,2017-2018,24325362613855847
32,Freiburg,2,34,34,3060,34.0,56,1.65,149,101,65.1,8,12,14,9,26.5,5,4,0,1,0.0,Bundesliga,2017-2018,17577284562417651
33,Genoa,2,38,38,3420,38.0,43,1.13,170,133,77.1,11,8,19,12,31.6,4,4,0,0,0.0,Serie A,2017-2018,87033800759594150
34,Getafe,2,38,38,3420,38.0,33,0.87,127,96,75.6,15,10,13,14,36.8,4,2,1,1,33.3,La Liga,2017-2018,23789167582387071
35,Girona,2,38,38,3420,38.0,59,1.55,173,121,68.2,14,9,15,11,28.9,5,4,0,1,0.0,La Liga,2017-2018,12545195302828957
36,Guingamp,1,38,38,3420,38.0,59,1.55,169,116,68.0,12,11,15,11,28.9,7,5,2,0,28.6,Ligue 1,2017-2018,16872092436156260
37,Hamburger SV,2,34,34,3060,34.0,53,1.56,140,89,64.3,8,7,19,7,20.6,4,3,0,1,0.0,Bundesliga,2017-2018,42905483414913667
38,Hannover 96,2,34,34,3060,34.0,54,1.59,173,119,69.9,10,9,15,5,14.7,4,2,0,2,0.0,Bundesliga,2017-2018,10121335889457780
39,Hellas Verona,2,38,38,3420,38.0,78,2.05,257,186,72.0,7,4,27,7,18.4,8,6,2,0,25.0,Serie A,2017-2018,45227680351245381
40,Hertha BSC,2,34,34,3060,34.0,46,1.35,142,103,71.8,10,13,11,8,23.5,7,6,0,1,0.0,Bundesliga,2017-2018,59737400018465050
41,Hoffenheim,1,34,34,3060,34.0,48,1.41,146,104,69.2,15,10,9,10,29.4,4,3,1,0,25.0,Bundesliga,2017-2018,29322720181807625
42,Huddersfield,1,38,38,3420,38.0,57,1.5,153,97,65.4,9,10,19,10,26.3,6,4,2,0,33.3,Premier League,2017-2018,70397411865897550
43,Inter,1,38,38,3420,38.0,30,0.79,119,94,76.5,20,12,6,17,44.7,2,2,0,0,0.0,Serie A,2017-2018,53198597771575973
44,Juventus,3,38,38,3420,38.0,24,0.63,94,73,77.7,30,5,3,22,57.9,4,3,1,0,25.0,Serie A,2017-2018,19371054131726661
45,Köln,1,34,34,3060,34.0,70,2.06,197,135,68.5,5,7,22,5,14.7,9,8,1,0,11.1,Bundesliga,2017-2018,39731782814123330
46,La Coruña,5,38,38,3415,38.0,76,2.0,179,110,59.8,6,11,21,6,15.8,5,4,1,0,20.0,La Liga,2017-2018,31828180925314031
47,Las Palmas,2,38,38,3420,38.0,74,1.95,213,145,67.6,5,7,26,5,13.2,5,5,0,0,0.0,La Liga,2017-2018,33189055458748528
48,Lazio,1,38,38,3420,38.0,49,1.29,153,112,73.9,21,9,8,11,28.9,11,9,1,1,10.0,Serie A,2017-2018,90751438076496109
49,Leganés,3,38,38,3420,38.0,51,1.34,161,116,72.0,12,7,19,14,36.8,7,6,1,0,14.3,La Liga,2017-2018,20237473683555152
50,Leicester City,3,38,38,3420,38.0,60,1.58,161,104,64.0,12,11,15,9,23.7,4,2,2,0,50.0,Premier League,2017-2018,18776461863573874
51,Levante,3,38,38,3420,38.0,58,1.53,178,128,70.2,11,13,14,10,26.3,6,5,0,1,0.0,La Liga,2017-2018,1566092639264277
52,Leverkusen,2,34,34,3060,34.0,44,1.29,111,71,64.9,15,10,9,10,29.4,6,5,1,0,16.7,Bundesliga,2017-2018,36794408106212849
53,Lille,2,38,38,3393,38.0,64,1.7,183,124,67.2,10,8,20,5,13.2,7,4,2,1,33.3,Ligue 1,2017-2018,85603837513355486
54,Liverpool,2,38,38,3420,38.0,38,1.0,96,60,64.6,21,12,5,17,44.7,6,4,2,0,33.3,Premier League,2017-2018,41956650829873911
55,Lyon,2,38,38,3420,38.0,43,1.13,147,112,74.1,23,9,6,15,39.5,8,5,2,1,28.6,Ligue 1,2017-2018,87005642993871754
56,M'Gladbach,2,34,34,3060,34.0,52,1.53,169,120,71.6,13,8,13,7,20.6,4,4,0,0,0.0,Bundesliga,2017-2018,81611584009946193
57,Mainz 05,3,34,34,3060,34.0,52,1.53,136,89,65.4,9,9,16,7,20.6,7,5,1,1,16.7,Bundesliga,2017-2018,71158960989778912
58,Málaga,2,38,38,3420,38.0,61,1.61,162,107,66.0,5,5,28,6,15.8,7,6,1,0,14.3,La Liga,2017-2018,79809637287620621
59,Manchester City,2,38,38,3420,38.0,27,0.71,82,56,67.1,32,4,2,18,47.4,3,0,2,1,100.0,Premier League,2017-2018,74026506610392765
60,Manchester Utd,2,38,38,3420,38.0,28,0.74,143,117,81.1,25,6,7,19,50.0,1,1,0,0,0.0,Premier League,2017-2018,29078730489839024
61,Marseille,2,38,38,3418,38.0,47,1.24,144,103,70.1,22,11,5,14,36.8,6,4,1,1,20.0,Ligue 1,2017-2018,66190039714113630
62,Metz,3,38,38,3419,38.0,76,2.0,213,142,65.7,6,8,24,4,10.5,5,3,2,0,40.0,Ligue 1,2017-2018,14635757597311544
63,Milan,1,38,38,3420,38.0,42,1.11,131,92,69.5,18,10,10,12,31.6,3,2,0,1,0.0,Serie A,2017-2018,59378513948613436
64,Monaco,3,38,38,3420,38.0,45,1.18,152,113,73.7,24,8,6,14,36.8,5,5,0,0,0.0,Ligue 1,2017-2018,79093238158793616
65,Montpellier,1,38,38,3420,38.0,33,0.87,121,93,76.9,11,18,9,14,36.8,6,5,0,1,0.0,Ligue 1,2017-2018,32434714471076965
66,Nantes,2,38,38,3420,38.0,41,1.08,137,99,72.3,14,10,14,12,31.6,4,3,0,1,0.0,Ligue 1,2017-2018,25802633648495862
67,Napoli,2,38,38,3420,38.0,29,0.76,99,71,72.7,28,7,3,19,50.0,2,2,0,0,0.0,Serie A,2017-2018,10516137814401134
68,Newcastle Utd,3,38,38,3420,38.0,47,1.24,145,104,70.3,12,8,18,9,23.7,6,4,2,0,33.3,Premier League,2017-2018,29528772732587842
69,Nice,2,38,38,3420,38.0,52,1.37,157,111,68.8,15,9,14,10,26.3,5,3,2,0,40.0,Ligue 1,2017-2018,11720969662561653
70,Paris S-G,2,38,38,3420,38.0,29,0.76,122,96,78.7,29,6,3,18,47.4,4,3,1,0,25.0,Ligue 1,2017-2018,11177590892093073
71,RB Leipzig,2,34,34,3060,34.0,53,1.56,147,98,67.3,15,8,11,6,17.6,5,5,0,0,0.0,Bundesliga,2017-2018,68159208261559796
72,Real Madrid,3,38,38,3420,38.0,44,1.16,148,108,71.6,22,10,6,10,26.3,4,2,2,0,50.0,La Liga,2017-2018,29627131003986350
73,Real Sociedad,3,38,38,3420,38.0,59,1.55,141,89,62.4,14,7,17,10,26.3,8,6,2,0,25.0,La Liga,2017-2018,57299950304530590
74,Rennes,3,38,38,3420,38.0,44,1.16,151,114,74.2,16,10,12,10,26.3,6,5,1,0,16.7,Ligue 1,2017-2018,96819424452761337
75,Roma,2,38,38,3420,38.0,28,0.74,138,110,81.9,23,8,7,18,47.4,5,3,2,0,40.0,Serie A,2017-2018,764736481564168
76,Saint-Étienne,2,38,38,3418,38.0,50,1.32,177,134,75.1,15,10,13,13,34.2,7,6,1,0,14.3,Ligue 1,2017-2018,56226069621228236
77,Sampdoria,3,38,38,3420,38.0,60,1.58,193,140,72.0,16,6,16,9,23.7,10,6,4,0,40.0,Serie A,2017-2018,89407679695143145
78,Sassuolo,2,38,38,3420,38.0,59,1.55,177,122,67.8,11,10,17,10,26.3,3,2,1,0,33.3,Serie A,2017-2018,79200252522790650
79,Schalke 04,2,34,34,3060,34.0,37,1.09,123,89,72.4,18,9,7,13,38.2,6,3,2,1,40.0,Bundesliga,2017-2018,24345039935475884
80,Sevilla,2,38,38,3420,38.0,58,1.53,147,95,63.9,17,7,14,14,36.8,8,5,1,2,16.7,La Liga,2017-2018,22702270477938803
81,Southampton,2,38,38,3420,38.0,56,1.47,165,108,66.7,7,15,16,8,21.1,2,1,1,0,50.0,Premier League,2017-2018,21037626007536306
82,SPAL,3,38,38,3420,38.0,59,1.55,192,144,74.0,8,14,16,7,18.4,13,9,3,1,25.0,Serie A,2017-2018,73622612860183040
83,Stoke City,2,38,38,3420,38.0,68,1.79,212,151,70.3,7,12,19,6,15.8,5,5,0,0,0.0,Premier League,2017-2018,55848606059653975
84,Strasbourg,3,38,38,3420,38.0,67,1.76,177,116,65.5,9,11,18,4,10.5,7,6,1,0,14.3,Ligue 1,2017-2018,92234479374253707
85,Stuttgart,1,34,34,3060,34.0,36,1.06,146,113,78.1,15,6,13,12,35.3,6,4,2,0,33.3,Bundesliga,2017-2018,81761661302668293
86,Swansea City,1,38,38,3420,38.0,56,1.47,182,129,70.9,8,9,21,9,23.7,7,3,3,1,50.0,Premier League,2017-2018,11897392087106032
87,Torino,2,38,38,3420,38.0,46,1.21,164,123,75.0,13,15,10,10,26.3,8,5,3,0,37.5,Serie A,2017-2018,21846272194836439
88,Tottenham,3,38,38,3420,38.0,36,0.95,123,89,72.4,23,8,7,16,42.1,3,2,1,0,33.3,Premier League,2017-2018,22006624071753704
89,Toulouse,1,38,38,3420,38.0,54,1.42,161,113,70.2,9,10,19,12,31.6,6,6,0,0,0.0,Ligue 1,2017-2018,94523000561782573
90,Troyes,2,38,38,3420,38.0,59,1.55,203,149,72.9,9,6,23,8,21.1,5,4,1,0,20.0,Ligue 1,2017-2018,57069542099991496
91,Udinese,2,38,38,3420,38.0,63,1.66,163,107,62.6,12,4,22,9,23.7,6,2,3,1,60.0,Serie A,2017-2018,48393495896639342
92,Valencia,2,38,38,3420,38.0,38,1.0,172,137,79.7,22,7,9,12,31.6,5,3,2,0,40.0,La Liga,2017-2018,65158650443085242
93,Villarreal,3,38,38,3420,38.0,50,1.32,151,106,70.2,18,7,13,11,28.9,7,5,2,0,28.6,La Liga,2017-2018,63335634096533483
94,Watford,2,38,38,3420,38.0,64,1.68,151,93,61.6,11,8,19,9,23.7,6,6,0,0,0.0,Premier League,2017-2018,73743918793554398
95,Werder Bremen,1,34,34,3060,34.0,40,1.18,157,119,75.8,10,12,12,8,23.5,4,2,1,1,33.3,Bundesliga,2017-2018,59303898890876434
96,West Brom,2,38,38,3420,38.0,56,1.47,155,100,64.5,6,13,19,10,26.3,1,1,0,0,0.0,Premier League,2017-2018,26775906631723373
97,West Ham,2,38,38,3420,38.0,68,1.79,180,113,65.0,10,12,16,10,26.3,6,5,1,0,16.7,Premier League,2017-2018,57680956417459581
98,Wolfsburg,1,34,34,3060,34.0,48,1.41,143,102,70.6,6,15,13,8,23.5,10,6,3,1,33.3,Bundesliga,2017-2018,85159484018358879
