Rk,Squad,# Pl,90s,SCA,SCA90,PassLive,PassDead,Drib,Sh,Fld,Def,GCA,GCA90,PassLive,PassDead,Drib,Sh,Fld,Def,League,Season,TeamID
1,Alavés,24,11.0,150,13.64,80,30,12,12,13,3,10,0.91,2,2,1,1,2,2,La Liga,2021-2022,37745278530914180
2,Angers,22,12.0,191,15.92,126,20,12,9,17,7,26,2.17,14,3,1,4,4,0,Ligue 1,2021-2022,66587352409382849
3,Arminia,22,10.0,163,16.3,111,14,12,11,9,6,7,0.7,5,0,0,1,1,0,Bundesliga,2021-2022,60726784699523350
4,Arsenal,26,10.0,231,23.1,165,21,12,14,12,7,17,1.7,9,2,0,5,1,0,Premier League,2021-2022,5838645288327307
5,Aston Villa,23,10.0,163,16.3,104,22,14,9,12,2,23,2.3,14,3,3,2,1,0,Premier League,2021-2022,14348480492050895
6,Atalanta,24,11.0,270,24.55,195,28,12,19,10,6,30,2.73,22,0,3,3,1,1,Serie A,2021-2022,87465877057901989
7,Athletic Club,23,11.0,219,19.91,141,31,9,15,12,11,18,1.64,8,3,2,0,3,2,La Liga,2021-2022,4823083458145023
8,Atlético Madrid,21,11.0,210,19.09,156,25,11,8,8,2,30,2.73,25,0,3,0,1,1,La Liga,2021-2022,74713976168286555
9,Augsburg,24,10.0,126,12.6,84,18,4,8,6,6,11,1.1,6,2,0,3,0,0,Bundesliga,2021-2022,82828683183786310
10,Barcelona,27,11.0,236,21.45,177,21,15,4,14,5,29,2.64,24,1,1,0,3,0,La Liga,2021-2022,81744823723090567
11,Bayern Munich,22,10.0,282,28.2,214,24,13,15,8,8,58,5.8,44,6,1,5,1,1,Bundesliga,2021-2022,7510926916741648
12,Betis,29,12.0,281,23.42,201,25,18,13,14,10,26,2.17,15,2,2,1,5,1,La Liga,2021-2022,9423348454032625
13,Bochum,24,10.0,166,16.6,116,14,11,7,12,6,14,1.4,7,1,1,2,2,1,Bundesliga,2021-2022,26656491983030423
14,Bologna,24,11.0,214,21.4,151,24,6,18,11,4,26,2.6,17,4,0,3,1,1,Serie A,2021-2022,23275147453355121
15,Bordeaux,28,12.0,202,16.83,139,24,17,9,9,4,19,1.58,13,2,1,2,1,0,Ligue 1,2021-2022,12683680850395737
16,Brentford,21,10.0,169,16.9,120,16,9,13,8,3,14,1.4,8,1,0,4,1,0,Premier League,2021-2022,27125852983275500
17,Brest,22,12.0,200,16.67,145,21,12,9,10,3,22,1.83,12,3,1,1,4,1,Ligue 1,2021-2022,27328509848090670
18,Brighton,21,10.0,193,19.3,137,22,11,9,11,3,19,1.9,12,2,1,1,3,0,Premier League,2021-2022,49072214318111932
19,Burnley,18,10.0,173,17.3,130,17,3,11,9,3,14,1.4,11,2,0,1,0,0,Premier League,2021-2022,21823480134907726
20,Cádiz,26,12.0,163,13.58,97,27,10,11,12,6,18,1.5,9,3,0,2,4,0,La Liga,2021-2022,1007679934589500
21,Cagliari,26,11.0,152,15.2,114,14,5,7,7,5,21,2.1,16,1,1,1,2,0,Serie A,2021-2022,32968728316179674
22,Celta Vigo,22,12.0,187,17.0,144,13,4,11,8,7,14,1.27,10,1,1,2,0,0,La Liga,2021-2022,14218303985450920
23,Chelsea,25,10.0,243,24.3,192,9,15,12,10,5,41,4.1,29,2,2,4,3,1,Premier League,2021-2022,58172670324373785
24,Clermont Foot,20,12.0,197,16.42,129,24,20,7,12,5,20,1.67,12,3,2,2,1,0,Ligue 1,2021-2022,54976968050746588
25,Crystal Palace,19,10.0,167,16.7,117,13,8,12,10,7,20,2.0,16,0,2,1,1,0,Premier League,2021-2022,15352059381074619
26,Dortmund,27,10.0,230,23.0,167,20,12,13,14,4,39,3.9,24,1,4,2,5,3,Bundesliga,2021-2022,6921931827204601
27,Eint Frankfurt,24,10.0,176,17.6,121,22,5,14,9,5,15,1.5,9,2,0,1,2,1,Bundesliga,2021-2022,37929111009288632
28,Elche,23,12.0,143,11.92,101,13,13,5,8,3,11,0.92,7,0,2,1,0,1,La Liga,2021-2022,30674441257210497
29,Empoli,24,11.0,230,20.91,173,21,8,8,12,8,26,2.36,18,2,0,2,4,0,Serie A,2021-2022,77726683749984272
30,Espanyol,27,12.0,195,16.25,135,16,12,13,12,7,18,1.5,11,1,2,4,0,0,La Liga,2021-2022,71314269182841176
31,Everton,24,10.0,201,22.33,153,18,6,9,13,2,26,2.89,21,0,2,0,3,0,Premier League,2021-2022,57482013681231466
32,Fiorentina,24,11.0,227,20.64,167,25,5,10,14,6,28,2.55,20,2,0,2,3,1,Serie A,2021-2022,24325362613855847
33,Freiburg,23,10.0,181,18.1,120,26,4,15,13,3,24,2.4,14,2,1,4,2,1,Bundesliga,2021-2022,17577284562417651
34,Genoa,30,11.0,204,18.55,133,23,12,13,16,7,29,2.64,20,3,1,0,4,1,Serie A,2021-2022,87033800759594150
35,Getafe,26,12.0,211,17.58,146,18,12,10,18,7,9,0.75,7,1,0,0,0,1,La Liga,2021-2022,23789167582387071
36,Granada,25,11.0,134,13.4,94,14,7,9,7,3,11,1.1,7,2,1,0,1,0,La Liga,2021-2022,45137124328012624
37,Greuther Fürth,25,10.0,154,15.4,110,15,8,5,11,5,10,1.0,6,0,1,1,2,0,Bundesliga,2021-2022,11035944553035865
38,Hellas Verona,24,11.0,178,16.18,135,16,8,3,11,5,42,3.82,33,1,1,1,4,2,Serie A,2021-2022,45227680351245381
39,Hertha BSC,27,10.0,142,14.2,87,23,6,9,13,4,15,1.5,8,2,0,2,1,2,Bundesliga,2021-2022,59737400018465050
40,Hoffenheim,22,10.0,189,18.9,136,14,12,13,8,6,32,3.2,23,0,3,6,0,0,Bundesliga,2021-2022,29322720181807625
41,Inter,23,11.0,266,24.18,208,20,14,13,5,6,49,4.45,39,3,1,3,3,0,Serie A,2021-2022,53198597771575973
42,Juventus,24,11.0,244,22.18,183,16,11,14,14,6,24,2.18,15,1,3,3,2,0,Serie A,2021-2022,19371054131726661
43,Köln,22,10.0,234,23.4,173,28,5,9,10,9,27,2.7,23,3,0,0,0,1,Bundesliga,2021-2022,39731782814123330
44,Lazio,23,11.0,213,19.36,151,18,11,14,14,5,38,3.45,24,2,3,5,3,1,Serie A,2021-2022,90751438076496109
45,Leeds United,23,10.0,206,20.6,146,21,9,12,12,6,17,1.7,10,1,3,1,1,1,Premier League,2021-2022,34570153325607342
46,Leicester City,22,10.0,187,18.7,145,8,10,10,8,6,21,2.1,13,0,2,2,1,3,Premier League,2021-2022,18776461863573874
47,Lens,23,12.0,268,22.33,198,16,20,18,9,7,29,2.42,20,1,2,3,2,1,Ligue 1,2021-2022,74951719010833888
48,Levante,26,12.0,138,12.55,100,9,3,8,8,10,17,1.55,11,0,0,2,2,2,La Liga,2021-2022,1566092639264277
49,Leverkusen,23,10.0,194,19.4,143,15,13,5,12,6,35,3.5,26,0,4,1,2,2,Bundesliga,2021-2022,36794408106212849
50,Lille,22,12.0,211,17.58,153,20,11,10,10,7,21,1.75,13,3,2,0,2,1,Ligue 1,2021-2022,85603837513355486
51,Liverpool,24,10.0,309,30.9,218,27,18,29,13,4,49,4.9,35,1,6,6,0,1,Premier League,2021-2022,41956650829873911
52,Lorient,25,12.0,177,14.75,126,16,7,7,13,8,20,1.67,11,2,0,0,5,2,Ligue 1,2021-2022,37325341301512527
53,Lyon,25,12.0,268,22.33,206,14,19,13,9,7,33,2.75,25,0,1,4,3,0,Ligue 1,2021-2022,87005642993871754
54,M'Gladbach,22,10.0,251,25.1,183,30,5,12,15,6,20,2.0,17,0,1,2,0,0,Bundesliga,2021-2022,81611584009946193
55,Mainz 05,26,10.0,177,17.7,128,19,3,11,7,9,20,2.0,18,0,0,2,0,0,Bundesliga,2021-2022,71158960989778912
56,Mallorca,27,12.0,189,15.75,124,24,9,7,16,9,14,1.17,11,1,1,1,0,0,La Liga,2021-2022,96459977719332900
57,Manchester City,22,10.0,288,28.8,230,15,14,19,8,2,25,2.5,19,0,1,5,0,0,Premier League,2021-2022,74026506610392765
58,Manchester Utd,21,10.0,266,26.6,207,25,10,11,10,3,35,3.5,32,0,1,2,0,0,Premier League,2021-2022,29078730489839024
59,Marseille,23,12.0,278,23.17,197,28,18,16,13,6,36,3.0,22,2,4,3,3,2,Ligue 1,2021-2022,66190039714113630
60,Metz,29,12.0,184,15.33,129,18,9,12,11,5,18,1.5,13,1,1,0,3,0,Ligue 1,2021-2022,14635757597311544
61,Milan,26,11.0,248,22.55,186,13,17,9,16,7,38,3.45,25,1,4,3,4,1,Serie A,2021-2022,59378513948613436
62,Monaco,25,12.0,197,16.42,133,22,9,14,14,5,31,2.58,25,1,2,1,2,0,Ligue 1,2021-2022,79093238158793616
63,Montpellier,22,12.0,242,20.17,162,20,17,9,22,12,29,2.42,17,3,1,4,3,1,Ligue 1,2021-2022,32434714471076965
64,Nantes,21,12.0,199,16.58,129,25,12,13,12,8,25,2.08,14,4,3,2,2,0,Ligue 1,2021-2022,25802633648495862
65,Napoli,25,11.0,288,26.18,217,17,12,13,21,8,32,2.91,20,2,0,5,4,1,Serie A,2021-2022,10516137814401134
66,Newcastle Utd,22,10.0,171,17.1,117,19,10,14,7,4,18,1.8,16,0,0,1,0,1,Premier League,2021-2022,29528772732587842
67,Nice,23,12.0,247,20.58,164,26,19,19,12,7,36,3.0,28,0,1,4,3,0,Ligue 1,2021-2022,11720969662561653
68,Norwich City,22,10.0,149,14.9,102,13,7,9,14,4,5,0.5,3,1,0,0,1,0,Premier League,2021-2022,42809968147687487
69,Osasuna,26,12.0,188,15.67,139,19,7,10,8,5,20,1.67,12,2,0,4,1,1,La Liga,2021-2022,83352675823776457
70,Paris S-G,27,12.0,270,22.5,209,14,18,9,12,8,39,3.25,30,1,2,4,1,1,Ligue 1,2021-2022,11177590892093073
71,Rayo Vallecano,25,12.0,191,17.36,127,23,10,7,15,9,32,2.91,20,2,3,1,4,2,La Liga,2021-2022,75203699329351977
72,RB Leipzig,23,10.0,235,23.5,163,27,11,15,15,4,36,3.6,22,4,1,2,6,1,Bundesliga,2021-2022,68159208261559796
73,Real Madrid,25,11.0,301,27.36,228,13,24,15,12,9,47,4.27,40,0,3,3,1,0,La Liga,2021-2022,29627131003986350
74,Real Sociedad,27,12.0,209,17.42,140,17,16,15,15,6,24,2.0,12,1,2,5,4,0,La Liga,2021-2022,57299950304530590
75,Reims,25,12.0,216,18.0,147,20,20,10,12,7,24,2.0,11,3,3,2,4,1,Ligue 1,2021-2022,67732085073987538
76,Rennes,26,12.0,267,22.25,187,34,10,17,9,10,29,2.42,23,2,2,1,0,1,Ligue 1,2021-2022,96819424452761337
77,Roma,24,11.0,300,27.27,196,34,21,30,14,5,30,2.73,18,3,2,4,3,0,Serie A,2021-2022,764736481564168
78,Saint-Étienne,28,12.0,227,18.92,154,27,16,11,13,6,16,1.33,9,2,0,1,3,1,Ligue 1,2021-2022,56226069621228236
79,Salernitana,25,11.0,184,16.73,134,21,6,13,7,3,13,1.18,7,1,2,2,1,0,Serie A,2021-2022,63444195793016658
80,Sampdoria,22,11.0,193,17.55,141,23,6,9,11,3,20,1.82,15,2,2,0,1,0,Serie A,2021-2022,89407679695143145
81,Sassuolo,22,11.0,232,21.09,174,15,19,8,10,6,24,2.18,20,0,3,0,1,0,Serie A,2021-2022,79200252522790650
82,Sevilla,26,11.0,243,22.09,195,24,6,6,7,5,32,2.91,21,4,1,3,3,0,La Liga,2021-2022,22702270477938803
83,Southampton,21,10.0,197,19.7,151,10,8,11,11,6,14,1.4,9,1,0,1,2,1,Premier League,2021-2022,21037626007536306
84,Spezia,26,11.0,207,18.82,156,10,17,13,8,3,17,1.55,12,0,2,3,0,0,Serie A,2021-2022,41730244034743257
85,Strasbourg,23,12.0,167,13.92,117,19,8,11,8,4,32,2.67,23,1,3,4,1,0,Ligue 1,2021-2022,92234479374253707
86,Stuttgart,28,10.0,218,21.8,146,23,19,12,11,7,27,2.7,15,3,2,5,1,1,Bundesliga,2021-2022,81761661302668293
87,Torino,26,11.0,240,21.82,176,22,15,15,10,2,28,2.55,21,1,3,2,1,0,Serie A,2021-2022,21846272194836439
88,Tottenham,21,10.0,163,16.3,118,13,6,10,13,3,16,1.6,14,0,0,0,2,0,Premier League,2021-2022,22006624071753704
89,Troyes,28,12.0,183,15.25,121,18,18,14,6,6,17,1.42,11,3,1,2,0,0,Ligue 1,2021-2022,57069542099991496
90,Udinese,21,11.0,202,18.36,140,17,15,22,5,3,19,1.73,12,1,1,4,1,0,Serie A,2021-2022,48393495896639342
91,Union Berlin,23,10.0,175,17.5,129,18,4,12,8,4,24,2.4,17,1,3,2,1,0,Bundesliga,2021-2022,71630543971501382
92,Valencia,26,12.0,217,18.08,149,28,10,4,21,5,22,1.83,16,2,0,0,3,1,La Liga,2021-2022,65158650443085242
93,Venezia,29,11.0,145,13.18,104,13,6,4,11,7,16,1.45,12,1,1,0,2,0,Serie A,2021-2022,94916874898547392
94,Villarreal,26,11.0,184,16.73,146,14,11,5,6,2,23,2.09,17,1,3,2,0,0,La Liga,2021-2022,63335634096533483
95,Watford,26,10.0,164,16.4,127,9,14,7,5,2,19,1.9,11,2,2,3,1,0,Premier League,2021-2022,73743918793554398
96,West Ham,18,10.0,242,24.2,167,23,10,21,11,10,32,3.2,24,2,1,4,0,1,Premier League,2021-2022,57680956417459581
97,Wolfsburg,24,10.0,205,20.5,136,24,18,12,12,3,15,1.5,9,0,1,4,1,0,Bundesliga,2021-2022,85159484018358879
98,Wolves,18,10.0,178,19.78,125,8,23,7,8,7,14,1.56,7,0,3,2,2,0,Premier League,2021-2022,24001928852251903
1,Alavés,30,38.0,511,13.45,326,79,24,27,38,17,54,1.42,26,8,4,4,8,4,La Liga,2020-2021,37745278530914180
2,Angers,31,38.0,630,16.58,454,48,44,26,38,20,57,1.5,34,7,4,4,7,1,Ligue 1,2020-2021,66587352409382849
3,Arminia,26,34.0,481,14.15,334,47,34,21,30,15,43,1.26,32,1,3,2,2,3,Bundesliga,2020-2021,60726784699523350
4,Arsenal,29,38.0,723,19.03,552,40,41,34,46,10,95,2.5,67,2,7,8,10,1,Premier League,2020-2021,5838645288327307
5,Aston Villa,24,38.0,839,22.08,601,81,53,39,53,12,86,2.26,61,7,2,6,7,3,Premier League,2020-2021,14348480492050895
6,Atalanta,30,38.0,1027,27.03,787,62,63,52,45,18,154,4.05,120,7,12,7,5,3,Serie A,2020-2021,87465877057901989
7,Athletic Club,27,38.0,658,17.32,493,59,33,20,40,13,77,2.03,56,5,3,5,6,2,La Liga,2020-2021,4823083458145023
8,Atlético Madrid,25,38.0,723,19.03,522,72,48,33,37,11,117,3.08,83,7,9,4,11,3,La Liga,2020-2021,74713976168286555
9,Augsburg,25,34.0,493,14.5,328,55,38,19,37,16,52,1.53,34,4,3,4,5,2,Bundesliga,2020-2021,82828683183786310
10,Barcelona,25,38.0,1011,26.61,786,45,71,32,64,13,125,3.29,96,1,11,9,6,2,La Liga,2020-2021,81744823723090567
11,Bayern Munich,29,34.0,940,27.65,739,64,60,40,26,11,167,4.91,129,8,14,8,8,0,Bundesliga,2020-2021,7510926916741648
12,Benevento,29,38.0,621,16.34,444,63,30,35,34,15,61,1.61,39,7,3,4,5,3,Serie A,2020-2021,38159059008947812
13,Betis,25,38.0,725,19.08,526,61,53,32,40,13,81,2.13,53,9,6,5,8,0,La Liga,2020-2021,9423348454032625
14,Bologna,37,38.0,787,20.71,576,64,42,42,42,21,76,2.0,57,5,1,6,4,3,Serie A,2020-2021,23275147453355121
15,Bordeaux,28,38.0,675,17.76,440,71,59,32,51,22,70,1.84,42,9,6,5,8,0,Ligue 1,2020-2021,12683680850395737
16,Brest,26,38.0,735,19.34,515,75,44,39,47,15,75,1.97,51,6,4,7,6,1,Ligue 1,2020-2021,27328509848090670
17,Brighton,27,38.0,754,19.84,559,65,33,44,36,17,60,1.58,42,5,1,5,6,1,Premier League,2020-2021,49072214318111932
18,Burnley,25,38.0,563,14.82,391,66,26,27,37,16,46,1.21,25,6,6,3,4,2,Premier League,2020-2021,21823480134907726
19,Cádiz,34,38.0,428,11.26,276,51,32,25,31,13,55,1.45,38,1,5,6,4,1,La Liga,2020-2021,1007679934589500
20,Cagliari,32,38.0,657,17.29,461,67,33,47,36,13,72,1.89,49,4,4,9,5,1,Serie A,2020-2021,32968728316179674
21,Celta Vigo,30,38.0,574,15.11,424,44,28,31,34,13,99,2.61,71,5,5,6,10,2,La Liga,2020-2021,14218303985450920
22,Chelsea,27,38.0,939,24.71,707,82,40,46,47,17,97,2.55,68,7,5,6,10,1,Premier League,2020-2021,58172670324373785
23,Crotone,31,38.0,583,15.34,414,49,47,23,33,17,73,1.92,43,6,9,4,8,3,Serie A,2020-2021,33431629624225246
24,Crystal Palace,24,38.0,546,14.37,376,51,46,17,42,14,70,1.84,45,6,7,4,6,2,Premier League,2020-2021,15352059381074619
25,Dijon,33,38.0,527,13.87,352,61,41,28,32,13,34,0.89,19,3,3,6,2,1,Ligue 1,2020-2021,59239312409540653
26,Dortmund,26,34.0,812,23.88,597,53,56,40,45,21,125,3.68,93,7,10,7,6,2,Bundesliga,2020-2021,6921931827204601
27,Eibar,30,38.0,638,16.79,401,78,54,43,40,22,44,1.16,26,3,6,5,2,2,La Liga,2020-2021,67267904110326262
28,Eint Frankfurt,25,34.0,728,21.41,523,80,31,37,40,17,117,3.44,72,12,7,11,12,3,Bundesliga,2020-2021,37929111009288632
29,Elche,30,38.0,399,10.5,265,52,23,20,32,7,51,1.34,32,5,4,4,5,1,La Liga,2020-2021,30674441257210497
30,Everton,29,38.0,645,16.97,470,66,29,28,42,10,78,2.05,52,9,2,10,5,0,Premier League,2020-2021,57482013681231466
31,Fiorentina,30,38.0,559,14.71,399,58,33,22,39,8,73,1.92,51,4,3,8,7,0,Serie A,2020-2021,24325362613855847
32,Freiburg,24,34.0,606,17.82,421,72,22,34,43,14,78,2.29,51,6,2,9,6,4,Bundesliga,2020-2021,17577284562417651
33,Fulham,28,38.0,702,18.47,515,63,47,28,32,17,47,1.24,33,3,5,2,3,1,Premier League,2020-2021,19227944656237519
34,Genoa,34,38.0,528,13.89,395,34,29,25,26,19,65,1.71,51,3,2,4,3,2,Serie A,2020-2021,87033800759594150
35,Getafe,31,38.0,569,14.97,396,59,26,28,47,13,43,1.13,27,0,5,6,3,2,La Liga,2020-2021,23789167582387071
36,Granada,34,38.0,499,13.13,325,48,35,33,42,16,68,1.79,43,3,7,6,4,5,La Liga,2020-2021,45137124328012624
37,Hellas Verona,32,38.0,625,16.45,444,69,29,26,44,13,72,1.89,53,3,5,5,6,0,Serie A,2020-2021,45227680351245381
38,Hertha BSC,32,34.0,597,17.56,412,59,43,29,38,16,66,1.94,47,3,2,6,7,1,Bundesliga,2020-2021,59737400018465050
39,Hoffenheim,30,34.0,687,20.21,515,54,36,31,40,11,90,2.65,61,5,8,7,8,1,Bundesliga,2020-2021,29322720181807625
40,Huesca,27,38.0,621,16.34,437,65,40,26,39,14,56,1.47,41,6,2,4,1,2,La Liga,2020-2021,16593090704373522
41,Inter,25,38.0,876,23.05,676,66,36,42,41,15,141,3.71,111,7,4,9,9,1,Serie A,2020-2021,53198597771575973
42,Juventus,30,38.0,1000,26.32,726,80,68,59,47,20,135,3.55,98,4,8,14,6,5,Serie A,2020-2021,19371054131726661
43,Köln,28,34.0,533,15.68,369,59,31,29,36,9,53,1.56,33,4,2,8,5,1,Bundesliga,2020-2021,39731782814123330
44,Lazio,30,38.0,850,22.37,660,47,43,45,36,19,100,2.63,71,1,7,10,8,3,Serie A,2020-2021,90751438076496109
45,Leeds United,23,38.0,812,21.37,614,64,43,43,29,19,108,2.84,79,6,8,8,6,1,Premier League,2020-2021,34570153325607342
46,Leicester City,27,38.0,762,20.05,555,44,50,37,44,32,111,2.92,79,3,8,5,11,5,Premier League,2020-2021,18776461863573874
47,Lens,27,38.0,725,19.08,507,63,52,37,47,19,96,2.53,61,8,7,6,11,3,Ligue 1,2020-2021,74951719010833888
48,Levante,29,38.0,601,15.82,456,47,31,19,31,17,78,2.05,58,4,5,3,4,4,La Liga,2020-2021,1566092639264277
49,Leverkusen,30,34.0,739,21.74,541,61,62,40,25,10,89,2.62,60,7,10,9,2,1,Bundesliga,2020-2021,36794408106212849
50,Lille,21,38.0,769,20.24,561,59,50,37,44,18,97,2.55,69,3,7,10,7,1,Ligue 1,2020-2021,85603837513355486
51,Liverpool,28,38.0,936,24.63,709,64,51,52,41,19,94,2.47,66,6,4,12,5,1,Premier League,2020-2021,41956650829873911
52,Lorient,27,38.0,653,17.18,439,58,41,39,57,19,78,2.05,45,5,4,10,12,2,Ligue 1,2020-2021,37325341301512527
53,Lyon,29,38.0,1003,26.39,714,80,69,53,57,30,138,3.63,91,6,12,9,16,4,Ligue 1,2020-2021,87005642993871754
54,M'Gladbach,23,34.0,688,20.24,485,72,34,40,39,18,100,2.94,63,9,2,12,12,2,Bundesliga,2020-2021,81611584009946193
55,Mainz 05,31,34.0,560,16.47,392,59,37,23,35,14,59,1.74,34,7,3,8,6,1,Bundesliga,2020-2021,71158960989778912
56,Manchester City,24,38.0,986,25.95,719,62,83,47,47,28,138,3.63,95,4,16,11,7,5,Premier League,2020-2021,74026506610392765
57,Manchester Utd,29,38.0,879,23.13,636,75,45,49,54,20,122,3.21,87,7,6,8,11,3,Premier League,2020-2021,29078730489839024
58,Marseille,31,38.0,612,16.11,430,62,30,26,47,17,92,2.42,60,10,4,4,11,3,Ligue 1,2020-2021,66190039714113630
59,Metz,27,38.0,685,18.03,461,67,44,31,62,20,72,1.89,47,2,7,5,8,3,Ligue 1,2020-2021,14635757597311544
60,Milan,29,38.0,898,23.63,630,82,49,55,67,15,128,3.37,82,10,7,9,16,4,Serie A,2020-2021,59378513948613436
61,Monaco,30,38.0,783,20.61,557,86,37,42,43,18,124,3.26,83,8,8,5,14,6,Ligue 1,2020-2021,79093238158793616
62,Montpellier,25,38.0,716,18.84,468,81,42,49,56,20,100,2.63,67,7,6,12,7,1,Ligue 1,2020-2021,32434714471076965
63,Nantes,25,38.0,627,16.5,429,60,49,29,41,19,69,1.82,42,3,11,6,7,0,Ligue 1,2020-2021,25802633648495862
64,Napoli,25,38.0,1050,27.63,771,62,72,57,53,35,138,3.63,86,6,18,11,14,3,Serie A,2020-2021,10516137814401134
65,Newcastle Utd,27,38.0,607,15.97,396,78,40,22,52,19,68,1.79,45,5,4,6,7,1,Premier League,2020-2021,29528772732587842
66,Nice,31,38.0,621,16.34,418,56,53,32,40,22,67,1.76,35,4,8,7,9,4,Ligue 1,2020-2021,11720969662561653
67,Nîmes,33,38.0,565,14.87,382,62,41,25,38,17,59,1.55,43,1,5,3,7,0,Ligue 1,2020-2021,83514802313158576
68,Osasuna,28,38.0,535,14.08,381,55,27,29,27,16,56,1.47,39,4,1,6,3,3,La Liga,2020-2021,83352675823776457
69,Paris S-G,33,38.0,918,24.16,666,64,61,46,61,20,135,3.55,88,6,14,9,13,5,Ligue 1,2020-2021,11177590892093073
70,Parma,42,38.0,628,16.53,449,58,44,30,35,12,67,1.76,50,3,5,3,6,0,Serie A,2020-2021,62695319081093388
71,RB Leipzig,25,34.0,890,26.18,672,64,37,53,46,18,100,2.94,67,4,8,9,8,4,Bundesliga,2020-2021,68159208261559796
72,Real Madrid,30,38.0,924,24.32,694,77,56,44,35,18,112,2.95,85,6,8,7,4,2,La Liga,2020-2021,29627131003986350
73,Real Sociedad,30,38.0,685,18.03,481,68,33,47,44,12,100,2.63,69,7,4,11,7,2,La Liga,2020-2021,57299950304530590
74,Reims,29,38.0,577,15.18,437,39,38,24,25,14,61,1.61,32,7,4,10,4,4,Ligue 1,2020-2021,67732085073987538
75,Rennes,32,38.0,809,21.29,574,79,46,43,53,14,79,2.08,52,9,8,3,6,1,Ligue 1,2020-2021,96819424452761337
76,Roma,31,38.0,866,22.79,628,67,49,59,34,29,116,3.05,83,9,8,7,7,2,Serie A,2020-2021,764736481564168
77,Saint-Étienne,40,38.0,703,18.5,441,98,56,38,47,23,64,1.68,34,8,7,8,4,3,Ligue 1,2020-2021,56226069621228236
78,Sampdoria,27,38.0,637,16.76,446,64,27,42,36,22,82,2.16,52,7,7,9,4,3,Serie A,2020-2021,89407679695143145
79,Sassuolo,28,38.0,857,22.55,640,57,52,37,54,17,99,2.61,65,6,5,7,15,1,Serie A,2020-2021,79200252522790650
80,Schalke 04,42,34.0,467,13.74,307,62,24,29,34,11,42,1.24,30,4,2,2,2,2,Bundesliga,2020-2021,24345039935475884
81,Sevilla,26,38.0,791,20.82,604,57,53,29,32,16,85,2.24,63,4,7,5,4,2,La Liga,2020-2021,22702270477938803
82,Sheffield Utd,27,38.0,497,13.08,376,41,30,23,16,11,25,0.66,15,2,2,3,3,0,Premier League,2020-2021,93216768512646707
83,Southampton,29,38.0,632,16.63,439,55,44,31,45,18,80,2.11,47,7,7,7,9,3,Premier League,2020-2021,21037626007536306
84,Spezia,35,38.0,599,15.76,436,46,33,39,27,18,79,2.08,50,6,4,12,6,1,Serie A,2020-2021,41730244034743257
85,Strasbourg,26,38.0,609,16.03,401,73,35,47,36,17,71,1.87,44,5,3,11,6,2,Ligue 1,2020-2021,92234479374253707
86,Stuttgart,29,34.0,752,22.12,531,71,44,44,42,20,98,2.88,64,7,7,7,9,4,Bundesliga,2020-2021,81761661302668293
87,Torino,29,38.0,691,18.18,441,72,40,48,62,28,76,2.0,44,6,2,12,9,3,Serie A,2020-2021,21846272194836439
88,Tottenham,24,38.0,716,18.84,498,53,50,36,57,22,110,2.89,78,6,10,7,6,3,Premier League,2020-2021,22006624071753704
89,Udinese,33,38.0,622,16.37,450,53,41,27,36,15,74,1.95,50,4,8,4,5,3,Serie A,2020-2021,48393495896639342
90,Union Berlin,27,34.0,594,17.47,421,64,26,29,37,17,85,2.5,58,8,3,4,8,4,Bundesliga,2020-2021,71630543971501382
91,Valencia,30,38.0,608,16.0,433,49,43,24,48,11,83,2.18,55,8,6,5,8,1,La Liga,2020-2021,65158650443085242
92,Valladolid,32,38.0,581,15.29,420,45,29,23,50,14,54,1.42,35,2,4,3,8,2,La Liga,2020-2021,44089518275887893
93,Villarreal,29,38.0,682,17.95,530,38,48,23,34,9,96,2.53,67,3,11,7,7,1,La Liga,2020-2021,63335634096533483
94,Werder Bremen,27,34.0,537,15.79,379,53,29,29,37,10,58,1.71,39,7,0,4,5,3,Bundesliga,2020-2021,59303898890876434
95,West Brom,30,38.0,504,13.26,355,57,29,22,33,8,58,1.53,42,3,1,4,5,3,Premier League,2020-2021,26775906631723373
96,West Ham,24,38.0,728,19.16,505,83,31,50,51,8,94,2.47,59,13,0,15,7,0,Premier League,2020-2021,57680956417459581
97,Wolfsburg,26,34.0,702,20.65,517,59,30,43,35,18,94,2.76,70,4,4,9,5,2,Bundesliga,2020-2021,85159484018358879
98,Wolves,27,38.0,748,19.68,506,71,66,38,46,21,56,1.47,31,4,8,8,5,0,Premier League,2020-2021,24001928852251903
1,Alavés,32,38.0,465,12.24,295,72,20,27,40,11,53,1.39,31,7,1,6,7,1,La Liga,2019-2020,37745278530914180
2,Amiens,27,28.0,364,13.0,256,27,28,11,29,13,53,1.89,34,0,6,4,6,3,Ligue 1,2019-2020,20069478421376018
3,Angers,26,28.0,552,19.71,399,57,35,23,28,10,46,1.64,35,2,3,3,3,0,Ligue 1,2019-2020,66587352409382849
4,Arsenal,29,38.0,632,16.63,436,57,50,36,36,17,86,2.26,57,4,4,9,4,8,Premier League,2019-2020,5838645288327307
5,Aston Villa,28,38.0,761,20.03,548,80,36,27,54,16,67,1.76,45,7,5,4,4,2,Premier League,2019-2020,14348480492050895
6,Atalanta,30,38.0,1143,30.08,856,84,70,60,51,22,157,4.13,113,6,10,13,11,4,Serie A,2019-2020,87465877057901989
7,Athletic Club,26,38.0,585,15.39,384,74,42,26,47,12,57,1.5,38,3,3,5,8,0,La Liga,2019-2020,4823083458145023
8,Atlético Madrid,30,38.0,710,18.68,491,83,39,43,44,10,79,2.08,53,6,8,5,7,0,La Liga,2019-2020,74713976168286555
9,Augsburg,28,34.0,524,15.41,336,60,41,30,43,14,67,1.97,42,3,7,4,8,3,Bundesliga,2019-2020,82828683183786310
10,Barcelona,28,38.0,878,23.11,663,39,78,28,62,8,149,3.92,113,6,12,5,12,1,La Liga,2019-2020,81744823723090567
11,Bayern Munich,29,34.0,1013,29.79,777,70,60,46,35,25,168,4.94,129,7,12,7,9,4,Bundesliga,2019-2020,7510926916741648
12,Betis,27,38.0,773,20.34,575,54,54,30,39,21,78,2.05,54,4,5,6,6,3,La Liga,2019-2020,9423348454032625
13,Bologna,31,38.0,896,23.58,652,63,71,37,53,20,75,1.97,50,4,6,8,7,0,Serie A,2019-2020,23275147453355121
14,Bordeaux,26,28.0,453,16.18,305,46,26,22,37,17,60,2.14,33,7,6,7,5,2,Ligue 1,2019-2020,12683680850395737
15,Bournemouth,27,38.0,567,14.92,393,66,32,29,40,7,57,1.5,32,4,5,9,7,0,Premier League,2019-2020,36088947257895306
16,Brescia,32,38.0,631,16.61,425,76,28,43,52,7,54,1.42,34,8,0,6,5,1,Serie A,2019-2020,24926529561002350
17,Brest,24,28.0,504,18.0,382,45,18,18,21,20,56,2.0,40,5,1,5,1,4,Ligue 1,2019-2020,27328509848090670
18,Brighton,25,38.0,702,18.47,510,69,42,35,32,14,58,1.53,37,8,5,2,5,1,Premier League,2019-2020,49072214318111932
19,Burnley,22,38.0,568,14.95,391,66,26,36,35,14,64,1.68,42,8,3,5,2,4,Premier League,2019-2020,21823480134907726
20,Cagliari,33,38.0,692,18.21,512,59,45,28,33,15,77,2.03,60,3,3,5,3,3,Serie A,2019-2020,32968728316179674
21,Celta Vigo,30,38.0,598,15.74,432,50,38,25,43,10,65,1.71,40,4,7,4,10,0,La Liga,2019-2020,14218303985450920
22,Chelsea,27,38.0,991,26.08,739,86,53,46,54,13,110,2.89,76,6,8,8,10,2,Premier League,2019-2020,58172670324373785
23,Crystal Palace,25,38.0,530,13.95,340,64,51,22,41,12,50,1.32,33,4,5,2,6,0,Premier League,2019-2020,15352059381074619
24,Dijon,28,28.0,507,18.11,339,66,39,26,26,11,39,1.39,29,2,2,6,0,0,Ligue 1,2019-2020,59239312409540653
25,Dortmund,27,34.0,732,21.53,556,58,49,40,23,6,153,4.5,128,5,12,6,1,1,Bundesliga,2019-2020,6921931827204601
26,Düsseldorf,28,34.0,631,18.56,416,70,50,28,49,18,56,1.65,40,6,3,3,4,0,Bundesliga,2019-2020,6414184432322702
27,Eibar,26,38.0,604,15.89,390,78,35,38,44,19,55,1.45,32,4,3,6,8,2,La Liga,2019-2020,67267904110326262
28,Eint Frankfurt,27,34.0,755,22.21,517,84,51,52,39,12,94,2.76,57,15,7,12,2,1,Bundesliga,2019-2020,37929111009288632
29,Espanyol,31,38.0,592,15.58,402,71,34,35,41,9,39,1.03,25,4,2,5,3,0,La Liga,2019-2020,71314269182841176
30,Everton,24,38.0,703,18.5,457,82,46,54,43,21,63,1.66,43,4,5,8,2,1,Premier League,2019-2020,57482013681231466
31,Fiorentina,33,38.0,904,23.79,634,82,64,45,65,14,82,2.16,45,7,6,13,8,3,Serie A,2019-2020,24325362613855847
32,Freiburg,26,34.0,671,19.74,449,83,40,37,53,9,72,2.12,36,9,7,5,13,2,Bundesliga,2019-2020,17577284562417651
33,Genoa,34,38.0,679,17.87,476,53,41,41,47,21,74,1.95,45,4,4,7,10,4,Serie A,2019-2020,87033800759594150
34,Getafe,30,38.0,610,16.05,411,73,33,24,59,10,73,1.92,44,6,11,4,7,1,La Liga,2019-2020,23789167582387071
35,Granada,27,38.0,567,14.92,370,75,27,30,48,17,77,2.03,44,7,3,8,9,6,La Liga,2019-2020,45137124328012624
36,Hellas Verona,30,38.0,699,18.39,505,71,39,42,32,10,73,1.92,48,5,5,5,7,3,Serie A,2019-2020,45227680351245381
37,Hertha BSC,32,34.0,564,16.59,390,57,46,29,31,11,77,2.26,49,7,11,6,4,0,Bundesliga,2019-2020,59737400018465050
38,Hoffenheim,31,34.0,709,20.85,481,76,49,43,49,11,81,2.38,53,7,7,10,3,1,Bundesliga,2019-2020,29322720181807625
39,Inter,29,38.0,997,26.24,727,74,64,60,50,22,140,3.68,100,8,7,10,13,2,Serie A,2019-2020,53198597771575973
40,Juventus,30,38.0,1119,29.45,828,81,70,58,62,20,117,3.08,75,7,11,10,11,3,Serie A,2019-2020,19371054131726661
41,Köln,29,34.0,639,18.79,438,73,41,34,41,12,79,2.32,49,7,8,8,7,0,Bundesliga,2019-2020,39731782814123330
42,Lazio,27,38.0,937,24.66,702,65,60,47,46,17,123,3.24,92,2,7,6,13,3,Serie A,2019-2020,90751438076496109
43,Lecce,30,38.0,843,22.18,648,65,35,33,47,15,89,2.34,53,9,5,8,12,2,Serie A,2019-2020,92912790925867566
44,Leganés,29,38.0,613,16.13,418,66,44,32,46,7,49,1.29,34,3,1,3,7,1,La Liga,2019-2020,20237473683555152
45,Leicester City,24,38.0,873,22.97,624,76,64,40,52,17,110,2.89,86,4,7,2,7,4,Premier League,2019-2020,18776461863573874
46,Levante,29,38.0,674,17.74,492,56,42,29,39,16,77,2.03,53,3,6,6,8,1,La Liga,2019-2020,1566092639264277
47,Leverkusen,24,34.0,780,22.94,568,81,55,41,25,10,103,3.03,76,8,9,4,5,1,Bundesliga,2019-2020,36794408106212849
48,Lille,25,28.0,563,20.11,374,59,56,31,31,12,59,2.11,37,5,4,4,5,4,Ligue 1,2019-2020,85603837513355486
49,Liverpool,24,38.0,911,23.97,672,72,73,37,39,18,136,3.58,93,10,14,8,9,2,Premier League,2019-2020,41956650829873911
50,Lyon,27,28.0,568,20.29,414,48,44,27,28,7,67,2.39,47,2,9,4,4,1,Ligue 1,2019-2020,87005642993871754
51,M'Gladbach,25,34.0,758,22.29,540,58,51,37,56,16,113,3.32,83,7,6,5,8,4,Bundesliga,2019-2020,81611584009946193
52,Mainz 05,25,34.0,681,20.03,483,71,60,25,38,4,71,2.09,49,5,8,5,4,0,Bundesliga,2019-2020,71158960989778912
53,Mallorca,32,38.0,659,17.34,458,68,44,26,58,5,63,1.66,39,1,7,5,11,0,La Liga,2019-2020,96459977719332900
54,Manchester City,24,38.0,1229,32.34,939,63,94,62,54,17,168,4.42,116,6,14,12,14,6,Premier League,2019-2020,74026506610392765
55,Manchester Utd,29,38.0,904,23.79,700,53,56,27,57,11,101,2.66,75,4,8,1,11,2,Premier League,2019-2020,29078730489839024
56,Marseille,23,28.0,589,21.04,402,69,32,30,43,13,58,2.07,40,4,4,4,5,1,Ligue 1,2019-2020,66190039714113630
57,Metz,24,28.0,497,17.75,336,42,58,16,30,15,43,1.54,27,5,6,3,0,2,Ligue 1,2019-2020,14635757597311544
58,Milan,32,38.0,1008,26.53,755,67,74,46,47,19,98,2.58,62,5,10,8,12,1,Serie A,2019-2020,59378513948613436
59,Monaco,28,28.0,588,21.0,403,48,58,34,34,11,73,2.61,47,5,8,7,6,0,Ligue 1,2019-2020,79093238158793616
60,Montpellier,27,28.0,518,18.5,351,60,25,29,43,10,51,1.82,36,3,2,4,5,1,Ligue 1,2019-2020,32434714471076965
61,Nantes,29,28.0,516,18.43,357,53,41,20,31,14,32,1.14,22,2,4,2,2,0,Ligue 1,2019-2020,25802633648495862
62,Napoli,25,38.0,1109,29.18,865,73,69,51,35,16,100,2.63,69,9,4,10,7,1,Serie A,2019-2020,10516137814401134
63,Newcastle Utd,28,38.0,596,15.68,417,60,45,30,31,13,61,1.61,40,6,3,6,3,3,Premier League,2019-2020,29528772732587842
64,Nice,31,28.0,531,18.96,359,46,46,30,39,11,63,2.25,43,5,2,6,6,1,Ligue 1,2019-2020,11720969662561653
65,Nîmes,28,28.0,503,17.96,342,55,37,25,29,15,44,1.57,29,4,3,4,3,1,Ligue 1,2019-2020,83514802313158576
66,Norwich City,30,38.0,651,17.13,467,50,48,37,33,16,38,1.0,27,2,3,2,1,3,Premier League,2019-2020,42809968147687487
67,Osasuna,31,38.0,700,18.42,504,84,31,33,34,14,68,1.79,46,7,2,5,5,3,La Liga,2019-2020,83352675823776457
68,Paderborn 07,27,34.0,647,19.03,441,62,55,34,37,18,57,1.68,37,3,5,9,2,1,Bundesliga,2019-2020,13210847894253626
69,Paris S-G,31,27.0,729,27.0,554,41,61,29,32,12,120,4.44,89,6,11,8,6,0,Ligue 1,2019-2020,11177590892093073
70,Parma,25,38.0,712,18.74,514,66,51,27,38,16,92,2.42,61,7,9,5,5,5,Serie A,2019-2020,62695319081093388
71,RB Leipzig,29,34.0,895,26.32,674,66,57,47,37,14,134,3.94,91,9,16,9,7,2,Bundesliga,2019-2020,68159208261559796
72,Real Madrid,26,38.0,917,24.13,708,63,56,34,40,16,120,3.16,87,6,5,4,17,1,La Liga,2019-2020,29627131003986350
73,Real Sociedad,27,38.0,684,18.0,512,58,36,26,38,14,88,2.32,62,5,5,7,3,6,La Liga,2019-2020,57299950304530590
74,Reims,26,28.0,502,17.93,365,51,29,15,29,13,41,1.46,24,6,3,1,6,1,Ligue 1,2019-2020,67732085073987538
75,Rennes,26,28.0,536,19.14,374,37,50,21,41,13,59,2.11,43,3,5,4,4,0,Ligue 1,2019-2020,96819424452761337
76,Roma,31,38.0,1037,27.29,742,90,77,53,57,18,122,3.21,85,7,7,8,12,3,Serie A,2019-2020,764736481564168
77,Saint-Étienne,31,28.0,469,16.75,311,52,41,18,31,16,50,1.79,29,8,2,5,5,1,Ligue 1,2019-2020,56226069621228236
78,Sampdoria,31,38.0,851,22.39,610,75,40,48,61,17,75,1.97,49,4,2,6,12,2,Serie A,2019-2020,89407679695143145
79,Sassuolo,31,38.0,893,23.5,663,49,73,40,49,19,110,2.89,78,0,14,9,9,0,Serie A,2019-2020,79200252522790650
80,Schalke 04,29,34.0,588,17.29,397,67,42,34,37,11,57,1.68,42,5,4,1,4,1,Bundesliga,2019-2020,24345039935475884
81,Sevilla,26,38.0,740,19.47,536,71,49,34,40,10,85,2.24,56,7,8,5,8,1,La Liga,2019-2020,22702270477938803
82,Sheffield Utd,26,38.0,549,14.45,402,61,34,27,17,8,55,1.45,42,2,5,5,1,0,Premier League,2019-2020,93216768512646707
83,Southampton,25,38.0,745,19.61,496,67,62,39,53,28,71,1.87,38,4,10,8,8,3,Premier League,2019-2020,21037626007536306
84,SPAL,34,38.0,712,18.74,496,82,48,29,48,9,41,1.08,22,3,5,4,5,2,Serie A,2019-2020,73622612860183040
85,Strasbourg,25,27.0,505,18.7,378,44,30,17,26,10,52,1.93,38,4,3,1,5,1,Ligue 1,2019-2020,92234479374253707
86,Torino,27,38.0,695,18.29,462,78,50,36,47,22,70,1.84,37,8,8,12,4,1,Serie A,2019-2020,21846272194836439
87,Tottenham,29,38.0,706,18.58,528,42,54,31,35,16,84,2.21,53,3,12,12,3,1,Premier League,2019-2020,22006624071753704
88,Toulouse,30,28.0,481,17.18,342,47,31,18,27,16,36,1.29,27,2,1,1,4,1,Ligue 1,2019-2020,94523000561782573
89,Udinese,25,38.0,766,20.16,592,62,45,25,21,21,60,1.58,43,4,6,4,1,2,Serie A,2019-2020,48393495896639342
90,Union Berlin,26,34.0,540,15.88,363,67,35,36,29,10,59,1.74,33,8,3,8,6,1,Bundesliga,2019-2020,71630543971501382
91,Valencia,28,38.0,548,14.42,397,52,31,14,43,11,77,2.03,55,4,9,1,8,0,La Liga,2019-2020,65158650443085242
92,Valladolid,30,38.0,584,15.37,407,44,44,24,53,12,53,1.39,33,2,3,6,7,2,La Liga,2019-2020,44089518275887893
93,Villarreal,25,38.0,783,20.61,590,56,48,36,39,14,106,2.79,70,2,9,11,13,1,La Liga,2019-2020,63335634096533483
94,Watford,26,38.0,642,16.89,445,54,42,35,42,24,53,1.39,30,4,2,4,8,5,Premier League,2019-2020,73743918793554398
95,Werder Bremen,30,34.0,667,19.62,467,61,42,42,32,23,69,2.03,41,4,4,11,5,4,Bundesliga,2019-2020,59303898890876434
96,West Ham,29,38.0,661,17.39,471,73,40,28,41,8,82,2.16,54,7,6,6,9,0,Premier League,2019-2020,57680956417459581
97,Wolfsburg,26,34.0,709,20.85,482,82,50,45,40,10,76,2.24,48,5,8,7,8,0,Bundesliga,2019-2020,85159484018358879
98,Wolves,21,38.0,703,18.5,476,62,70,32,42,21,83,2.18,47,7,8,8,8,5,Premier League,2019-2020,24001928852251903
1,Alavés,26,38.0,590,15.53,375,77,40,36,47,15,59,1.55,36,7,3,7,5,1,La Liga,2018-2019,37745278530914180
2,Amiens,26,38.0,607,15.97,442,54,31,22,44,14,52,1.37,38,3,4,2,3,2,Ligue 1,2018-2019,20069478421376018
3,Angers,24,38.0,726,19.11,481,77,47,42,65,14,65,1.71,45,4,4,6,6,0,Ligue 1,2018-2019,66587352409382849
4,Arsenal,28,38.0,769,20.24,607,49,44,30,23,16,116,3.05,92,6,4,5,7,2,Premier League,2018-2019,5838645288327307
5,Atalanta,27,38.0,1041,27.39,768,87,80,58,27,21,132,3.47,98,9,11,9,3,2,Serie A,2018-2019,87465877057901989
6,Athletic Club,27,38.0,575,15.13,400,62,35,33,32,13,61,1.61,40,3,3,7,6,2,La Liga,2018-2019,4823083458145023
7,Atlético Madrid,29,38.0,709,18.66,513,67,40,32,47,10,83,2.18,58,3,5,11,5,1,La Liga,2018-2019,74713976168286555
8,Augsburg,30,34.0,662,19.47,461,72,30,46,35,18,67,1.97,51,4,0,7,5,0,Bundesliga,2018-2019,82828683183786310
9,Barcelona,30,38.0,947,24.92,707,38,80,38,72,12,155,4.08,112,5,12,9,15,2,La Liga,2018-2019,81744823723090567
10,Bayern Munich,24,34.0,983,28.91,705,85,69,60,52,12,136,4.0,98,8,9,15,4,2,Bundesliga,2018-2019,7510926916741648
11,Betis,25,38.0,721,18.97,537,45,44,22,64,9,78,2.05,60,0,6,5,7,0,La Liga,2018-2019,9423348454032625
12,Bologna,29,38.0,753,19.82,532,78,36,50,44,13,77,2.03,54,10,2,4,5,2,Serie A,2018-2019,23275147453355121
13,Bordeaux,33,38.0,701,18.45,512,54,48,26,44,17,56,1.47,40,1,8,4,2,1,Ligue 1,2018-2019,12683680850395737
14,Bournemouth,28,38.0,659,17.34,475,65,39,28,43,9,96,2.53,63,7,8,6,10,2,Premier League,2018-2019,36088947257895306
15,Brighton,21,38.0,582,15.32,392,75,33,33,38,11,54,1.42,28,8,2,8,7,1,Premier League,2018-2019,49072214318111932
16,Burnley,23,38.0,518,13.63,343,76,14,39,36,10,62,1.63,40,8,1,10,2,1,Premier League,2018-2019,21823480134907726
17,Caen,27,38.0,468,12.32,305,60,23,26,40,14,44,1.16,27,3,3,4,7,0,Ligue 1,2018-2019,21277886218272520
18,Cagliari,30,38.0,642,16.89,454,80,22,41,30,15,53,1.39,34,7,4,4,4,0,Serie A,2018-2019,32968728316179674
19,Cardiff City,25,38.0,570,15.0,374,78,32,40,38,8,51,1.34,35,4,3,7,2,0,Premier League,2018-2019,69924771535350567
20,Celta Vigo,28,38.0,736,19.37,534,49,56,38,49,10,89,2.34,64,4,5,6,10,0,La Liga,2018-2019,14218303985450920
21,Chelsea,24,38.0,1003,26.39,791,58,53,37,51,13,111,2.92,79,7,11,6,7,1,Premier League,2018-2019,58172670324373785
22,Chievo,36,38.0,597,15.71,439,57,31,31,32,7,36,0.95,24,2,1,5,3,1,Serie A,2018-2019,83748145049842906
23,Crystal Palace,26,38.0,762,20.05,533,65,64,46,42,12,83,2.18,48,6,7,8,12,2,Premier League,2018-2019,15352059381074619
24,Dijon,26,38.0,687,18.08,465,71,51,42,43,15,48,1.26,33,3,3,7,1,1,Ligue 1,2018-2019,59239312409540653
25,Dortmund,23,34.0,730,21.47,535,63,35,39,45,13,147,4.32,106,6,10,11,11,3,Bundesliga,2018-2019,6921931827204601
26,Düsseldorf,24,34.0,649,19.09,458,69,33,35,37,17,79,2.32,55,4,9,4,4,3,Bundesliga,2018-2019,6414184432322702
27,Eibar,25,38.0,774,20.37,526,97,54,28,52,17,70,1.84,48,6,3,6,6,1,La Liga,2018-2019,67267904110326262
28,Eint Frankfurt,30,34.0,604,17.76,407,75,43,30,35,14,94,2.76,67,5,6,10,3,3,Bundesliga,2018-2019,37929111009288632
29,Empoli,29,38.0,696,18.32,518,51,45,38,28,16,78,2.05,56,4,7,6,4,1,Serie A,2018-2019,77726683749984272
30,Espanyol,25,38.0,733,19.29,529,48,45,54,42,15,66,1.74,45,2,1,11,5,2,La Liga,2018-2019,71314269182841176
31,Everton,23,38.0,732,19.26,477,80,55,52,51,17,81,2.13,53,4,11,10,2,1,Premier League,2018-2019,57482013681231466
32,Fiorentina,27,38.0,887,23.34,651,77,54,45,38,22,66,1.74,38,2,13,4,7,2,Serie A,2018-2019,24325362613855847
33,Freiburg,28,34.0,622,18.29,449,54,34,35,40,10,67,1.97,41,5,2,10,9,0,Bundesliga,2018-2019,17577284562417651
34,Frosinone,33,38.0,662,17.42,472,75,31,30,43,11,46,1.21,29,5,3,5,4,0,Serie A,2018-2019,87953309350363757
35,Fulham,28,38.0,710,18.68,535,57,49,38,21,10,58,1.53,40,3,7,5,3,0,Premier League,2018-2019,19227944656237519
36,Genoa,31,38.0,787,20.71,532,90,44,48,51,22,52,1.37,34,5,3,4,3,3,Serie A,2018-2019,87033800759594150
37,Getafe,26,38.0,586,15.42,367,85,41,26,51,16,72,1.89,46,6,7,4,9,0,La Liga,2018-2019,23789167582387071
38,Girona,26,38.0,607,15.97,399,74,41,35,55,3,64,1.68,42,5,2,7,7,1,La Liga,2018-2019,12545195302828957
39,Guingamp,30,38.0,647,17.03,446,72,41,31,43,14,47,1.24,28,7,2,4,6,0,Ligue 1,2018-2019,16872092436156260
40,Hannover 96,32,34.0,568,16.71,400,59,36,22,35,16,45,1.32,36,2,1,1,4,1,Bundesliga,2018-2019,10121335889457780
41,Hertha BSC,26,34.0,622,18.29,431,64,46,38,32,11,78,2.29,51,4,8,8,6,1,Bundesliga,2018-2019,59737400018465050
42,Hoffenheim,29,34.0,940,27.65,672,79,69,54,47,19,111,3.26,75,6,7,11,10,2,Bundesliga,2018-2019,29322720181807625
43,Huddersfield,31,38.0,588,15.47,418,68,20,29,33,20,31,0.82,21,5,0,2,2,1,Premier League,2018-2019,70397411865897550
44,Huesca,30,38.0,702,18.47,467,80,47,48,40,20,63,1.66,34,7,4,9,8,1,La Liga,2018-2019,16593090704373522
45,Inter,23,38.0,978,25.74,768,77,36,48,33,16,91,2.39,65,3,6,8,6,3,Serie A,2018-2019,53198597771575973
46,Juventus,31,38.0,969,25.5,712,80,46,57,53,21,99,2.61,64,5,1,16,8,5,Serie A,2018-2019,19371054131726661
47,Lazio,30,38.0,989,26.03,758,74,52,51,35,19,86,2.26,60,4,6,9,4,3,Serie A,2018-2019,90751438076496109
48,Leganés,29,38.0,610,16.05,432,70,32,25,38,13,54,1.42,38,6,3,5,2,0,La Liga,2018-2019,20237473683555152
49,Leicester City,25,38.0,769,20.24,536,75,50,43,42,23,80,2.11,54,2,7,6,9,2,Premier League,2018-2019,18776461863573874
50,Levante,26,38.0,637,16.76,435,51,58,25,55,13,89,2.34,55,11,9,5,9,0,La Liga,2018-2019,1566092639264277
51,Leverkusen,21,34.0,787,23.15,609,52,39,42,31,14,116,3.41,92,6,2,9,6,1,Bundesliga,2018-2019,36794408106212849
52,Lille,25,38.0,827,21.76,584,70,63,29,59,22,122,3.21,77,8,15,5,13,4,Ligue 1,2018-2019,85603837513355486
53,Liverpool,23,38.0,908,23.89,670,70,69,44,39,16,140,3.68,98,9,11,9,10,3,Premier League,2018-2019,41956650829873911
54,Lyon,25,38.0,1118,29.42,804,81,70,68,76,19,127,3.34,98,1,9,10,8,1,Ligue 1,2018-2019,87005642993871754
55,M'Gladbach,22,34.0,714,21.0,531,58,38,46,34,7,94,2.76,70,5,7,6,6,0,Bundesliga,2018-2019,81611584009946193
56,Mainz 05,28,34.0,736,21.65,547,56,51,35,35,12,71,2.09,49,2,12,2,3,3,Bundesliga,2018-2019,71158960989778912
57,Manchester City,21,38.0,1077,28.34,825,66,76,55,42,13,159,4.18,126,5,12,4,9,3,Premier League,2018-2019,74026506610392765
58,Manchester Utd,28,38.0,847,22.29,634,54,54,40,51,14,110,2.89,76,3,11,9,10,1,Premier League,2018-2019,29078730489839024
59,Marseille,24,38.0,817,21.5,569,105,39,46,45,13,99,2.61,68,8,6,15,2,0,Ligue 1,2018-2019,66190039714113630
60,Milan,23,38.0,976,25.68,747,60,70,37,38,24,84,2.21,61,3,6,7,5,2,Serie A,2018-2019,59378513948613436
61,Monaco,42,38.0,743,19.55,511,68,54,49,39,22,59,1.55,37,3,5,6,6,2,Ligue 1,2018-2019,79093238158793616
62,Montpellier,25,38.0,798,21.0,581,79,44,27,53,14,69,1.82,44,6,2,8,6,3,Ligue 1,2018-2019,32434714471076965
63,Nantes,33,38.0,828,21.79,561,100,37,47,66,17,71,1.87,49,3,4,8,7,0,Ligue 1,2018-2019,25802633648495862
64,Napoli,26,38.0,1170,30.79,951,54,58,52,29,26,126,3.32,90,5,10,13,4,4,Serie A,2018-2019,10516137814401134
65,Newcastle Utd,24,38.0,631,16.61,456,61,38,27,31,18,60,1.58,43,5,0,8,2,2,Premier League,2018-2019,29528772732587842
66,Nice,30,38.0,752,19.79,489,74,75,39,57,18,46,1.21,31,2,2,3,7,1,Ligue 1,2018-2019,11720969662561653
67,Nîmes,23,38.0,799,21.03,521,93,72,41,48,24,86,2.26,47,11,10,7,9,2,Ligue 1,2018-2019,83514802313158576
68,Nürnberg,27,34.0,506,14.88,342,59,22,31,41,11,38,1.12,23,4,0,8,3,0,Bundesliga,2018-2019,10689243141507842
69,Paris S-G,30,38.0,940,24.74,687,67,74,40,49,23,169,4.45,121,6,14,12,11,5,Ligue 1,2018-2019,11177590892093073
70,Parma,31,38.0,521,13.71,329,55,54,32,32,19,57,1.5,26,5,11,7,7,1,Serie A,2018-2019,62695319081093388
71,Rayo Vallecano,29,38.0,716,18.84,491,74,48,40,42,21,62,1.63,44,3,1,7,7,0,La Liga,2018-2019,75203699329351977
72,RB Leipzig,23,34.0,804,23.65,593,68,50,37,35,21,106,3.12,71,2,15,8,4,6,Bundesliga,2018-2019,68159208261559796
73,Real Madrid,27,38.0,975,25.66,727,71,65,49,46,17,103,2.71,66,6,7,12,10,2,La Liga,2018-2019,29627131003986350
74,Real Sociedad,30,38.0,660,17.37,464,61,44,36,41,14,71,1.87,44,5,3,7,10,2,La Liga,2018-2019,57299950304530590
75,Reims,27,38.0,615,16.18,423,62,56,35,31,8,62,1.63,41,3,9,2,4,3,Ligue 1,2018-2019,67732085073987538
76,Rennes,28,38.0,759,19.97,511,59,63,35,74,17,86,2.26,51,8,8,8,9,2,Ligue 1,2018-2019,96819424452761337
77,Roma,26,38.0,983,25.87,692,103,69,57,43,19,103,2.71,71,5,11,5,10,1,Serie A,2018-2019,764736481564168
78,Saint-Étienne,29,38.0,744,19.58,510,74,49,53,41,17,87,2.29,54,11,3,8,9,2,Ligue 1,2018-2019,56226069621228236
79,Sampdoria,24,38.0,720,18.95,551,47,32,32,41,17,99,2.61,75,3,7,6,8,0,Serie A,2018-2019,89407679695143145
80,Sassuolo,29,38.0,779,20.5,590,51,45,39,37,17,82,2.16,52,6,5,11,7,1,Serie A,2018-2019,79200252522790650
81,Schalke 04,32,34.0,630,18.53,397,89,34,38,56,16,59,1.74,32,4,6,7,7,3,Bundesliga,2018-2019,24345039935475884
82,Sevilla,27,38.0,812,21.37,622,57,51,30,35,17,106,2.79,80,4,8,8,5,1,La Liga,2018-2019,22702270477938803
83,Southampton,30,38.0,720,18.95,499,62,47,49,44,19,67,1.76,49,0,4,5,7,2,Premier League,2018-2019,21037626007536306
84,SPAL,28,38.0,710,18.68,517,74,31,27,46,15,74,1.95,47,11,2,5,9,0,Serie A,2018-2019,73622612860183040
85,Strasbourg,26,38.0,643,16.92,462,69,43,26,30,13,94,2.47,66,7,5,6,6,4,Ligue 1,2018-2019,92234479374253707
86,Stuttgart,26,34.0,624,18.35,448,65,39,27,32,13,49,1.44,36,4,4,4,1,0,Bundesliga,2018-2019,81761661302668293
87,Torino,25,38.0,807,21.24,562,77,54,46,48,20,70,1.84,43,7,5,5,6,4,Serie A,2018-2019,21846272194836439
88,Tottenham,28,38.0,847,22.29,599,71,65,46,43,23,102,2.68,68,7,8,10,8,1,Premier League,2018-2019,22006624071753704
89,Toulouse,29,38.0,643,16.92,410,77,52,40,47,17,53,1.39,27,6,5,8,7,0,Ligue 1,2018-2019,94523000561782573
90,Udinese,31,38.0,729,19.18,526,58,58,30,38,19,68,1.79,45,7,3,5,7,1,Serie A,2018-2019,48393495896639342
91,Valencia,25,38.0,763,20.08,564,67,43,35,43,11,85,2.24,61,6,5,5,7,1,La Liga,2018-2019,65158650443085242
92,Valladolid,28,38.0,641,16.87,450,62,42,25,49,13,47,1.24,30,4,3,2,8,0,La Liga,2018-2019,44089518275887893
93,Villarreal,26,38.0,756,19.89,545,63,58,43,26,21,75,1.97,45,7,7,10,4,2,La Liga,2018-2019,63335634096533483
94,Watford,25,38.0,646,17.0,466,51,41,30,39,19,82,2.16,53,8,11,4,3,3,Premier League,2018-2019,73743918793554398
95,Werder Bremen,24,34.0,708,20.82,544,48,41,34,26,15,91,2.68,63,2,9,8,7,2,Bundesliga,2018-2019,59303898890876434
96,West Ham,26,38.0,687,18.08,480,76,30,47,36,18,79,2.08,55,5,3,9,7,0,Premier League,2018-2019,57680956417459581
97,Wolfsburg,25,34.0,631,18.56,457,66,31,28,40,9,98,2.88,61,10,7,12,6,2,Bundesliga,2018-2019,85159484018358879
98,Wolves,21,38.0,698,18.37,509,61,42,37,33,16,80,2.11,58,6,2,6,8,0,Premier League,2018-2019,24001928852251903
1,Alavés,30,38.0,592,15.58,409,55,38,22,57,11,66,1.74,49,3,3,5,6,0,La Liga,2017-2018,37745278530914180
2,Amiens,30,38.0,544,14.32,375,62,31,26,40,10,62,1.63,39,3,6,5,6,3,Ligue 1,2017-2018,20069478421376018
3,Angers,27,38.0,734,19.32,497,75,52,43,48,19,70,1.84,43,8,3,8,7,1,Ligue 1,2017-2018,66587352409382849
4,Arsenal,30,38.0,937,24.66,733,46,54,45,49,10,119,3.13,89,7,5,11,7,0,Premier League,2017-2018,5838645288327307
5,Atalanta,25,38.0,929,24.45,663,82,67,65,37,15,95,2.5,64,5,10,8,7,1,Serie A,2017-2018,87465877057901989
6,Athletic Club,26,38.0,674,17.74,451,92,30,40,51,10,68,1.79,48,5,1,6,7,1,La Liga,2017-2018,4823083458145023
7,Atlético Madrid,26,38.0,636,16.74,437,71,38,27,51,12,98,2.58,72,2,9,6,7,2,La Liga,2017-2018,74713976168286555
8,Augsburg,27,34.0,654,19.24,450,79,31,42,37,15,70,2.06,46,6,1,10,6,1,Bundesliga,2017-2018,82828683183786310
9,Barcelona,25,38.0,974,25.63,705,48,74,53,74,20,172,4.53,123,6,13,16,11,3,La Liga,2017-2018,81744823723090567
10,Bayern Munich,28,34.0,976,28.71,755,78,42,45,48,8,158,4.65,128,7,8,7,7,1,Bundesliga,2017-2018,7510926916741648
11,Benevento,41,38.0,713,18.76,506,65,53,37,37,15,54,1.42,34,6,2,7,4,1,Serie A,2017-2018,38159059008947812
12,Betis,29,38.0,673,17.71,508,38,46,23,37,21,97,2.55,73,4,3,8,6,3,La Liga,2017-2018,9423348454032625
13,Bologna,30,38.0,549,14.45,393,34,35,27,50,10,54,1.42,30,4,4,9,7,0,Serie A,2017-2018,23275147453355121
14,Bordeaux,31,38.0,784,20.63,583,49,49,38,43,22,87,2.29,63,5,7,5,5,2,Ligue 1,2017-2018,12683680850395737
15,Bournemouth,22,38.0,709,18.66,515,72,41,32,34,15,74,1.95,46,9,5,6,6,2,Premier League,2017-2018,36088947257895306
16,Brighton,24,38.0,569,14.97,407,69,29,28,27,9,57,1.5,40,3,4,4,6,0,Premier League,2017-2018,49072214318111932
17,Burnley,24,38.0,575,15.13,364,86,34,41,41,9,55,1.45,35,4,3,12,1,0,Premier League,2017-2018,21823480134907726
18,Caen,26,38.0,712,18.74,490,96,25,41,44,16,48,1.26,33,4,3,3,4,1,Ligue 1,2017-2018,21277886218272520
19,Cagliari,29,38.0,562,14.79,399,68,22,33,30,10,49,1.29,32,5,2,5,3,2,Serie A,2017-2018,32968728316179674
20,Celta Vigo,23,38.0,742,19.53,550,48,36,39,51,18,106,2.79,71,6,7,10,9,3,La Liga,2017-2018,14218303985450920
21,Chelsea,26,38.0,1006,26.47,764,77,59,41,44,21,92,2.42,73,6,3,3,7,0,Premier League,2017-2018,58172670324373785
22,Chievo,25,38.0,596,15.68,454,51,34,18,29,10,60,1.58,42,7,2,4,3,2,Serie A,2017-2018,83748145049842906
23,Crotone,29,38.0,554,14.58,384,63,22,30,40,15,64,1.68,46,3,0,9,5,1,Serie A,2017-2018,33431629624225246
24,Crystal Palace,28,38.0,719,18.92,478,74,56,41,52,18,76,2.0,49,3,5,9,9,1,Premier League,2017-2018,15352059381074619
25,Dijon,26,38.0,721,18.97,507,65,44,33,54,18,86,2.26,54,6,6,9,7,4,Ligue 1,2017-2018,59239312409540653
26,Dortmund,30,34.0,722,21.24,556,46,42,43,24,11,88,2.59,62,1,9,13,2,1,Bundesliga,2017-2018,6921931827204601
27,Eibar,27,38.0,717,18.87,485,94,28,34,58,18,71,1.87,47,8,1,9,4,2,La Liga,2017-2018,67267904110326262
28,Eint Frankfurt,28,34.0,582,17.12,414,70,24,28,31,15,74,2.18,56,8,1,4,4,1,Bundesliga,2017-2018,37929111009288632
29,Espanyol,25,38.0,630,16.58,447,58,32,32,39,22,63,1.66,42,3,5,3,7,3,La Liga,2017-2018,71314269182841176
30,Everton,30,38.0,559,14.71,393,58,26,30,36,16,68,1.79,42,2,4,9,7,4,Premier League,2017-2018,57482013681231466
31,Fiorentina,27,38.0,965,25.39,725,77,52,47,37,27,92,2.42,65,4,7,6,8,2,Serie A,2017-2018,24325362613855847
32,Freiburg,29,34.0,569,16.74,382,70,27,31,50,9,53,1.56,27,9,6,3,7,1,Bundesliga,2017-2018,17577284562417651
33,Genoa,33,38.0,671,17.66,513,51,36,38,24,9,47,1.24,35,3,1,3,4,1,Serie A,2017-2018,87033800759594150
34,Getafe,32,38.0,554,14.58,343,78,38,27,48,20,64,1.68,34,8,7,5,8,2,La Liga,2017-2018,23789167582387071
35,Girona,25,38.0,701,18.45,434,99,37,36,79,16,78,2.05,42,9,7,7,11,2,La Liga,2017-2018,12545195302828957
36,Guingamp,23,38.0,704,18.53,496,71,28,38,60,11,77,2.03,46,6,3,10,11,1,Ligue 1,2017-2018,16872092436156260
37,Hamburger SV,29,34.0,568,16.71,377,69,41,28,41,12,44,1.29,25,3,4,8,3,1,Bundesliga,2017-2018,42905483414913667
38,Hannover 96,26,34.0,665,19.56,441,80,35,45,53,11,69,2.03,46,7,2,6,7,1,Bundesliga,2017-2018,10121335889457780
39,Hellas Verona,32,38.0,528,13.89,357,51,42,28,35,15,42,1.11,26,2,2,7,4,1,Serie A,2017-2018,45227680351245381
40,Hertha BSC,25,34.0,483,14.21,326,60,33,23,35,6,65,1.91,40,8,6,5,6,0,Bundesliga,2017-2018,59737400018465050
41,Hoffenheim,26,34.0,746,21.94,554,55,51,38,34,14,100,2.94,70,4,9,8,7,2,Bundesliga,2017-2018,29322720181807625
42,Huddersfield,25,38.0,514,13.53,381,38,25,21,30,19,43,1.13,30,3,4,3,3,0,Premier League,2017-2018,70397411865897550
43,Inter,22,38.0,929,24.45,711,86,45,39,36,12,101,2.66,64,11,4,10,11,1,Serie A,2017-2018,53198597771575973
44,Juventus,24,38.0,919,24.18,677,71,52,42,65,12,143,3.76,108,5,12,6,11,1,Serie A,2017-2018,19371054131726661
45,Köln,31,34.0,586,17.24,425,51,33,31,33,13,60,1.76,36,8,4,3,7,2,Bundesliga,2017-2018,39731782814123330
46,La Coruña,32,38.0,698,18.37,500,68,42,39,33,16,60,1.58,42,6,1,7,4,0,La Liga,2017-2018,31828180925314031
47,Las Palmas,36,38.0,668,17.58,477,53,39,25,60,14,39,1.03,24,1,5,4,3,2,La Liga,2017-2018,33189055458748528
48,Lazio,24,38.0,916,24.11,702,75,54,44,33,8,148,3.89,103,10,14,10,10,1,Serie A,2017-2018,90751438076496109
49,Leganés,28,38.0,629,16.55,403,74,41,36,54,21,55,1.45,34,6,5,7,3,0,La Liga,2017-2018,20237473683555152
50,Leicester City,27,38.0,600,15.79,423,62,40,29,32,14,87,2.29,62,6,5,3,7,4,Premier League,2017-2018,18776461863573874
51,Levante,33,38.0,670,17.63,470,51,57,31,45,16,76,2.0,50,4,8,3,10,1,La Liga,2017-2018,1566092639264277
52,Leverkusen,24,34.0,812,23.88,614,58,55,26,40,19,100,2.94,73,5,12,2,4,4,Bundesliga,2017-2018,36794408106212849
53,Lille,25,38.0,732,19.26,550,55,50,30,43,4,70,1.84,55,2,6,3,3,1,Ligue 1,2017-2018,85603837513355486
54,Liverpool,27,38.0,1019,26.82,767,63,72,51,43,23,127,3.34,89,4,16,8,6,4,Premier League,2017-2018,41956650829873911
55,Lyon,26,38.0,980,25.79,654,77,79,61,81,28,143,3.76,96,6,14,12,11,4,Ligue 1,2017-2018,87005642993871754
56,M'Gladbach,27,34.0,688,20.24,469,74,54,40,36,15,72,2.12,42,6,6,10,7,1,Bundesliga,2017-2018,81611584009946193
57,Mainz 05,27,34.0,613,18.03,457,53,29,20,37,17,61,1.79,43,6,4,2,6,0,Bundesliga,2017-2018,71158960989778912
58,Málaga,37,38.0,589,15.5,379,79,31,33,51,16,35,0.92,20,4,2,4,4,1,La Liga,2017-2018,79809637287620621
59,Manchester City,25,38.0,1103,29.03,868,72,49,41,55,18,188,4.95,151,9,10,7,10,1,Premier League,2017-2018,74026506610392765
60,Manchester Utd,27,38.0,803,21.13,614,47,49,39,41,13,108,2.84,79,4,8,11,5,1,Premier League,2017-2018,29078730489839024
61,Marseille,26,38.0,986,25.95,684,88,62,74,61,17,130,3.42,85,11,10,15,9,0,Ligue 1,2017-2018,66190039714113630
62,Metz,36,38.0,702,18.47,500,71,46,32,30,23,60,1.58,45,4,2,4,2,3,Ligue 1,2017-2018,14635757597311544
63,Milan,23,38.0,999,26.29,785,59,45,53,47,10,85,2.24,62,5,1,10,7,0,Serie A,2017-2018,59378513948613436
64,Monaco,32,38.0,796,20.95,527,77,56,50,65,21,138,3.63,83,9,12,19,11,4,Ligue 1,2017-2018,79093238158793616
65,Montpellier,23,38.0,791,20.82,559,86,40,37,51,18,63,1.66,51,2,3,5,1,1,Ligue 1,2017-2018,32434714471076965
66,Nantes,30,38.0,786,20.68,537,80,38,56,55,20,51,1.34,37,2,1,6,5,0,Ligue 1,2017-2018,25802633648495862
67,Napoli,23,38.0,1114,29.32,912,49,59,44,33,17,121,3.18,88,8,5,9,8,3,Serie A,2017-2018,10516137814401134
68,Newcastle Utd,27,38.0,667,17.55,477,62,39,39,26,24,57,1.5,38,6,3,9,1,0,Premier League,2017-2018,29528772732587842
69,Nice,31,38.0,824,21.69,565,74,67,47,61,10,88,2.32,53,6,11,6,10,2,Ligue 1,2017-2018,11720969662561653
70,Paris S-G,26,38.0,1053,27.71,795,50,66,50,60,32,173,4.55,132,4,15,11,10,1,Ligue 1,2017-2018,11177590892093073
71,RB Leipzig,23,34.0,784,23.06,571,62,59,32,47,13,99,2.91,75,4,5,7,6,2,Bundesliga,2017-2018,68159208261559796
72,Real Madrid,24,38.0,1211,31.87,944,72,70,52,56,17,159,4.18,116,7,10,14,11,1,La Liga,2017-2018,29627131003986350
73,Real Sociedad,27,38.0,810,21.32,590,75,42,39,54,10,101,2.66,72,7,6,5,9,2,La Liga,2017-2018,57299950304530590
74,Rennes,28,38.0,716,18.84,472,92,24,41,69,18,75,1.97,53,4,3,5,9,1,Ligue 1,2017-2018,96819424452761337
75,Roma,27,38.0,1056,27.79,772,94,60,52,55,23,99,2.61,70,4,7,4,6,8,Serie A,2017-2018,764736481564168
76,Saint-Étienne,30,38.0,713,18.76,496,71,43,47,46,10,74,1.95,46,4,5,9,9,1,Ligue 1,2017-2018,56226069621228236
77,Sampdoria,27,38.0,721,18.97,509,67,49,34,45,17,83,2.18,54,4,7,6,9,3,Serie A,2017-2018,89407679695143145
78,Sassuolo,28,38.0,766,20.16,550,71,43,43,44,15,44,1.16,29,2,4,4,5,0,Serie A,2017-2018,79200252522790650
79,Schalke 04,24,34.0,645,18.97,424,74,51,33,43,20,82,2.41,43,8,9,5,15,2,Bundesliga,2017-2018,24345039935475884
80,Sevilla,31,38.0,840,22.11,638,67,44,35,39,17,88,2.32,60,9,5,7,6,1,La Liga,2017-2018,22702270477938803
81,Southampton,26,38.0,685,18.03,511,61,43,28,27,15,65,1.71,44,3,5,5,7,1,Premier League,2017-2018,21037626007536306
82,SPAL,29,38.0,548,14.42,361,61,39,24,48,15,55,1.45,30,5,2,9,8,1,Serie A,2017-2018,73622612860183040
83,Stoke City,30,38.0,581,15.29,404,56,37,37,33,14,60,1.58,38,8,3,5,5,1,Premier League,2017-2018,55848606059653975
84,Strasbourg,25,38.0,692,18.21,460,89,28,42,57,16,73,1.92,44,5,5,7,11,1,Ligue 1,2017-2018,92234479374253707
85,Stuttgart,26,34.0,521,15.32,347,52,31,38,32,21,53,1.56,24,6,6,10,4,3,Bundesliga,2017-2018,81761661302668293
86,Swansea City,26,38.0,459,12.08,309,43,44,25,24,14,34,0.89,19,5,1,6,1,2,Premier League,2017-2018,11897392087106032
87,Torino,27,38.0,730,19.21,519,75,45,35,40,16,89,2.34,63,7,5,9,3,2,Serie A,2017-2018,21846272194836439
88,Tottenham,25,38.0,966,25.42,712,71,51,56,54,22,109,2.87,75,9,6,11,7,1,Premier League,2017-2018,22006624071753704
89,Toulouse,25,38.0,668,17.58,452,71,38,35,59,13,65,1.71,43,4,3,5,8,2,Ligue 1,2017-2018,94523000561782573
90,Troyes,25,38.0,577,15.18,431,43,34,29,26,14,51,1.34,35,2,5,5,4,0,Ligue 1,2017-2018,57069542099991496
91,Udinese,27,38.0,688,18.11,509,58,41,34,34,12,75,1.97,50,6,5,6,7,1,Serie A,2017-2018,48393495896639342
92,Valencia,25,38.0,777,20.45,558,66,52,30,60,11,107,2.82,73,8,5,5,12,4,La Liga,2017-2018,65158650443085242
93,Villarreal,32,38.0,789,20.76,566,62,55,36,46,24,95,2.5,68,3,11,7,6,0,La Liga,2017-2018,63335634096533483
94,Watford,29,38.0,653,17.18,455,62,43,35,39,19,62,1.63,34,6,6,8,5,3,Premier League,2017-2018,73743918793554398
95,Werder Bremen,25,34.0,680,20.0,479,73,38,42,37,11,48,1.41,26,7,3,8,1,3,Bundesliga,2017-2018,59303898890876434
96,West Brom,24,38.0,563,14.82,379,71,30,31,32,20,48,1.26,31,6,3,4,3,1,Premier League,2017-2018,26775906631723373
97,West Ham,27,38.0,565,14.87,394,57,48,15,41,10,74,1.95,47,5,8,7,5,2,Premier League,2017-2018,57680956417459581
98,Wolfsburg,29,34.0,552,16.24,409,42,19,23,47,12,61,1.79,44,5,2,2,6,2,Bundesliga,2017-2018,85159484018358879
