Rk,Squad,# Pl,Poss,90s,Touches,Def Pen,Def 3rd,Mid 3rd,Att 3rd,Att Pen,Live,Succ,Att,Succ%,#Pl,Megs,Carries,TotDist,PrgDist,Prog,1/3,CPA,Mis,Dis,Targ,Rec,Rec%,Prog,League,Season,TeamID
1,Alavés,24,40.7,11.0,5375,790,1998,2413,1224,196,4848,75,143,52.4,82,8,2932,13878,7004,267,72,29,147,111,3728,2999,80.4,209,La Liga,2021-2022,37745278530914180
2,Angers,22,47.0,12.0,7339,742,2725,3577,1474,216,6810,127,255,49.8,138,11,4818,22684,12682,451,126,45,159,189,5530,4892,88.5,326,Ligue 1,2021-2022,66587352409382849
3,Arminia,22,40.2,10.0,5085,732,1983,2121,1236,195,4610,94,168,56.0,101,8,2868,14395,7433,264,68,28,121,122,3537,2822,79.8,256,Bundesliga,2021-2022,60726784699523350
4,Arsenal,26,46.0,10.0,5649,702,1942,2502,1581,255,5232,78,152,51.3,83,3,3547,19331,11046,423,150,50,130,89,4174,3627,86.9,264,Premier League,2021-2022,5838645288327307
5,Aston Villa,23,47.5,10.0,5048,631,1729,2258,1357,242,4570,83,145,57.2,87,5,2951,14583,7823,308,97,31,133,94,3615,2942,81.4,300,Premier League,2021-2022,14348480492050895
6,Atalanta,24,56.1,11.0,7367,649,2200,3488,2099,347,6832,75,162,46.3,81,6,4854,23186,11919,473,152,59,156,146,5662,4916,86.8,461,Serie A,2021-2022,87465877057901989
7,Athletic Club,23,47.1,11.0,5895,657,1823,2762,1649,283,5325,77,139,55.4,86,8,3434,17863,10064,414,129,42,145,114,4124,3508,85.1,367,La Liga,2021-2022,4823083458145023
8,Atlético Madrid,21,53.4,11.0,6901,550,1968,3312,2042,325,6364,102,164,62.2,113,5,4563,22503,12943,545,143,61,126,135,5583,4761,85.3,444,La Liga,2021-2022,74713976168286555
9,Augsburg,24,39.0,10.0,4898,655,1954,2092,1136,189,4394,90,169,53.3,94,5,2724,15018,7629,232,72,25,139,108,3407,2571,75.5,208,Bundesliga,2021-2022,82828683183786310
10,Barcelona,27,67.6,11.0,8662,733,2249,4394,2545,357,8104,128,213,60.1,134,10,6196,29928,16943,729,184,70,159,150,7176,6483,90.3,540,La Liga,2021-2022,81744823723090567
11,Bayern Munich,22,62.3,10.0,7840,686,2455,3782,2143,370,7393,130,218,59.6,139,14,5304,27602,15290,588,203,63,149,112,6467,5641,87.2,535,Bundesliga,2021-2022,7510926916741648
12,Betis,29,56.6,12.0,7751,781,2399,3795,2023,344,7223,116,202,57.4,127,11,5179,26337,14309,575,153,63,156,114,6046,5217,86.3,423,La Liga,2021-2022,9423348454032625
13,Bochum,24,41.0,10.0,4993,705,1881,2092,1282,171,4477,87,154,56.5,93,10,2676,13973,7380,278,93,36,140,102,3352,2611,77.9,201,Bundesliga,2021-2022,26656491983030423
14,Bologna,24,51.3,11.0,5809,651,1909,2880,1385,196,5327,83,146,56.8,91,7,3677,19055,9473,369,127,19,108,89,4550,3880,85.3,272,Serie A,2021-2022,23275147453355121
15,Bordeaux,28,48.3,12.0,6995,760,2425,3593,1428,202,6402,122,228,53.5,135,11,4471,22781,11644,396,112,29,156,167,5298,4535,85.6,346,Ligue 1,2021-2022,12683680850395737
16,Brentford,21,44.4,10.0,5172,778,2085,2171,1175,207,4717,60,110,54.5,64,8,2784,13726,7415,256,76,20,112,100,3760,2863,76.1,251,Premier League,2021-2022,27125852983275500
17,Brest,22,43.3,12.0,6634,787,2411,2957,1691,265,6059,106,210,50.5,117,9,4021,21721,12411,420,141,40,167,144,4853,4076,84.0,358,Ligue 1,2021-2022,27328509848090670
18,Brighton,21,54.8,10.0,6623,844,2655,2627,1709,248,6212,74,128,57.8,81,2,4221,20203,10422,388,118,38,110,113,5276,4475,84.8,310,Premier League,2021-2022,49072214318111932
19,Burnley,18,39.6,10.0,4850,619,1522,2112,1434,198,4396,68,125,54.4,74,2,2532,12631,5885,251,87,15,115,90,3406,2556,75.0,238,Premier League,2021-2022,21823480134907726
20,Cádiz,26,34.8,12.0,5276,764,2003,2266,1315,204,4685,77,144,53.5,89,7,2734,15239,8141,281,113,33,146,121,3355,2533,75.5,235,La Liga,2021-2022,1007679934589500
21,Cagliari,26,42.2,11.0,5140,748,1997,2327,1088,170,4654,53,99,53.5,55,2,2984,15829,8238,269,86,22,115,71,3810,3145,82.5,229,Serie A,2021-2022,32968728316179674
22,Celta Vigo,22,57.2,12.0,7397,619,2148,3904,1792,235,6843,79,146,54.1,89,7,4720,24400,13623,548,159,32,151,115,5807,4895,84.3,348,La Liga,2021-2022,14218303985450920
23,Chelsea,25,57.2,10.0,7093,762,2338,3198,1986,285,6681,97,159,61.0,102,4,4662,22749,12509,540,171,60,102,110,5675,5006,88.2,362,Premier League,2021-2022,58172670324373785
24,Clermont Foot,20,51.9,12.0,7829,759,2894,3746,1651,254,7265,123,221,55.7,134,10,5432,24894,13268,473,132,48,145,162,6228,5459,87.7,368,Ligue 1,2021-2022,54976968050746588
25,Crystal Palace,19,50.6,10.0,6249,800,2274,2875,1451,234,5801,94,176,53.4,100,6,4030,19850,10068,363,124,42,153,145,4695,4022,85.7,276,Premier League,2021-2022,15352059381074619
26,Dortmund,27,61.2,10.0,7627,728,2474,3866,1749,283,7164,106,200,53.0,119,4,4961,24295,12806,521,136,44,147,123,6109,5393,88.3,423,Bundesliga,2021-2022,6921931827204601
27,Eint Frankfurt,24,50.3,10.0,6041,696,2066,2871,1412,203,5514,75,154,48.7,85,8,3501,16478,8480,338,102,36,160,111,4444,3559,80.1,345,Bundesliga,2021-2022,37929111009288632
28,Elche,23,47.3,12.0,6722,830,2493,3229,1387,156,6101,97,176,55.1,104,9,4226,20139,10212,407,122,22,166,137,4993,4258,85.3,298,La Liga,2021-2022,30674441257210497
29,Empoli,24,44.9,11.0,5926,799,2010,2559,1747,294,5362,75,149,50.3,83,6,3611,20971,11437,426,128,47,122,124,4447,3647,82.0,380,Serie A,2021-2022,77726683749984272
30,Espanyol,27,46.2,12.0,6357,931,2381,2876,1497,211,5757,109,194,56.2,114,9,3950,20240,11067,431,139,49,159,122,4684,3926,83.8,255,La Liga,2021-2022,71314269182841176
31,Everton,24,41.0,10.0,4539,607,1697,1795,1308,224,4130,59,122,48.4,62,5,2536,14607,7836,296,110,41,105,89,3127,2464,78.8,258,Premier League,2021-2022,57482013681231466
32,Fiorentina,24,56.5,11.0,7213,786,2484,3492,1703,287,6710,58,127,45.7,65,8,4954,25416,13269,498,158,58,138,108,5817,5183,89.1,376,Serie A,2021-2022,24325362613855847
33,Freiburg,23,48.8,10.0,5463,777,2109,2440,1248,210,4966,62,123,50.4,68,4,3166,16398,8627,282,94,22,125,91,3954,3203,81.0,257,Bundesliga,2021-2022,17577284562417651
34,Genoa,30,45.5,11.0,6081,731,2112,2849,1479,221,5529,93,165,56.4,100,8,3578,17859,9285,366,127,45,138,121,4403,3630,82.4,293,Serie A,2021-2022,87033800759594150
35,Getafe,26,43.3,12.0,5963,613,1806,2964,1519,191,5356,78,147,53.1,87,3,3365,16922,8573,360,124,25,157,123,4205,3418,81.3,298,La Liga,2021-2022,23789167582387071
36,Granada,25,44.5,11.0,4848,734,1846,2229,1012,143,4354,57,111,51.4,64,8,2660,13586,6800,250,73,21,127,102,3398,2686,79.0,223,La Liga,2021-2022,45137124328012624
37,Greuther Fürth,25,43.4,10.0,5210,692,1943,2309,1213,179,4696,77,154,50.0,83,11,2841,14451,7344,255,68,28,141,105,3668,2902,79.1,266,Bundesliga,2021-2022,11035944553035865
38,Hellas Verona,24,49.5,11.0,6260,732,2047,3039,1532,248,5794,79,144,54.9,87,4,3837,19460,10350,394,141,49,128,138,4701,3914,83.3,345,Serie A,2021-2022,45227680351245381
39,Hertha BSC,27,42.2,10.0,5250,807,2363,2261,922,144,4756,73,157,46.5,82,8,2900,14161,7209,244,84,23,124,126,3698,2974,80.4,237,Bundesliga,2021-2022,59737400018465050
40,Hoffenheim,22,53.6,10.0,6338,806,2341,2865,1465,229,5836,71,131,54.2,81,8,3858,19528,10073,376,92,41,145,92,4851,4173,86.0,329,Bundesliga,2021-2022,29322720181807625
41,Inter,23,53.0,11.0,6880,811,2281,3274,1781,327,6407,70,131,53.4,74,3,4443,24082,12487,474,156,48,121,86,5532,4843,87.5,389,Serie A,2021-2022,53198597771575973
42,Juventus,24,51.1,11.0,6700,762,2312,3223,1583,262,6202,70,134,52.2,78,6,4172,20957,10828,426,129,47,143,122,5181,4512,87.1,353,Serie A,2021-2022,19371054131726661
43,Köln,22,55.7,10.0,6153,719,2134,2735,1653,260,5622,80,161,49.7,90,6,3791,19044,10147,396,120,36,149,114,4482,3732,83.3,402,Bundesliga,2021-2022,39731782814123330
44,Lazio,23,54.5,11.0,7659,812,2448,3893,1780,227,7178,92,157,58.6,96,7,5263,24514,13059,498,176,47,138,121,6185,5489,88.7,341,Serie A,2021-2022,90751438076496109
45,Leeds United,23,58.6,10.0,6294,793,2490,2716,1491,257,5832,89,174,51.1,98,10,4082,22742,12653,411,106,46,131,119,4786,4072,85.1,357,Premier League,2021-2022,34570153325607342
46,Leicester City,22,52.6,10.0,6358,813,2346,3051,1308,237,5876,72,144,50.0,81,6,4142,18933,10097,394,116,46,122,108,4997,4228,84.6,345,Premier League,2021-2022,18776461863573874
47,Lens,23,48.8,12.0,7190,668,2071,3879,1757,252,6672,111,187,59.4,118,3,4511,25312,14560,624,202,44,156,114,5628,4859,86.3,409,Ligue 1,2021-2022,74951719010833888
48,Levante,26,44.4,12.0,5639,695,2090,2710,1166,160,5148,92,174,52.9,100,8,3368,16742,9143,325,90,30,120,123,4132,3496,84.6,309,La Liga,2021-2022,1566092639264277
49,Leverkusen,23,52.8,10.0,6369,732,2397,3104,1311,233,5882,131,235,55.7,138,8,4153,21374,12028,435,149,46,142,130,4813,4190,87.1,318,Bundesliga,2021-2022,36794408106212849
50,Lille,22,51.9,12.0,7435,717,2373,3781,1734,299,6832,96,179,53.6,103,11,4603,23677,13626,527,132,47,197,109,5744,4916,85.6,436,Ligue 1,2021-2022,85603837513355486
51,Liverpool,24,61.4,10.0,7420,644,1978,3721,2144,363,6958,71,152,46.7,77,6,4791,22366,12652,566,154,71,126,108,6036,5271,87.3,481,Premier League,2021-2022,41956650829873911
52,Lorient,25,43.5,12.0,6608,724,2361,3309,1337,161,6068,96,174,55.2,102,2,4010,18282,10176,418,129,38,153,148,4839,4086,84.4,325,Ligue 1,2021-2022,37325341301512527
53,Lyon,25,58.7,12.0,8654,806,2789,4447,1983,293,8129,147,256,57.4,160,13,5931,28266,15612,579,170,63,165,162,6990,6200,88.7,447,Ligue 1,2021-2022,87005642993871754
54,M'Gladbach,22,58.3,10.0,7106,612,2328,3645,1579,261,6585,90,153,58.8,94,2,4759,22847,12630,486,121,53,169,146,5482,4871,88.9,394,Bundesliga,2021-2022,81611584009946193
55,Mainz 05,26,43.6,10.0,5361,641,2032,2404,1200,214,4860,48,112,42.9,54,1,2921,14004,7652,232,87,34,150,110,3799,2915,76.7,296,Bundesliga,2021-2022,71158960989778912
56,Mallorca,27,44.4,12.0,5798,791,2160,2675,1317,206,5189,96,178,53.9,108,4,3411,18490,10378,390,127,36,121,151,4096,3344,81.6,264,La Liga,2021-2022,96459977719332900
57,Manchester City,22,64.2,10.0,7621,564,1794,3879,2451,444,7182,98,171,57.3,106,8,5508,28461,16567,790,180,113,110,108,6380,5719,89.6,434,Premier League,2021-2022,74026506610392765
58,Manchester Utd,21,55.7,10.0,6606,594,1886,3133,2025,277,6162,105,171,61.4,112,8,4269,22571,13369,569,180,59,96,119,5276,4574,86.7,385,Premier League,2021-2022,29078730489839024
59,Marseille,23,59.6,12.0,8552,827,2777,4418,1977,284,8005,124,198,62.6,131,16,6121,31882,17804,712,202,68,147,170,7068,6380,90.3,415,Ligue 1,2021-2022,66190039714113630
60,Metz,29,44.8,12.0,6649,676,2290,3406,1348,152,6091,88,169,52.1,99,10,4025,20602,10864,413,109,23,189,156,4839,4039,83.5,267,Ligue 1,2021-2022,14635757597311544
61,Milan,26,54.2,11.0,6842,676,2098,3414,1787,278,6364,120,211,56.9,133,8,4467,25106,13542,502,163,47,162,91,5289,4649,87.9,385,Serie A,2021-2022,59378513948613436
62,Monaco,25,59.3,12.0,8390,630,2192,4691,1999,295,7828,115,204,56.4,123,11,5669,27573,15043,648,176,58,162,147,6843,5866,85.7,486,Ligue 1,2021-2022,79093238158793616
63,Montpellier,22,49.4,12.0,6819,828,2338,3228,1654,239,6172,123,207,59.4,134,7,4128,21697,11907,446,120,38,150,157,5111,4298,84.1,377,Ligue 1,2021-2022,32434714471076965
64,Nantes,21,41.6,12.0,6066,612,1947,2813,1634,263,5487,96,200,48.0,106,8,3324,16599,9237,367,102,57,176,133,4289,3491,81.4,302,Ligue 1,2021-2022,25802633648495862
65,Napoli,25,59.5,11.0,7678,654,2138,3832,2221,314,7209,91,165,55.2,97,7,5274,27042,15386,651,195,68,101,108,6372,5739,90.1,420,Serie A,2021-2022,10516137814401134
66,Newcastle Utd,22,38.4,10.0,4685,689,1836,1904,1218,214,4240,90,159,56.6,101,6,2729,14347,7808,284,94,39,113,125,3228,2623,81.3,184,Premier League,2021-2022,29528772732587842
67,Nice,23,52.3,12.0,7699,625,2384,4115,1695,275,7201,128,206,62.1,137,6,5308,26198,13912,560,167,45,159,137,5940,5251,88.4,364,Ligue 1,2021-2022,11720969662561653
68,Norwich City,22,44.3,10.0,5405,879,2447,2175,1077,169,4911,104,196,53.1,118,6,3225,16021,8760,289,80,22,117,115,3906,3240,82.9,227,Premier League,2021-2022,42809968147687487
69,Osasuna,26,45.5,12.0,6295,656,1778,2910,1888,288,5659,80,132,60.6,92,5,3324,15523,7786,310,95,31,169,107,4586,3498,76.3,381,La Liga,2021-2022,83352675823776457
70,Paris S-G,27,62.5,12.0,9333,742,2346,5018,2618,350,8840,148,273,54.2,161,10,6945,33551,18904,804,250,71,137,146,7918,7231,91.3,503,Ligue 1,2021-2022,11177590892093073
71,Rayo Vallecano,25,47.3,12.0,5676,641,1939,2682,1400,208,5131,102,176,58.0,114,15,3267,17207,9258,329,130,38,131,118,4085,3317,81.2,276,La Liga,2021-2022,75203699329351977
72,RB Leipzig,23,56.3,10.0,6583,602,1975,3254,1705,340,6115,85,163,52.1,93,4,4112,19566,9959,407,125,44,153,132,4912,4197,85.4,444,Bundesliga,2021-2022,68159208261559796
73,Real Madrid,25,58.5,11.0,7795,719,2374,3516,2424,386,7321,126,206,61.2,133,16,5448,29286,16984,674,212,100,98,113,6451,5750,89.1,426,La Liga,2021-2022,29627131003986350
74,Real Sociedad,27,54.5,12.0,7145,850,2326,3468,1801,290,6574,111,186,59.7,119,12,4603,23001,12675,497,147,35,165,184,5330,4702,88.2,398,La Liga,2021-2022,57299950304530590
75,Reims,25,44.2,12.0,6454,760,2447,2954,1509,227,5854,114,203,56.2,129,12,4049,21418,11828,431,145,31,160,133,4801,3908,81.4,327,Ligue 1,2021-2022,67732085073987538
76,Rennes,26,55.0,12.0,7652,757,2429,3821,1945,320,7123,91,180,50.6,100,11,5325,27979,15653,567,174,49,131,139,6126,5401,88.2,445,Ligue 1,2021-2022,96819424452761337
77,Roma,24,53.1,11.0,6701,623,2022,3291,1839,326,6195,92,181,50.8,101,5,4359,23304,12428,509,178,50,146,84,5275,4653,88.2,380,Serie A,2021-2022,764736481564168
78,Saint-Étienne,28,51.2,12.0,7289,711,2389,3645,1757,242,6676,133,261,51.0,147,10,4576,23996,13178,540,179,44,193,160,5303,4517,85.2,344,Ligue 1,2021-2022,56226069621228236
79,Salernitana,25,42.3,11.0,5472,656,1828,2450,1530,259,4917,73,121,60.3,77,6,3123,16759,8778,326,120,39,125,124,3928,3070,78.2,340,Serie A,2021-2022,63444195793016658
80,Sampdoria,22,45.6,11.0,5864,761,2033,2605,1539,218,5335,70,119,58.8,78,1,3328,16647,8647,323,113,31,111,100,4363,3520,80.7,374,Serie A,2021-2022,89407679695143145
81,Sassuolo,22,56.1,11.0,7099,951,2727,3327,1521,266,6560,89,175,50.9,101,11,4613,24972,14128,513,165,68,157,120,5537,4949,89.4,385,Serie A,2021-2022,79200252522790650
82,Sevilla,26,62.7,11.0,7597,774,2459,3871,1693,236,7096,75,130,57.7,80,7,5173,22967,12292,490,144,33,139,122,6170,5480,88.8,352,La Liga,2021-2022,22702270477938803
83,Southampton,21,49.3,10.0,5587,569,1804,2599,1558,241,5118,100,180,55.6,106,8,3420,19504,11414,469,151,53,127,112,4086,3354,82.1,300,Premier League,2021-2022,21037626007536306
84,Spezia,26,49.8,11.0,6383,808,2322,2927,1530,217,5870,87,158,55.1,93,11,4039,20531,10518,402,128,38,119,153,4794,4069,84.9,339,Serie A,2021-2022,41730244034743257
85,Strasbourg,23,47.8,12.0,7128,749,2341,3555,1680,251,6586,100,167,59.9,107,7,4417,23117,12370,433,130,28,158,116,5516,4641,84.1,397,Ligue 1,2021-2022,92234479374253707
86,Stuttgart,28,54.8,10.0,6633,745,2322,3315,1411,213,6144,117,223,52.5,130,10,4407,21262,11295,434,133,39,157,112,5055,4388,86.8,355,Bundesliga,2021-2022,81761661302668293
87,Torino,26,52.2,11.0,6453,599,1863,3095,1883,267,5986,88,148,59.5,97,5,3937,20113,10361,434,145,58,170,108,4850,4044,83.4,323,Serie A,2021-2022,21846272194836439
88,Tottenham,21,51.4,10.0,6166,672,1895,3098,1522,198,5698,99,183,54.1,107,3,3902,18817,10025,411,136,38,123,131,4688,4016,85.7,292,Premier League,2021-2022,22006624071753704
89,Troyes,28,40.3,12.0,6195,880,2595,2680,1267,218,5644,105,188,55.9,116,10,3817,18826,9908,349,108,23,164,139,4529,3782,83.5,258,Ligue 1,2021-2022,57069542099991496
90,Udinese,21,40.9,11.0,5693,752,2076,2568,1440,225,5188,95,175,54.3,107,5,3526,19433,10809,435,137,40,139,118,4229,3548,83.9,218,Serie A,2021-2022,48393495896639342
91,Union Berlin,23,41.8,10.0,5358,674,2141,2328,1155,200,4913,58,111,52.3,69,0,3103,14991,7939,280,78,33,122,98,3830,3142,82.0,263,Bundesliga,2021-2022,71630543971501382
92,Valencia,26,45.9,12.0,5840,696,1871,2678,1656,227,5208,97,179,54.2,106,9,3378,17678,10101,383,139,37,155,131,4065,3260,80.2,339,La Liga,2021-2022,65158650443085242
93,Venezia,29,42.7,11.0,5861,906,2557,2573,1118,167,5376,69,146,47.3,77,10,3419,18768,10651,334,107,38,127,131,4341,3578,82.4,258,Serie A,2021-2022,94916874898547392
94,Villarreal,26,61.7,11.0,7448,768,2332,3708,1949,299,6934,106,190,55.8,114,11,5121,28786,16394,615,184,58,131,104,6044,5355,88.6,460,La Liga,2021-2022,63335634096533483
95,Watford,26,41.6,10.0,4958,765,2031,2024,1181,179,4478,109,184,59.2,116,20,2802,14636,8412,304,91,45,121,117,3500,2822,80.6,252,Premier League,2021-2022,73743918793554398
96,West Ham,18,51.4,10.0,5980,587,1852,2779,1742,270,5552,59,117,50.4,68,5,3839,20921,10603,414,154,43,115,103,4561,3875,85.0,350,Premier League,2021-2022,57680956417459581
97,Wolfsburg,24,55.4,10.0,6235,737,2268,2967,1382,236,5771,100,172,58.1,111,10,4093,19222,10095,372,101,34,130,121,4701,4022,85.6,334,Bundesliga,2021-2022,85159484018358879
98,Wolves,18,51.1,10.0,5244,572,1769,2426,1387,202,4854,111,177,62.7,121,11,3474,16821,9792,408,116,53,102,106,3963,3358,84.7,278,Premier League,2021-2022,24001928852251903
1,Alavés,30,42.7,38.0,18391,2289,6566,8801,3937,640,16491,274,477,57.4,302,16,9826,49063,25072,953,280,105,428,351,12990,10284,79.2,914,La Liga,2020-2021,37745278530914180
2,Angers,31,46.2,38.0,23291,2045,7459,11988,5299,654,21424,429,774,55.4,469,22,15042,71788,37242,1454,491,107,508,536,17933,15128,84.4,1262,Ligue 1,2020-2021,66587352409382849
3,Arminia,26,42.2,34.0,18529,2837,7991,7879,3722,576,16925,270,466,57.9,305,26,10490,52324,28300,802,282,74,383,386,13469,10707,79.5,838,Bundesliga,2020-2021,60726784699523350
4,Arsenal,29,53.8,38.0,25217,2660,8496,11724,6662,979,23631,303,570,53.2,325,28,17270,91010,51942,2027,533,191,319,361,20487,17802,86.9,1350,Premier League,2020-2021,5838645288327307
5,Aston Villa,24,48.1,38.0,20985,2696,7056,8919,6192,1060,19152,394,608,64.8,415,19,12344,65238,35018,1414,429,205,443,418,15702,12779,81.4,1279,Premier League,2020-2021,14348480492050895
6,Atalanta,30,54.9,38.0,26478,1943,6889,12811,8433,1304,24879,422,712,59.3,448,31,18202,94212,48906,2258,682,233,523,529,21126,18159,86.0,1936,Serie A,2020-2021,87465877057901989
7,Athletic Club,27,49.8,38.0,21646,2111,6458,10859,5688,766,19688,315,529,59.5,335,26,12942,73017,40524,1568,484,145,398,383,16714,13694,81.9,1349,La Liga,2020-2021,4823083458145023
8,Atlético Madrid,25,52.4,38.0,24797,2122,7261,12558,6275,992,23085,366,603,60.7,395,38,16070,74449,39926,1683,435,152,402,406,19677,16924,86.0,1509,La Liga,2020-2021,74713976168286555
9,Augsburg,25,41.3,34.0,18443,2706,7802,8144,3614,565,16794,326,560,58.2,349,18,10523,56513,29044,917,300,73,456,386,13347,10430,78.1,917,Bundesliga,2020-2021,82828683183786310
10,Barcelona,25,65.8,38.0,32311,2524,7938,15985,10509,1378,30715,505,786,64.2,538,33,23667,113680,63392,2831,850,263,366,389,27982,25414,90.8,1808,La Liga,2020-2021,81744823723090567
11,Bayern Munich,29,61.1,34.0,26026,2032,7020,12889,7855,1322,24380,480,733,65.5,512,34,17702,93890,50318,2187,603,198,542,441,21312,18505,86.8,1796,Bundesliga,2020-2021,7510926916741648
12,Benevento,29,42.3,38.0,19432,2586,7411,8796,4407,776,17591,230,406,56.7,251,18,11277,62711,33333,1156,363,101,413,350,14392,11710,81.4,1050,Serie A,2020-2021,38159059008947812
13,Betis,25,53.9,38.0,23809,2272,7125,11884,6099,879,21983,359,584,61.5,384,25,15482,75009,39380,1673,513,157,467,467,18509,15938,86.1,1155,La Liga,2020-2021,9423348454032625
14,Bologna,37,50.9,38.0,22952,2934,7788,10696,5924,868,21155,374,648,57.7,410,19,14216,78654,41287,1552,506,166,439,435,17599,14811,84.2,1340,Serie A,2020-2021,23275147453355121
15,Bordeaux,28,49.7,38.0,23804,2538,8314,12189,4746,652,21948,422,734,57.5,453,20,15697,79456,41766,1539,404,125,493,491,18641,16031,86.0,1025,Ligue 1,2020-2021,12683680850395737
16,Brest,26,49.3,38.0,23580,2902,8829,10744,5586,794,21702,396,636,62.3,417,24,15145,79202,44314,1486,505,120,472,373,18221,15584,85.5,1289,Ligue 1,2020-2021,27328509848090670
17,Brighton,27,51.3,38.0,23519,2703,8395,10204,6485,1020,21874,344,547,62.9,371,17,15362,84064,44546,1667,546,135,433,406,18583,15598,83.9,1265,Premier League,2020-2021,49072214318111932
18,Burnley,25,41.7,38.0,19236,2320,6089,9006,5107,748,17531,249,420,59.3,269,18,10026,49692,23754,948,342,81,406,335,13976,10644,76.2,975,Premier League,2020-2021,21823480134907726
19,Cádiz,34,34.3,38.0,16108,2247,5912,7405,3627,490,14221,325,513,63.4,354,30,8147,43974,23896,888,282,72,443,352,10838,8053,74.3,688,La Liga,2020-2021,1007679934589500
20,Cagliari,32,44.6,38.0,21080,2587,7323,9905,5278,773,19234,342,554,61.7,365,20,12760,71435,39407,1414,508,101,418,421,16041,13160,82.0,1108,Serie A,2020-2021,32968728316179674
21,Celta Vigo,30,53.7,38.0,23389,2659,8346,11512,4873,656,21615,285,491,58.0,311,17,14615,70937,37596,1396,449,101,396,340,18118,15277,84.3,1158,La Liga,2020-2021,14218303985450920
22,Chelsea,27,61.4,38.0,29564,2703,9251,14400,7810,1131,27953,368,643,57.2,393,33,19875,99591,56260,2265,679,246,444,422,24517,21646,88.3,1555,Premier League,2020-2021,58172670324373785
23,Crotone,31,46.4,38.0,21410,3150,8547,9861,4283,648,19662,355,601,59.1,380,22,13300,68851,36657,1248,389,104,498,447,16272,13666,84.0,1109,Serie A,2020-2021,33431629624225246
24,Crystal Palace,24,40.1,38.0,19661,2331,7027,9078,4735,706,17884,373,637,58.6,401,21,11234,57886,29995,1211,394,134,425,513,14235,11391,80.0,984,Premier League,2020-2021,15352059381074619
25,Dijon,33,46.2,38.0,22256,2722,8585,10902,4245,576,20399,433,693,62.5,462,19,13530,68648,36551,1297,367,82,512,520,17003,14134,83.1,1070,Ligue 1,2020-2021,59239312409540653
26,Dortmund,26,59.8,34.0,26221,2316,7835,13231,6970,1125,24710,459,746,61.5,489,37,18425,96143,51294,2093,615,202,419,374,21600,18983,87.9,1553,Bundesliga,2020-2021,6921931827204601
27,Eibar,30,49.6,38.0,20968,1910,5646,10272,6105,769,18966,349,566,61.7,379,24,11782,60643,29506,1246,385,101,518,398,15288,11903,77.9,1122,La Liga,2020-2021,67267904110326262
28,Eint Frankfurt,25,54.0,34.0,22459,2435,7177,11079,5621,864,20795,323,534,60.5,349,25,13534,72038,39272,1630,491,163,443,417,17451,14409,82.6,1448,Bundesliga,2020-2021,37929111009288632
29,Elche,30,47.6,38.0,21030,2763,8370,10166,3731,448,19255,379,656,57.8,407,37,13221,65650,34067,1190,339,73,506,413,16090,13601,84.5,809,La Liga,2020-2021,30674441257210497
30,Everton,29,46.5,38.0,22718,2922,8747,10503,4941,700,21133,341,586,58.2,363,30,13795,76593,41361,1388,411,114,430,449,17418,14670,84.2,1081,Premier League,2020-2021,57482013681231466
31,Fiorentina,30,46.2,38.0,21197,2300,6428,10437,5657,737,19347,321,541,59.3,342,22,13554,72472,38371,1507,474,119,420,536,16122,13589,84.3,1156,Serie A,2020-2021,24325362613855847
32,Freiburg,24,47.0,34.0,19679,2621,7788,8639,4521,695,18052,263,462,56.9,285,14,11882,62484,33150,1003,335,107,394,332,14984,12336,82.3,1102,Bundesliga,2020-2021,17577284562417651
33,Fulham,28,49.9,38.0,23627,2640,8285,10981,5883,822,21923,498,762,65.4,524,35,14934,80620,43245,1613,509,133,587,472,18034,15183,84.2,1169,Premier League,2020-2021,19227944656237519
34,Genoa,34,44.7,38.0,22141,2850,8121,10620,4603,618,20407,277,524,52.9,293,20,13617,65947,34830,1279,391,103,482,383,16888,14014,83.0,1010,Serie A,2020-2021,87033800759594150
35,Getafe,31,42.8,38.0,17830,1729,4863,8188,5645,718,15819,250,459,54.5,272,24,9315,48818,25688,1102,362,102,478,422,11886,9017,75.9,1045,La Liga,2020-2021,23789167582387071
36,Granada,34,41.0,38.0,17330,2281,6088,8030,4101,610,15429,309,528,58.5,328,32,9203,47361,24959,947,269,94,385,388,12191,9247,75.9,918,La Liga,2020-2021,45137124328012624
37,Hellas Verona,32,49.8,38.0,22053,2381,6880,10789,5670,829,20228,315,524,60.1,347,24,13052,68876,37238,1454,498,130,448,412,16539,13339,80.7,1321,Serie A,2020-2021,45227680351245381
38,Hertha BSC,32,49.4,34.0,20185,2313,7746,9310,4456,738,18494,335,566,59.2,367,14,12614,71496,38339,1294,387,148,389,446,15260,12623,82.7,1080,Bundesliga,2020-2021,59737400018465050
39,Hoffenheim,30,51.1,34.0,22139,2471,7672,10388,5541,834,20466,346,600,57.7,377,25,14093,72987,39360,1428,440,116,512,420,17106,14462,84.5,1363,Bundesliga,2020-2021,29322720181807625
40,Huesca,27,48.3,38.0,21468,2676,8287,10018,4683,659,19618,444,692,64.2,481,27,13535,75972,41321,1512,452,107,456,390,16319,13636,83.6,993,La Liga,2020-2021,16593090704373522
41,Inter,25,52.4,38.0,25449,2673,8240,11969,6860,1122,23883,261,446,58.5,279,18,17109,88968,49936,1926,544,193,460,353,20894,18514,88.6,1557,Serie A,2020-2021,53198597771575973
42,Juventus,30,57.1,38.0,27094,2816,8480,13443,6945,1189,25535,412,629,65.5,428,27,18577,98436,53812,2085,625,263,425,418,22414,19971,89.1,1575,Serie A,2020-2021,19371054131726661
43,Köln,28,46.3,34.0,19811,2514,7840,8652,4456,589,18138,273,461,59.2,299,13,11369,58490,30243,1052,316,72,470,387,14808,12038,81.3,1007,Bundesliga,2020-2021,39731782814123330
44,Lazio,30,53.1,38.0,24942,2784,8266,11851,6576,988,23349,317,546,58.1,349,22,16236,94927,52732,1904,622,146,476,408,19826,17098,86.2,1490,Serie A,2020-2021,90751438076496109
45,Leeds United,23,57.6,38.0,24597,3071,9481,10577,6095,985,22782,321,559,57.4,351,35,15013,85594,48261,1649,510,157,504,410,19143,15996,83.6,1440,Premier League,2020-2021,34570153325607342
46,Leicester City,27,54.6,38.0,25031,2426,8195,12125,6207,838,23368,350,629,55.6,379,29,15999,79828,42854,1679,505,135,467,429,19730,16726,84.8,1277,Premier League,2020-2021,18776461863573874
47,Lens,27,51.4,38.0,23406,2248,7274,12308,5418,755,21620,376,620,60.6,397,16,14685,84098,49511,1872,470,110,504,463,18072,15307,84.7,1452,Ligue 1,2020-2021,74951719010833888
48,Levante,29,52.4,38.0,22070,2610,7921,10275,5224,769,20311,391,653,59.9,434,30,13970,70670,38570,1456,466,113,433,433,16970,14234,83.9,1347,La Liga,2020-2021,1566092639264277
49,Leverkusen,30,59.9,34.0,25589,2494,8179,13375,5846,845,24010,467,765,61.0,496,27,17737,89304,47518,1706,533,172,493,446,20664,18002,87.1,1388,Bundesliga,2020-2021,36794408106212849
50,Lille,21,53.9,38.0,26131,2083,7434,13846,6538,820,24406,391,671,58.3,417,29,17088,85177,46429,1973,534,149,473,506,20916,18028,86.2,1572,Ligue 1,2020-2021,85603837513355486
51,Liverpool,28,62.4,38.0,29822,2223,7936,14808,8910,1372,28088,421,703,59.9,457,28,20288,98263,53343,2281,695,230,482,449,24736,21527,87.0,1949,Premier League,2020-2021,41956650829873911
52,Lorient,27,44.6,38.0,21699,2127,7652,10922,4440,571,19860,314,544,57.7,343,14,13064,63696,35272,1329,412,98,549,482,16014,13403,83.7,1094,Ligue 1,2020-2021,37325341301512527
53,Lyon,29,54.9,38.0,25826,2292,7318,13057,7071,1193,24046,482,775,62.2,518,30,16970,86470,50014,2093,586,216,511,477,20543,17819,86.7,1775,Ligue 1,2020-2021,87005642993871754
54,M'Gladbach,23,51.9,34.0,22941,2481,8008,11396,4878,838,21323,319,502,63.5,334,14,14578,69604,39080,1492,403,164,433,403,17676,15337,86.8,1309,Bundesliga,2020-2021,81611584009946193
55,Mainz 05,31,40.5,34.0,17919,2312,6633,7902,4371,713,16233,288,483,59.6,314,18,9788,50994,27750,942,312,105,452,379,12574,9679,77.0,1010,Bundesliga,2020-2021,71158960989778912
56,Manchester City,24,63.9,38.0,30525,2142,7108,16433,9082,1360,29002,485,807,60.1,518,33,22043,117299,67025,3044,809,314,378,418,26077,23578,90.4,1661,Premier League,2020-2021,74026506610392765
57,Manchester Utd,29,55.8,38.0,26392,2392,8046,12262,7891,1043,24709,424,733,57.8,460,35,17172,94013,53179,2196,676,180,422,468,21335,18495,86.7,1520,Premier League,2020-2021,29078730489839024
58,Marseille,31,53.9,38.0,24777,2583,8236,12872,5137,709,22888,341,585,58.3,368,17,15585,76443,42510,1649,401,134,429,453,19689,16646,84.5,1231,Ligue 1,2020-2021,66190039714113630
59,Metz,27,45.3,38.0,21596,2305,7846,10639,4610,610,19876,436,724,60.2,468,23,13406,75863,41114,1544,527,110,533,527,15948,13269,83.2,1030,Ligue 1,2020-2021,14635757597311544
60,Milan,29,51.9,38.0,23883,2621,7876,11304,6269,1030,22240,430,666,64.6,450,19,15342,85592,47450,1748,553,176,469,381,18711,16046,85.8,1343,Serie A,2020-2021,59378513948613436
61,Monaco,30,56.0,38.0,26168,2231,7778,13635,6432,1030,24329,340,547,62.2,359,14,17144,89125,49959,1897,497,151,467,475,20995,17905,85.3,1589,Ligue 1,2020-2021,79093238158793616
62,Montpellier,25,45.3,38.0,20905,2434,7479,9743,5026,780,19032,315,580,54.3,343,30,12121,66958,36698,1368,410,111,487,427,15643,12879,82.3,1209,Ligue 1,2020-2021,32434714471076965
63,Nantes,25,43.7,38.0,21131,2050,6517,10489,5291,772,19243,409,742,55.1,451,22,12351,61352,33742,1415,401,153,459,497,15479,12440,80.4,1157,Ligue 1,2020-2021,25802633648495862
64,Napoli,25,55.2,38.0,26110,2488,7995,12846,6955,1089,24357,360,589,61.1,380,36,17699,92736,50918,2107,579,246,375,341,21413,18947,88.5,1439,Serie A,2020-2021,10516137814401134
65,Newcastle Utd,27,38.2,38.0,18589,2672,7557,7582,4511,637,16830,352,577,61.0,379,20,10688,53725,27978,1015,355,116,391,388,13307,10617,79.8,779,Premier League,2020-2021,29528772732587842
66,Nice,31,54.5,38.0,25774,2831,9463,12605,5558,795,24034,424,725,58.5,452,34,17716,98632,55661,1973,497,141,479,479,20775,18220,87.7,1314,Ligue 1,2020-2021,11720969662561653
67,Nîmes,33,44.4,38.0,21292,2708,8390,9456,4767,681,19294,364,644,56.5,397,25,12814,66048,36840,1182,329,111,463,463,15872,12874,81.1,1087,Ligue 1,2020-2021,83514802313158576
68,Osasuna,28,43.1,38.0,19063,2254,6103,9171,4694,684,17260,247,458,53.9,278,26,9946,48053,24365,923,289,71,469,362,13638,10415,76.4,1053,La Liga,2020-2021,83352675823776457
69,Paris S-G,33,63.5,38.0,30233,2232,7686,16144,8417,1185,28673,517,903,57.3,559,62,21883,102861,57959,2467,735,216,446,455,25387,23091,91.0,1711,Ligue 1,2020-2021,11177590892093073
70,Parma,42,47.7,38.0,22540,3003,8485,10825,4666,715,20819,353,560,63.0,381,28,13609,74055,40680,1401,394,111,455,385,17608,14930,84.8,1211,Serie A,2020-2021,62695319081093388
71,RB Leipzig,25,60.0,34.0,25376,1989,6972,13158,6795,1062,23776,328,552,59.4,359,14,16865,82561,44289,1837,526,156,427,450,20574,17673,85.9,1636,Bundesliga,2020-2021,68159208261559796
72,Real Madrid,30,59.7,38.0,28066,2554,8336,13444,8171,1140,26345,460,720,63.9,484,29,19620,104246,56159,2331,712,231,429,346,23361,20825,89.1,1541,La Liga,2020-2021,29627131003986350
73,Real Sociedad,30,55.1,38.0,22728,2327,6904,11503,5747,929,20932,323,538,60.0,348,14,14687,77725,42399,1632,458,123,429,394,17775,14976,84.3,1344,La Liga,2020-2021,57299950304530590
74,Reims,29,44.8,38.0,21476,2761,8562,9921,4541,634,19720,389,616,63.1,415,14,13814,76196,42847,1518,502,128,485,447,16298,13704,84.1,1091,Ligue 1,2020-2021,67732085073987538
75,Rennes,32,59.5,38.0,28083,2102,7674,15095,7016,969,26248,402,675,59.6,441,11,18580,90049,49619,2105,590,150,467,438,22965,20158,87.8,1599,Ligue 1,2020-2021,96819424452761337
76,Roma,31,52.5,38.0,24293,2478,7615,12352,6029,984,22680,382,642,59.5,415,27,16574,94357,51344,2044,610,222,394,336,19637,17066,86.9,1394,Serie A,2020-2021,764736481564168
77,Saint-Étienne,40,48.3,38.0,22484,2293,8111,11044,4815,743,20508,475,849,55.9,526,34,13791,74972,40857,1435,408,105,519,532,16676,13803,82.8,1052,Ligue 1,2020-2021,56226069621228236
78,Sampdoria,27,45.1,38.0,21871,2724,7681,10003,5437,776,20033,271,470,57.7,291,19,12922,66533,35516,1305,417,116,461,354,16759,13561,80.9,1228,Serie A,2020-2021,89407679695143145
79,Sassuolo,28,60.8,38.0,27926,3004,8672,14167,6909,984,26273,405,684,59.2,434,39,19491,99222,55710,2095,598,171,416,437,22987,20547,89.4,1439,Serie A,2020-2021,79200252522790650
80,Schalke 04,42,44.6,34.0,18946,2716,7904,8674,3543,557,17258,364,630,57.8,400,19,11265,58431,29902,1018,297,88,472,446,13843,11269,81.4,929,Bundesliga,2020-2021,24345039935475884
81,Sevilla,26,61.2,38.0,26770,2724,8625,13051,6490,863,25065,402,599,67.1,424,22,18073,82776,43783,1781,478,139,448,411,21992,19429,88.3,1323,La Liga,2020-2021,22702270477938803
82,Sheffield Utd,27,41.5,38.0,20178,2446,6666,8651,5985,703,18557,302,512,59.0,332,28,11343,58979,31782,1211,384,97,411,389,14805,12057,81.4,1024,Premier League,2020-2021,93216768512646707
83,Southampton,29,52.2,38.0,23420,2440,7993,11611,5273,793,21630,367,631,58.2,395,15,13917,71626,38066,1511,482,130,467,454,17833,14758,82.8,1112,Premier League,2020-2021,21037626007536306
84,Spezia,35,52.2,38.0,23486,2668,7986,11457,5514,822,21701,286,460,62.2,312,14,14741,81281,41766,1567,456,165,498,386,18564,15637,84.2,1161,Serie A,2020-2021,41730244034743257
85,Strasbourg,26,45.6,38.0,21374,2201,7284,10417,5010,783,19537,324,550,58.9,347,16,13247,69356,36495,1308,414,102,507,445,16171,13300,82.2,1156,Ligue 1,2020-2021,92234479374253707
86,Stuttgart,29,51.5,34.0,22009,2702,7891,10504,5116,839,20332,454,731,62.1,493,29,14090,75636,41681,1578,493,147,519,486,16743,14259,85.2,1302,Bundesliga,2020-2021,81761661302668293
87,Torino,29,47.2,38.0,21426,2548,7577,10211,5038,733,19574,372,641,58.0,394,15,13558,71850,38333,1370,465,94,433,384,16218,13471,83.1,980,Serie A,2020-2021,21846272194836439
88,Tottenham,24,51.7,38.0,24321,2708,8302,12150,5317,770,22574,408,673,60.6,435,34,15374,74651,39501,1550,468,135,369,467,19068,16142,84.7,1208,Premier League,2020-2021,22006624071753704
89,Udinese,33,46.1,38.0,21667,2498,7499,9970,5638,839,19992,383,593,64.6,408,22,14198,75821,41733,1577,505,119,455,450,16755,14149,84.4,1183,Serie A,2020-2021,48393495896639342
90,Union Berlin,27,44.9,34.0,19755,2263,7614,9103,4242,613,18189,200,358,55.9,219,17,11321,61208,31688,1069,365,100,458,365,14934,12041,80.6,1022,Bundesliga,2020-2021,71630543971501382
91,Valencia,30,46.9,38.0,20585,2781,7585,9551,4775,624,18781,302,525,57.5,338,15,12310,67993,37595,1428,441,95,416,368,15623,12953,82.9,1092,La Liga,2020-2021,65158650443085242
92,Valladolid,32,45.1,38.0,19624,2339,6684,9267,4809,607,17726,285,522,54.6,310,20,11189,59320,30553,1214,403,104,399,372,14226,11338,79.7,937,La Liga,2020-2021,44089518275887893
93,Villarreal,29,55.6,38.0,25048,2729,8270,12600,5884,907,23309,456,717,63.6,488,36,16883,88034,49668,1869,541,168,447,407,20182,17601,87.2,1412,La Liga,2020-2021,63335634096533483
94,Werder Bremen,27,43.8,34.0,19641,2454,7550,9163,3974,568,17938,237,435,54.5,258,21,11312,55492,29399,1031,295,74,412,359,14513,11769,81.1,1014,Bundesliga,2020-2021,59303898890876434
95,West Brom,30,37.6,38.0,18234,2692,6755,7837,4511,653,16495,294,534,55.1,319,21,9646,49732,25174,955,283,108,459,427,12638,9743,77.1,912,Premier League,2020-2021,26775906631723373
96,West Ham,24,42.9,38.0,20537,2423,6846,9450,5500,828,18875,325,546,59.5,348,25,12116,68476,34759,1376,451,143,383,380,15380,12533,81.5,1014,Premier League,2020-2021,57680956417459581
97,Wolfsburg,26,51.4,34.0,21519,2255,7029,10544,5292,809,19912,282,462,61.0,314,19,12998,68367,36910,1380,452,117,450,429,16162,13255,82.0,1314,Bundesliga,2020-2021,85159484018358879
98,Wolves,27,49.3,38.0,22963,2287,7494,11331,5635,759,21244,496,779,63.7,537,29,14457,76002,42595,1794,544,183,453,394,17784,15234,85.7,1077,Premier League,2020-2021,24001928852251903
1,Alavés,32,41.1,38.0,17992,2141,6134,8850,3878,563,16042,250,466,53.6,277,14,9417,46382,22620,875,257,84,458,386,12391,9724,78.5,1202,La Liga,2019-2020,37745278530914180
2,Amiens,27,45.5,28.0,16194,1709,5138,8388,3592,417,14785,283,478,59.2,318,20,10011,46571,24872,967,286,80,411,427,11771,9777,83.1,1117,Ligue 1,2019-2020,20069478421376018
3,Angers,26,45.1,28.0,16741,1451,5355,8134,4348,592,15332,344,558,61.6,367,26,10806,53660,29100,1176,384,102,386,358,12508,10616,84.9,1115,Ligue 1,2019-2020,66587352409382849
4,Arsenal,29,54.0,38.0,24196,2929,8623,11508,5691,931,22390,428,711,60.2,455,34,16309,86892,48706,1918,501,171,448,451,18851,16349,86.7,1484,Premier League,2019-2020,5838645288327307
5,Aston Villa,28,43.9,38.0,19827,2772,7317,8474,5328,781,17902,368,584,63.0,404,25,11554,66138,34580,1417,466,128,409,428,14087,11530,81.8,1345,Premier League,2019-2020,14348480492050895
6,Atalanta,30,57.8,38.0,26354,2038,7049,12943,8151,1267,24556,411,700,58.7,441,32,18047,97999,51961,2404,758,230,459,464,20463,18078,88.3,1895,Serie A,2019-2020,87465877057901989
7,Athletic Club,26,48.7,38.0,20945,2191,6617,10445,5181,655,19036,342,567,60.3,374,22,12246,64419,34662,1342,447,93,468,398,15307,12589,82.2,1374,La Liga,2019-2020,4823083458145023
8,Atlético Madrid,30,48.5,38.0,22042,2034,6513,11157,5571,876,20176,350,585,59.8,372,18,13465,63061,32999,1353,397,128,519,396,16316,13709,84.0,1619,La Liga,2019-2020,74713976168286555
9,Augsburg,28,38.1,34.0,16354,2512,6702,7045,3534,568,14630,251,488,51.4,284,19,9156,48259,24857,821,272,89,424,390,11083,8618,77.8,1078,Bundesliga,2019-2020,82828683183786310
10,Barcelona,28,66.9,38.0,32096,2720,8347,16677,9213,1180,30469,510,820,62.2,541,27,23589,114309,64064,2772,802,213,392,366,27494,24981,90.9,1836,La Liga,2019-2020,81744823723090567
11,Bayern Munich,29,65.6,34.0,28044,2149,7737,14375,7803,1317,26379,522,835,62.5,566,28,20156,102447,54630,2277,605,235,444,377,23353,20739,88.8,2285,Bundesliga,2019-2020,7510926916741648
12,Betis,27,57.1,38.0,23922,2708,8180,11426,5892,941,21929,447,692,64.6,482,27,16015,84257,45987,1858,539,193,488,406,18549,16291,87.8,1357,La Liga,2019-2020,9423348454032625
13,Bologna,31,52.9,38.0,22950,2527,7208,10882,6301,885,21038,427,720,59.3,461,22,14610,79802,43660,1819,495,166,465,440,17130,14641,85.5,1607,Serie A,2019-2020,23275147453355121
14,Bordeaux,26,53.9,28.0,18350,1875,6062,10299,3154,430,16999,281,477,58.9,313,14,12418,61176,31449,1176,335,81,355,401,14151,12356,87.3,1011,Ligue 1,2019-2020,12683680850395737
15,Bournemouth,27,43.8,38.0,20686,2739,7781,8690,5386,832,18878,360,646,55.7,395,28,12186,64010,33067,1220,369,124,521,439,14685,11943,81.3,1364,Premier League,2019-2020,36088947257895306
16,Brescia,32,40.3,38.0,19038,2730,7376,8127,4740,734,17022,321,518,62.0,343,15,11119,63989,35282,1229,393,88,417,391,13481,11010,81.7,1401,Serie A,2019-2020,24926529561002350
17,Brest,24,49.7,28.0,17433,2165,6599,7977,3966,528,15987,229,412,55.6,248,16,11199,57232,30442,1054,321,75,378,335,13039,11090,85.1,1167,Ligue 1,2019-2020,27328509848090670
18,Brighton,25,52.2,38.0,24066,2881,8807,10577,6186,879,22325,361,599,60.3,380,21,15610,82502,42607,1619,507,141,474,512,18478,15696,84.9,1570,Premier League,2019-2020,49072214318111932
19,Burnley,22,41.4,38.0,18703,2366,6006,8777,4828,655,16885,271,473,57.3,293,18,9851,48492,23294,907,316,61,406,355,12820,9925,77.4,1165,Premier League,2019-2020,21823480134907726
20,Cagliari,33,45.5,38.0,21168,2765,7696,9814,5132,655,19296,366,565,64.8,390,12,13348,74646,40284,1483,534,103,414,444,15653,13303,85.0,1322,Serie A,2019-2020,32968728316179674
21,Celta Vigo,30,51.9,38.0,22702,2428,7524,11360,5166,679,20821,367,596,61.6,390,16,14522,75207,38737,1583,507,123,460,450,17193,14692,85.5,1322,La Liga,2019-2020,14218303985450920
22,Chelsea,27,60.7,38.0,29171,2489,8842,14256,7901,1197,27383,466,718,64.9,498,15,20509,103002,55571,2364,623,244,475,479,23597,20665,87.6,1849,Premier League,2019-2020,58172670324373785
23,Crystal Palace,25,44.5,38.0,20796,2496,7340,9542,5126,903,18860,448,715,62.7,474,24,12388,61778,32085,1275,387,167,509,556,14799,12142,82.0,1352,Premier League,2019-2020,15352059381074619
24,Dijon,28,46.5,28.0,16420,1981,6261,7902,3318,536,15029,355,609,58.3,393,17,10406,53689,29251,1076,330,90,351,392,12059,10180,84.4,1010,Ligue 1,2019-2020,59239312409540653
25,Dortmund,27,61.0,34.0,27902,2183,8548,14302,6858,980,26351,503,828,60.7,545,40,20139,99016,51936,2119,595,189,437,419,23240,20781,89.4,1668,Bundesliga,2019-2020,6921931827204601
26,Düsseldorf,28,45.4,34.0,18883,2196,6989,8308,4639,627,17184,294,490,60.0,315,10,11508,55487,30639,1069,352,94,411,362,13976,11476,82.1,1344,Bundesliga,2019-2020,6414184432322702
27,Eibar,26,46.3,38.0,19711,1879,5278,9802,5668,704,17635,260,439,59.2,284,16,10552,53417,25488,1103,370,96,526,401,13748,10623,77.3,1521,La Liga,2019-2020,67267904110326262
28,Eint Frankfurt,27,51.0,34.0,20519,2148,6655,10030,5131,844,18764,346,569,60.8,367,19,12398,67627,37610,1447,429,146,411,361,15261,12408,81.3,1630,Bundesliga,2019-2020,37929111009288632
29,Espanyol,31,47.3,38.0,20408,2255,6895,10186,4489,652,18544,289,507,57.0,315,15,11942,63574,33188,1288,357,94,483,376,14836,12032,81.1,1337,La Liga,2019-2020,71314269182841176
30,Everton,24,49.2,38.0,21845,2703,7601,9939,5579,889,20006,392,635,61.7,429,31,13246,69374,36267,1420,435,134,491,470,16042,13239,82.5,1611,Premier League,2019-2020,57482013681231466
31,Fiorentina,33,47.3,38.0,21658,2400,7032,10274,5858,980,19843,471,728,64.7,501,23,14059,77983,45231,1791,571,189,464,464,16134,13792,85.5,1505,Serie A,2019-2020,24325362613855847
32,Freiburg,26,47.9,34.0,19701,2789,7783,8685,4537,731,17914,277,484,57.2,295,16,12251,68146,36756,1221,396,118,410,387,14313,12120,84.7,1305,Bundesliga,2019-2020,17577284562417651
33,Genoa,34,49.5,38.0,22397,2974,8108,10345,5263,761,20471,360,614,58.6,391,23,14378,73150,38349,1361,401,103,426,434,16818,14405,85.7,1397,Serie A,2019-2020,87033800759594150
34,Getafe,30,44.6,38.0,17758,1587,4713,8406,5413,716,15554,262,448,58.5,289,13,8691,42964,21508,974,299,86,521,410,11585,8444,72.9,1598,La Liga,2019-2020,23789167582387071
35,Granada,27,43.7,38.0,18072,2365,6249,8418,4361,612,16138,303,520,58.3,328,22,10152,52303,26636,1050,304,93,443,343,12437,9933,79.9,1296,La Liga,2019-2020,45137124328012624
36,Hellas Verona,30,49.8,38.0,21768,2510,6782,10800,5593,841,19888,376,619,60.7,404,25,13363,74299,39533,1612,556,124,427,332,16185,13387,82.7,1576,Serie A,2019-2020,45227680351245381
37,Hertha BSC,32,44.7,34.0,19063,2390,7281,8959,4052,568,17473,391,596,65.6,414,18,11846,63789,34220,1171,340,104,444,400,13820,11480,83.1,1172,Bundesliga,2019-2020,59737400018465050
38,Hoffenheim,31,51.9,34.0,22069,2697,8705,10201,4512,780,20392,312,539,57.9,333,15,13904,69066,37449,1292,399,135,417,410,16823,14589,86.7,1430,Bundesliga,2019-2020,29322720181807625
39,Inter,29,54.2,38.0,24870,2664,7970,11912,6602,1135,23146,332,523,63.5,359,11,16629,87637,49108,1919,519,179,398,370,19767,17321,87.6,1855,Serie A,2019-2020,53198597771575973
40,Juventus,30,58.3,38.0,27693,2193,6984,14383,8112,999,25951,441,691,63.8,471,20,18744,91814,49930,2179,705,205,421,380,22476,20306,90.3,1753,Serie A,2019-2020,19371054131726661
41,Köln,29,46.7,34.0,19173,2370,7267,8595,4453,682,17442,290,494,58.7,314,12,11330,60209,30839,1117,343,80,489,350,13813,11292,81.7,1342,Bundesliga,2019-2020,39731782814123330
42,Lazio,27,50.5,38.0,23466,2634,7645,10923,6707,1057,21853,397,636,62.4,436,23,16152,95272,55033,2106,726,201,429,372,18184,16035,88.2,1675,Serie A,2019-2020,90751438076496109
43,Lecce,30,44.6,38.0,21339,2985,8159,9452,5169,824,19548,323,510,63.3,348,19,13322,75582,43178,1598,485,150,381,364,15992,13757,86.0,1399,Serie A,2019-2020,92912790925867566
44,Leganés,29,43.8,38.0,18956,1869,5893,9224,4875,703,17013,341,576,59.2,378,27,10795,54294,28007,1103,375,101,454,382,13104,10467,79.9,1334,La Liga,2019-2020,20237473683555152
45,Leicester City,24,57.6,38.0,25867,2350,8090,12502,6789,998,24031,411,678,60.6,444,22,16888,84083,44863,1800,544,203,468,477,20014,17329,86.6,1622,Premier League,2019-2020,18776461863573874
46,Levante,29,48.4,38.0,20354,2651,7558,9477,4498,695,18487,394,670,58.8,429,24,12554,66233,36330,1478,417,144,459,383,14968,12463,83.3,1398,La Liga,2019-2020,1566092639264277
47,Leverkusen,24,63.8,34.0,26975,2466,8622,14296,5839,922,25265,472,758,62.3,505,34,18799,92899,46756,1778,524,180,460,450,21880,19160,87.6,1699,Bundesliga,2019-2020,36794408106212849
48,Lille,25,53.0,28.0,17366,1360,4522,9473,4563,615,15961,343,575,59.7,378,29,11627,61478,33139,1377,394,112,373,371,13330,11307,84.8,1166,Ligue 1,2019-2020,85603837513355486
49,Liverpool,24,63.4,38.0,29379,2183,7595,15110,8457,1318,27525,439,718,61.1,482,27,20118,95488,51317,2238,679,208,477,427,24019,20887,87.0,2119,Premier League,2019-2020,41956650829873911
50,Lyon,27,56.4,28.0,19252,1798,6093,10048,4464,599,17971,365,596,61.2,399,12,13296,67358,36880,1366,395,98,399,388,15206,13379,88.0,1258,Ligue 1,2019-2020,87005642993871754
51,M'Gladbach,25,52.4,34.0,21964,2523,8191,10420,4816,855,20255,427,686,62.2,455,29,14431,73044,40827,1402,411,155,403,405,17068,14479,84.8,1552,Bundesliga,2019-2020,81611584009946193
52,Mainz 05,25,43.2,34.0,18333,2381,6633,8412,4477,705,16601,413,662,62.4,448,21,11106,59405,32778,1154,353,105,511,405,12656,10302,81.4,1288,Bundesliga,2019-2020,71158960989778912
53,Mallorca,32,44.6,38.0,19860,2495,6876,9224,5074,737,17940,382,634,60.3,409,18,12287,71974,39494,1553,456,161,509,481,14370,11932,83.0,1297,La Liga,2019-2020,96459977719332900
54,Manchester City,24,66.9,38.0,31554,2222,7301,16365,10037,1626,30005,539,813,66.3,565,23,22892,117460,68628,3191,828,300,332,397,26741,24266,90.7,2255,Premier League,2019-2020,74026506610392765
55,Manchester Utd,29,56.2,38.0,25675,2324,7503,12600,7324,985,23880,475,780,60.9,506,39,17480,94581,54035,2260,665,213,451,478,20059,17542,87.5,1743,Premier League,2019-2020,29078730489839024
56,Marseille,23,54.0,28.0,18069,1618,5609,9182,4482,597,16704,324,565,57.3,351,17,11865,63572,34886,1400,382,105,324,329,13979,12013,85.9,937,Ligue 1,2019-2020,66190039714113630
57,Metz,24,45.3,28.0,15989,1744,5744,7826,3513,419,14695,383,623,61.5,415,23,10379,56373,29690,1156,376,76,375,350,11569,9635,83.3,847,Ligue 1,2019-2020,14635757597311544
58,Milan,32,55.1,38.0,25059,2454,7413,12439,6966,1063,23255,456,706,64.6,480,22,16906,89091,48969,2034,663,208,442,444,19639,17281,88.0,1489,Serie A,2019-2020,59378513948613436
59,Monaco,28,50.8,28.0,17693,1681,5343,9095,4508,751,16382,359,596,60.2,384,15,11692,64096,37023,1502,446,132,357,306,13731,11748,85.6,1297,Ligue 1,2019-2020,79093238158793616
60,Montpellier,27,47.6,28.0,15864,1719,5434,7646,3796,502,14478,225,467,48.2,246,14,9876,50762,27810,1030,291,65,371,262,11740,9682,82.5,1213,Ligue 1,2019-2020,32434714471076965
61,Nantes,29,48.1,28.0,16979,1576,5436,8459,4092,550,15590,336,592,56.8,371,10,10638,52374,28759,1140,344,118,377,380,12608,10599,84.1,1038,Ligue 1,2019-2020,25802633648495862
62,Napoli,25,59.5,38.0,28328,2338,7683,14300,8293,1062,26551,393,631,62.3,417,37,20249,103977,59539,2633,780,195,366,345,23536,21244,90.3,1931,Serie A,2019-2020,10516137814401134
63,Newcastle Utd,28,38.6,38.0,18718,2508,7645,7774,4326,593,16998,427,656,65.1,457,18,10760,54145,28128,1012,324,115,453,407,12986,10500,80.9,1087,Premier League,2019-2020,29528772732587842
64,Nice,31,55.0,28.0,18877,2057,7155,9338,3792,526,17568,354,615,57.6,390,18,13389,67908,39072,1317,331,107,401,366,14938,13378,89.6,1108,Ligue 1,2019-2020,11720969662561653
65,Nîmes,28,44.6,28.0,14587,1467,5048,6565,3871,536,13019,274,518,52.9,298,16,8480,44259,24797,896,264,67,356,300,10246,8170,79.7,1090,Ligue 1,2019-2020,83514802313158576
66,Norwich City,30,49.3,38.0,23022,3280,9340,9988,5141,731,21235,451,732,61.6,483,34,14491,75948,40234,1526,443,171,479,466,17229,14610,84.8,1168,Premier League,2019-2020,42809968147687487
67,Osasuna,31,47.5,38.0,20185,2108,6184,9989,5057,749,18195,336,539,62.3,358,17,11043,55285,30048,1266,404,119,506,414,14128,11102,78.6,1565,La Liga,2019-2020,83352675823776457
68,Paderborn 07,27,45.7,34.0,19619,2681,8423,8326,4231,622,17768,421,756,55.7,473,42,12149,68649,38502,1195,354,151,511,472,13923,11645,83.6,1258,Bundesliga,2019-2020,13210847894253626
69,Paris S-G,31,65.6,27.0,22010,1479,5523,12089,5925,948,20847,438,720,60.8,470,28,16214,79000,44523,1928,538,166,321,333,18398,16845,91.6,1524,Ligue 1,2019-2020,11177590892093073
70,Parma,25,43.6,38.0,20215,2935,7596,9062,4847,833,18342,391,660,59.2,420,32,12220,67616,39007,1406,447,184,491,397,14624,12330,84.3,1408,Serie A,2019-2020,62695319081093388
71,RB Leipzig,29,55.5,34.0,24211,2246,7393,12119,6186,1030,22547,424,680,62.4,462,17,16110,82042,45463,1845,513,187,501,388,18952,16395,86.5,1830,Bundesliga,2019-2020,68159208261559796
72,Real Madrid,26,59.1,38.0,27878,2457,7970,13777,7786,1184,26119,463,775,59.7,505,21,18870,96751,51991,2289,654,268,463,353,22895,20329,88.8,1766,La Liga,2019-2020,29627131003986350
73,Real Sociedad,27,56.6,38.0,24174,2570,7810,12304,5603,863,22283,354,591,59.9,372,14,15869,84261,45819,1796,505,136,452,419,18695,16055,85.9,1696,La Liga,2019-2020,57299950304530590
74,Reims,26,48.8,28.0,16512,1805,6355,7663,3683,558,15104,378,617,61.3,406,15,10715,61216,34071,1159,339,97,371,300,12252,10361,84.6,1111,Ligue 1,2019-2020,67732085073987538
75,Rennes,26,49.8,28.0,16554,1817,5765,8423,3443,509,15178,284,489,58.1,305,19,10571,54747,30277,1148,351,88,366,354,12286,10454,85.1,1060,Ligue 1,2019-2020,96819424452761337
76,Roma,31,52.9,38.0,23491,2441,7217,11606,6550,1103,21717,429,696,61.6,463,33,15560,96221,53947,2090,715,227,434,360,18375,16108,87.7,1555,Serie A,2019-2020,764736481564168
77,Saint-Étienne,31,48.0,28.0,16405,1632,5729,8191,3555,467,14965,329,534,61.6,359,14,10274,55403,29953,1075,313,81,357,379,12089,10086,83.4,1041,Ligue 1,2019-2020,56226069621228236
78,Sampdoria,31,42.4,38.0,20183,2404,6584,9410,5493,776,18350,348,569,61.2,364,24,12231,65361,35997,1415,483,110,386,383,14469,12022,83.1,1461,Serie A,2019-2020,89407679695143145
79,Sassuolo,31,57.8,38.0,26143,2696,8005,13301,6683,945,24343,512,795,64.4,547,36,18371,96599,55554,2097,668,199,401,461,20838,18697,89.7,1442,Serie A,2019-2020,79200252522790650
80,Schalke 04,29,49.0,34.0,20016,2408,7302,9239,4860,695,18339,436,737,59.2,462,26,12669,68613,36358,1263,381,120,510,474,14904,12189,81.8,1419,Bundesliga,2019-2020,24345039935475884
81,Sevilla,26,58.4,38.0,25805,2395,7982,12761,6536,991,23891,434,672,64.6,468,15,17051,83364,45054,1925,562,185,473,449,20175,17667,87.6,1731,La Liga,2019-2020,22702270477938803
82,Sheffield Utd,26,43.1,38.0,20790,2314,6373,8949,6476,819,19016,364,540,67.4,387,22,11990,57523,28679,1208,374,115,418,372,15038,12052,80.1,1399,Premier League,2019-2020,93216768512646707
83,Southampton,25,49.3,38.0,22030,2221,6615,10574,6045,894,20098,457,742,61.6,492,23,12534,62471,32381,1361,427,159,515,431,15420,12482,80.9,1464,Premier League,2019-2020,21037626007536306
84,SPAL,34,46.8,38.0,21116,2805,7533,9814,5111,708,19257,390,601,64.9,411,21,13430,72182,39023,1551,491,124,400,417,15589,13452,86.3,1358,Serie A,2019-2020,73622612860183040
85,Strasbourg,25,49.7,27.0,15862,1563,5327,7924,3766,531,14579,288,466,61.8,316,14,10231,56490,31068,1163,365,72,395,301,11990,10203,85.1,1136,Ligue 1,2019-2020,92234479374253707
86,Torino,27,47.5,38.0,21006,2680,7615,9563,5246,830,19100,497,784,63.4,530,15,13064,73308,40198,1595,520,154,462,464,14984,12628,84.3,1266,Serie A,2019-2020,21846272194836439
87,Tottenham,29,52.2,38.0,24348,2661,7941,11816,6076,811,22572,467,804,58.1,510,33,15693,79682,42432,1810,536,160,410,470,18554,15794,85.1,1468,Premier League,2019-2020,22006624071753704
88,Toulouse,30,44.0,28.0,15612,1881,5472,7450,3736,530,14229,321,503,63.8,344,8,9825,54203,30878,1088,343,83,397,356,11398,9433,82.8,981,Ligue 1,2019-2020,94523000561782573
89,Udinese,25,44.7,38.0,21292,2655,7759,9826,5128,800,19568,368,612,60.1,397,18,13504,74667,42083,1532,488,157,421,380,15851,13535,85.4,1363,Serie A,2019-2020,48393495896639342
90,Union Berlin,26,41.8,34.0,17733,2286,6746,7802,4154,614,16020,284,444,64.0,304,16,9295,48616,24683,846,292,81,458,353,12114,9503,78.4,1213,Bundesliga,2019-2020,71630543971501382
91,Valencia,28,48.9,38.0,21957,2790,7974,10516,4831,708,20176,353,557,63.4,376,13,14243,76592,39820,1459,415,105,444,341,16843,14565,86.5,1413,La Liga,2019-2020,65158650443085242
92,Valladolid,30,44.3,38.0,19517,2302,6720,9785,4119,547,17551,330,585,56.4,352,18,11501,62751,31853,1236,355,101,434,356,13743,11236,81.8,1191,La Liga,2019-2020,44089518275887893
93,Villarreal,25,53.2,38.0,24211,2721,8164,12023,5406,842,22390,420,675,62.2,447,17,15653,78061,42082,1691,436,178,484,354,18931,16361,86.4,1537,La Liga,2019-2020,63335634096533483
94,Watford,26,42.5,38.0,19952,2259,6459,9064,5455,877,18176,360,618,58.3,382,15,11603,54910,29135,1198,361,145,448,411,14093,11208,79.5,1305,Premier League,2019-2020,73743918793554398
95,Werder Bremen,30,48.8,34.0,20864,2519,7265,10088,4783,704,19079,278,487,57.1,296,17,12939,65281,34516,1247,392,98,453,403,15465,12979,83.9,1472,Bundesliga,2019-2020,59303898890876434
96,West Ham,29,44.0,38.0,20825,2288,6477,9965,5580,823,19019,406,645,62.9,429,23,12519,66314,33396,1350,437,155,399,408,15315,12388,80.9,1377,Premier League,2019-2020,57680956417459581
97,Wolfsburg,26,48.3,34.0,19911,2102,6576,9616,4946,787,18132,388,617,62.9,414,30,11921,62106,34411,1300,363,141,469,469,14309,11716,81.9,1601,Bundesliga,2019-2020,85159484018358879
98,Wolves,21,48.3,38.0,22382,2106,7297,10931,5458,840,20636,519,820,63.3,562,32,14114,70477,40243,1645,450,212,445,454,16703,14072,84.2,1361,Premier League,2019-2020,24001928852251903
1,Alavés,26,42.7,38.0,18585,2331,6410,8846,4315,672,16669,321,574,55.9,343,15,10284,50341,27461,1035,330,67,512,347,12658,9814,77.5,1344,La Liga,2018-2019,37745278530914180
2,Amiens,26,46.7,38.0,20581,2138,6623,10194,4908,590,18609,349,577,60.5,385,10,13030,59818,32195,1227,371,72,521,442,14899,12031,80.8,1428,Ligue 1,2018-2019,20069478421376018
3,Angers,24,43.2,38.0,21185,2001,6957,10494,5220,734,19392,440,697,63.1,471,15,13911,69323,38818,1476,511,98,476,517,15420,13020,84.4,1452,Ligue 1,2018-2019,66587352409382849
4,Arsenal,28,58.0,38.0,26636,2699,8512,12995,6846,1118,24773,365,599,60.9,393,24,18531,94662,51027,2115,587,208,466,460,21153,18313,86.6,1686,Premier League,2018-2019,5838645288327307
5,Atalanta,27,57.8,38.0,26745,2067,7426,12846,8423,1275,24884,492,812,60.6,523,25,19054,103379,55613,2483,835,219,530,507,20896,18178,87.0,1963,Serie A,2018-2019,87465877057901989
6,Athletic Club,27,50.1,38.0,21741,2093,6468,10878,5660,776,19893,337,601,56.1,363,17,13600,65384,35058,1449,450,101,481,387,16241,13267,81.7,1526,La Liga,2018-2019,4823083458145023
7,Atlético Madrid,29,49.4,38.0,23298,2044,6545,11445,6717,901,21611,460,693,66.4,481,14,15815,75278,38583,1673,524,134,428,396,18114,15143,83.6,1590,La Liga,2018-2019,74713976168286555
8,Augsburg,30,46.6,34.0,18983,2230,6929,8905,4287,690,17363,244,411,59.4,269,11,11481,57341,29418,987,358,66,410,377,13491,11138,82.6,1474,Bundesliga,2018-2019,82828683183786310
9,Barcelona,30,64.2,38.0,30827,2378,7917,15807,9151,1197,29198,578,912,63.4,613,36,23446,107025,59067,2593,785,213,421,406,26137,23464,89.8,1889,La Liga,2018-2019,81744823723090567
10,Bayern Munich,24,65.5,34.0,27361,1714,6943,14253,7935,1373,25802,453,689,65.7,486,27,20873,100298,54795,2487,664,220,421,379,22648,20506,90.5,2083,Bundesliga,2018-2019,7510926916741648
11,Betis,25,61.7,38.0,26963,2579,8172,13566,7121,960,25218,495,793,62.4,538,34,20049,99573,54955,2220,712,197,479,437,21949,19506,88.9,1504,La Liga,2018-2019,9423348454032625
12,Bologna,29,44.7,38.0,20538,2335,7012,9393,5506,820,18580,321,615,52.2,350,20,12688,69761,38945,1520,470,128,441,413,14902,12116,81.3,1506,Serie A,2018-2019,23275147453355121
13,Bordeaux,33,50.2,38.0,23095,2296,7864,11836,5100,647,21238,458,724,63.3,500,20,15701,79126,44025,1599,533,106,496,501,17387,14650,84.3,1483,Ligue 1,2018-2019,12683680850395737
14,Bournemouth,28,46.8,38.0,22059,2567,8104,9651,5686,961,20174,326,562,58.0,358,22,13680,70433,37903,1392,498,151,500,473,16237,13480,83.0,1468,Premier League,2018-2019,36088947257895306
15,Brighton,21,42.6,38.0,20219,2574,7668,8825,4812,671,18433,299,519,57.6,346,15,11852,58929,29689,1119,323,101,483,403,14607,11586,79.3,1136,Premier League,2018-2019,49072214318111932
16,Burnley,23,41.2,38.0,19175,2613,6384,8945,4795,707,17329,224,400,56.0,241,6,10215,50638,24791,997,322,66,488,366,13215,10157,76.9,1116,Premier League,2018-2019,21823480134907726
17,Caen,27,44.2,38.0,20078,2291,7089,10224,3912,532,18178,395,693,57.0,438,18,12435,56457,29268,1020,321,61,509,436,14201,11521,81.1,1170,Ligue 1,2018-2019,21277886218272520
18,Cagliari,30,50.0,38.0,23057,2531,7267,11360,5738,773,21147,261,478,54.6,284,11,14594,68773,35003,1363,443,80,461,388,17529,14565,83.1,1625,Serie A,2018-2019,32968728316179674
19,Cardiff City,25,35.6,38.0,16206,2325,5398,6853,4680,749,14415,293,488,60.0,321,13,8140,39509,19984,838,251,103,438,428,10395,7220,69.5,1092,Premier League,2018-2019,69924771535350567
20,Celta Vigo,28,51.7,38.0,23086,2382,7384,11775,5318,753,21294,475,739,64.3,509,13,15669,73718,38175,1532,492,115,430,396,17753,15122,85.2,1345,La Liga,2018-2019,14218303985450920
21,Chelsea,24,62.8,38.0,30760,2303,8290,15195,9493,1180,29041,462,686,67.3,490,15,22554,110853,64776,2775,819,258,427,558,25670,22838,89.0,2027,Premier League,2018-2019,58172670324373785
22,Chievo,36,43.1,38.0,20785,2471,7540,9844,4617,581,18995,281,449,62.6,293,11,12933,62084,31865,1158,416,58,405,431,15300,12555,82.1,1403,Serie A,2018-2019,83748145049842906
23,Crystal Palace,26,45.0,38.0,21793,2432,7453,9960,5759,1041,19928,480,773,62.1,513,20,13828,71875,39270,1654,475,208,477,536,15527,12739,82.0,1395,Premier League,2018-2019,15352059381074619
24,Dijon,26,47.9,38.0,21346,2215,7062,10545,5115,728,19554,418,624,67.0,453,12,13934,70133,38941,1492,456,93,495,463,15969,13058,81.8,1446,Ligue 1,2018-2019,59239312409540653
25,Dortmund,23,58.0,34.0,26019,1997,6979,14179,6536,945,24411,475,755,62.9,526,30,19411,93540,48827,2040,560,171,466,459,20919,18845,90.1,1593,Bundesliga,2018-2019,6921931827204601
26,Düsseldorf,24,43.1,34.0,18315,2165,6973,8342,4082,656,16690,267,451,59.2,300,14,11594,57566,31734,1128,335,121,389,310,13090,11146,85.1,1447,Bundesliga,2018-2019,6414184432322702
27,Eibar,25,54.1,38.0,22712,1710,5109,11445,7419,1026,20625,432,686,63.0,466,37,13784,67250,32536,1482,479,115,522,411,16887,13129,77.7,1936,La Liga,2018-2019,67267904110326262
28,Eint Frankfurt,30,47.3,34.0,18741,2016,5968,9202,4714,785,17080,289,501,57.7,325,13,11432,60698,33402,1209,359,134,419,413,13466,10631,78.9,1521,Bundesliga,2018-2019,37929111009288632
29,Empoli,29,47.9,38.0,22369,2522,7249,10442,6218,926,20508,367,610,60.2,393,20,15670,82911,47267,1847,566,153,431,387,17241,14685,85.2,1594,Serie A,2018-2019,77726683749984272
30,Espanyol,25,49.5,38.0,22149,2655,7812,10516,5234,805,20327,396,594,66.7,427,17,14656,73942,39561,1555,498,111,454,438,16689,13996,83.9,1559,La Liga,2018-2019,71314269182841176
31,Everton,23,51.5,38.0,23165,2318,7304,10946,6321,931,21180,341,614,55.5,376,21,14264,74222,37902,1527,453,148,582,519,16910,13829,81.8,1511,Premier League,2018-2019,57482013681231466
32,Fiorentina,27,50.7,38.0,21846,2284,6842,10875,5638,937,19990,364,641,56.8,403,29,14354,76616,43326,1778,547,163,454,483,15839,13356,84.3,1644,Serie A,2018-2019,24325362613855847
33,Freiburg,28,44.2,34.0,18763,2342,6998,8963,4015,626,17124,273,478,57.1,305,18,12273,63961,33946,1192,337,102,411,371,13577,11490,84.6,1206,Bundesliga,2018-2019,17577284562417651
34,Frosinone,33,41.1,38.0,19686,2533,7431,9048,4402,596,17819,276,510,54.1,305,23,12328,63171,34695,1224,391,78,384,347,14229,11525,81.0,1307,Serie A,2018-2019,87953309350363757
35,Fulham,28,48.6,38.0,23963,2764,8042,11914,5339,688,22203,421,674,62.5,454,34,15447,71602,37205,1518,460,112,462,511,18150,15179,83.6,1363,Premier League,2018-2019,19227944656237519
36,Genoa,31,43.1,38.0,19706,2176,6137,9100,5797,877,17817,363,577,62.9,392,22,12252,65286,35958,1411,517,117,386,386,13999,11178,79.8,1439,Serie A,2018-2019,87033800759594150
37,Getafe,26,40.8,38.0,17374,1922,5103,8129,4992,765,15338,342,587,58.3,366,18,9352,45976,23366,975,338,94,514,425,11705,8264,70.6,1563,La Liga,2018-2019,23789167582387071
38,Girona,26,48.0,38.0,21532,2517,7904,10424,4554,710,19723,357,609,58.6,398,9,13869,67071,36770,1364,437,88,462,395,15959,13258,83.1,1469,La Liga,2018-2019,12545195302828957
39,Guingamp,30,44.2,38.0,20156,1950,6396,9533,5500,782,18225,444,729,60.9,494,15,12503,63143,34058,1313,425,111,495,477,14048,11408,81.2,1501,Ligue 1,2018-2019,16872092436156260
40,Hannover 96,32,46.3,34.0,19383,2375,7250,9218,4197,597,17674,316,538,58.7,345,14,12097,63468,34554,1201,352,84,523,449,13894,11428,82.3,1262,Bundesliga,2018-2019,10121335889457780
41,Hertha BSC,26,48.1,34.0,20031,2213,6504,10163,4547,699,18398,343,521,65.8,365,12,12880,62704,32560,1270,389,125,436,392,14827,12472,84.1,1370,Bundesliga,2018-2019,59737400018465050
42,Hoffenheim,29,53.6,34.0,22007,2118,7153,10571,5832,1065,20439,390,636,61.3,423,20,15017,81788,46806,1890,579,164,462,383,16799,14499,86.3,1688,Bundesliga,2018-2019,29322720181807625
43,Huddersfield,31,47.0,38.0,22091,2206,7059,10421,5807,681,20218,284,529,53.7,310,15,13288,64107,30831,1205,408,94,431,443,16159,13030,80.6,1287,Premier League,2018-2019,70397411865897550
44,Huesca,30,44.7,38.0,19382,2198,6336,9324,4890,802,17507,398,655,60.8,426,18,11809,62847,32716,1364,444,108,516,393,13690,10778,78.7,1368,La Liga,2018-2019,16593090704373522
45,Inter,23,59.6,38.0,27443,2274,7584,13810,7807,1135,25587,351,552,63.6,366,15,19533,99283,54007,2226,694,185,437,381,22123,19563,88.4,1900,Serie A,2018-2019,53198597771575973
46,Juventus,31,56.2,38.0,25889,2153,7122,13090,7438,1045,24208,444,774,57.4,475,20,18767,95840,51995,2268,682,189,414,350,20956,18393,87.8,1680,Serie A,2018-2019,19371054131726661
47,Lazio,30,50.8,38.0,24008,2250,7089,11424,7168,1103,22343,386,694,55.6,430,18,16380,88946,50449,2069,632,189,385,379,18599,15879,85.4,1870,Serie A,2018-2019,90751438076496109
48,Leganés,29,42.8,38.0,19246,2132,6238,9352,4707,707,17436,322,550,58.5,352,19,11092,54070,27050,1009,363,84,410,347,13854,10787,77.9,1340,La Liga,2018-2019,20237473683555152
49,Leicester City,25,51.1,38.0,23693,2416,7561,11375,6298,876,21838,381,619,61.6,421,34,15387,80161,43102,1709,534,171,489,449,17925,14787,82.5,1500,Premier League,2018-2019,18776461863573874
50,Levante,26,45.6,38.0,19154,2351,6547,8919,4957,781,17245,456,761,59.9,490,21,11909,64376,35890,1487,423,138,413,490,13557,10953,80.8,1394,La Liga,2018-2019,1566092639264277
51,Leverkusen,21,59.9,34.0,26110,2147,7622,13652,6459,977,24498,376,604,62.3,401,16,18453,88483,45941,1868,542,160,495,405,20774,18327,88.2,1846,Bundesliga,2018-2019,36794408106212849
52,Lille,25,51.4,38.0,22599,2031,6842,11709,5694,780,20760,440,704,62.5,473,21,15578,81409,45761,1773,551,138,502,509,16987,14573,85.8,1550,Ligue 1,2018-2019,85603837513355486
53,Liverpool,23,61.7,38.0,29561,2063,7777,15406,8177,1292,27739,385,630,61.1,426,34,21241,95668,51960,2205,648,201,525,498,24303,21110,86.9,2160,Premier League,2018-2019,41956650829873911
54,Lyon,25,60.3,38.0,26928,2102,7249,14387,7150,1122,25201,527,803,65.6,568,19,19748,101961,57592,2353,626,227,515,460,21653,19060,88.0,2001,Ligue 1,2018-2019,87005642993871754
55,M'Gladbach,22,53.1,34.0,22563,2297,7639,11461,5186,818,21025,323,519,62.2,346,6,16402,91069,51486,1905,501,145,401,349,17820,15778,88.5,1602,Bundesliga,2018-2019,81611584009946193
56,Mainz 05,28,46.1,34.0,19316,2120,6239,9105,5178,750,17657,353,604,58.4,385,14,12540,63534,34632,1337,427,113,423,407,13944,11555,82.9,1467,Bundesliga,2018-2019,71158960989778912
57,Manchester City,21,67.8,38.0,32179,2064,6899,16881,10628,1669,30584,438,736,59.5,481,31,24176,125514,73232,3339,944,329,435,465,27133,24631,90.8,2195,Premier League,2018-2019,74026506610392765
58,Manchester Utd,28,54.5,38.0,25121,2343,7335,12598,6657,997,23247,366,601,60.9,393,18,16914,80929,43657,1870,532,192,463,460,19683,16807,85.4,1699,Premier League,2018-2019,29078730489839024
59,Marseille,24,55.2,38.0,24253,2087,7499,12284,6025,876,22375,418,699,59.8,451,24,16419,77449,43346,1639,516,133,524,427,18814,16031,85.2,1307,Ligue 1,2018-2019,66190039714113630
60,Milan,23,54.2,38.0,25372,2621,8291,12354,6452,931,23566,425,690,61.6,462,27,18103,91032,50025,1982,601,152,452,421,20070,17532,87.4,1477,Serie A,2018-2019,59378513948613436
61,Monaco,42,49.9,38.0,22236,1971,6860,11157,5758,785,20300,401,664,60.4,433,19,14877,76796,43638,1663,527,114,500,422,16786,14093,84.0,1754,Ligue 1,2018-2019,79093238158793616
62,Montpellier,25,48.1,38.0,22154,2164,7135,10800,5573,740,20270,415,661,62.8,451,14,14073,69928,36605,1411,405,122,481,443,16302,13580,83.3,1588,Ligue 1,2018-2019,32434714471076965
63,Nantes,33,49.9,38.0,22183,2139,6908,10424,6187,811,20236,372,586,63.5,404,23,13403,65007,35941,1468,486,104,530,433,16271,13301,81.7,1695,Ligue 1,2018-2019,25802633648495862
64,Napoli,26,59.4,38.0,28652,2114,7296,14815,8430,1068,26920,418,707,59.1,457,25,21516,103545,59341,2620,806,198,380,351,23865,21121,88.5,2045,Serie A,2018-2019,10516137814401134
65,Newcastle Utd,24,40.4,38.0,20044,2517,7509,8757,4914,714,18272,292,501,58.3,320,26,11395,55253,28858,1102,390,90,461,459,13812,10819,78.3,1164,Premier League,2018-2019,29528772732587842
66,Nice,30,54.8,38.0,25615,2604,9177,13101,5039,730,23906,609,993,61.3,663,30,18449,84979,49733,1887,485,186,553,480,20207,17888,88.5,1339,Ligue 1,2018-2019,11720969662561653
67,Nîmes,23,45.6,38.0,20223,1937,6813,9183,5573,757,18165,447,738,60.6,485,13,12435,64599,37093,1411,445,131,558,457,14116,11435,81.0,1411,Ligue 1,2018-2019,83514802313158576
68,Nürnberg,27,42.3,34.0,17966,2496,7416,7901,3839,556,16335,299,498,60.0,321,22,11304,58749,32039,1060,316,65,403,318,12803,10598,82.8,1140,Bundesliga,2018-2019,10689243141507842
69,Paris S-G,30,63.4,38.0,29131,2001,7287,15788,8115,1275,27590,571,888,64.3,618,26,21811,106992,61810,2627,721,207,432,467,24425,21972,90.0,2129,Ligue 1,2018-2019,11177590892093073
70,Parma,31,37.3,38.0,18143,2944,7395,8038,3863,584,16288,364,656,55.5,396,26,10805,55745,29610,1004,324,93,411,402,12572,9996,79.5,1141,Serie A,2018-2019,62695319081093388
71,Rayo Vallecano,29,48.7,38.0,20898,2422,7382,9958,5013,697,19041,576,897,64.2,624,23,13907,73909,40651,1608,496,138,512,540,15259,12606,82.6,1318,La Liga,2018-2019,75203699329351977
72,RB Leipzig,23,49.3,34.0,21006,1699,5575,10516,6203,906,19199,365,594,61.4,385,16,13066,65786,36675,1594,518,160,516,408,15206,12507,82.3,1811,Bundesliga,2018-2019,68159208261559796
73,Real Madrid,27,60.0,38.0,28248,2150,7697,14485,7812,1217,26458,493,772,63.9,518,25,21293,101549,53423,2400,656,259,406,423,23349,20684,88.6,1777,La Liga,2018-2019,29627131003986350
74,Real Sociedad,30,51.6,38.0,23020,2695,8139,11454,5109,741,21105,439,729,60.2,474,12,15410,83730,45766,1661,522,99,492,495,17599,14700,83.5,1500,La Liga,2018-2019,57299950304530590
75,Reims,27,43.5,38.0,20086,2286,7747,9172,4522,699,18290,432,673,64.2,465,19,12712,66861,36632,1259,364,108,488,421,14356,11618,80.9,1384,Ligue 1,2018-2019,67732085073987538
76,Rennes,28,50.6,38.0,22211,1996,6918,11285,5553,797,20341,481,786,61.2,511,11,15224,77442,44149,1731,531,131,515,488,16728,14207,84.9,1569,Ligue 1,2018-2019,96819424452761337
77,Roma,26,51.7,38.0,23350,2391,7026,11302,6521,1087,21528,470,786,59.8,499,21,15866,79617,42452,1741,591,181,441,378,18068,15367,85.1,1940,Serie A,2018-2019,764736481564168
78,Saint-Étienne,29,52.6,38.0,23434,2201,7904,11549,5429,858,21515,382,620,61.6,407,13,15841,76295,41776,1608,445,151,455,434,17916,15174,84.7,1515,Ligue 1,2018-2019,56226069621228236
79,Sampdoria,24,55.3,38.0,25381,2672,7652,12710,6590,834,23577,380,614,61.9,400,24,17606,79645,44903,1828,552,112,404,467,20108,17188,85.5,1769,Serie A,2018-2019,89407679695143145
80,Sassuolo,29,54.0,38.0,24277,2463,7982,11994,5910,778,22404,460,755,60.9,494,32,17150,85861,47763,1828,504,157,470,411,18999,16500,86.8,1504,Serie A,2018-2019,79200252522790650
81,Schalke 04,32,45.4,34.0,18471,1918,6198,9236,4347,750,16869,381,619,61.6,425,20,11936,63855,36392,1375,417,115,463,410,13093,10900,83.3,1375,Bundesliga,2018-2019,24345039935475884
82,Sevilla,27,52.2,38.0,22894,2255,7245,10841,6249,1084,21054,416,675,61.6,449,15,15304,77301,43696,1868,549,206,408,419,17574,14612,83.1,1744,La Liga,2018-2019,22702270477938803
83,Southampton,30,43.9,38.0,20806,2238,6385,9770,5816,805,19042,357,603,59.2,396,25,12250,62298,32318,1408,445,150,458,394,14789,11581,78.3,1316,Premier League,2018-2019,21037626007536306
84,SPAL,28,50.6,38.0,22156,2658,7881,10440,5490,723,20255,351,570,61.6,375,15,14766,82624,46471,1796,611,128,471,427,16544,14319,86.6,1357,Serie A,2018-2019,73622612860183040
85,Strasbourg,26,50.2,38.0,22864,2275,7741,11326,5394,642,21013,372,623,59.7,405,13,15627,78857,43654,1581,532,77,520,424,17490,14802,84.6,1569,Ligue 1,2018-2019,92234479374253707
86,Stuttgart,26,45.9,34.0,19237,2198,6765,9090,4566,666,17526,272,454,59.9,296,13,11649,58759,31261,1190,361,80,434,340,13604,11309,83.1,1052,Bundesliga,2018-2019,81761661302668293
87,Torino,25,51.4,38.0,21765,2205,6804,10381,6018,906,19863,437,723,60.4,456,20,13837,74187,40506,1650,560,146,472,496,15611,12929,82.8,1487,Serie A,2018-2019,21846272194836439
88,Tottenham,28,58.9,38.0,27269,2664,8503,13334,7110,1021,25447,398,700,56.9,440,32,18685,89673,47124,1893,573,182,484,467,21784,18764,86.1,1654,Premier League,2018-2019,22006624071753704
89,Toulouse,29,48.0,38.0,21526,2461,7195,10448,5294,773,19670,462,737,62.7,505,16,13979,69885,39442,1511,444,118,525,515,15809,12939,81.8,1527,Ligue 1,2018-2019,94523000561782573
90,Udinese,31,42.4,38.0,19810,2442,7124,9468,4507,685,18003,400,637,62.8,423,9,12400,66578,36983,1390,452,137,446,439,13940,11534,82.7,1272,Serie A,2018-2019,48393495896639342
91,Valencia,25,47.1,38.0,21921,2204,7012,10554,5707,936,20135,395,652,60.6,419,20,14262,76176,40927,1687,488,166,457,357,16683,13821,82.8,1699,La Liga,2018-2019,65158650443085242
92,Valladolid,28,47.0,38.0,20457,2387,7015,9763,4953,662,18567,355,536,66.2,377,15,13019,66832,36310,1498,450,121,469,376,14972,12132,81.0,1390,La Liga,2018-2019,44089518275887893
93,Villarreal,26,48.3,38.0,21874,2267,6921,10838,5494,923,20137,443,720,61.5,477,27,14282,71281,38680,1647,491,178,437,351,16685,13853,83.0,1614,La Liga,2018-2019,63335634096533483
94,Watford,25,47.1,38.0,21627,2379,6872,10134,5749,961,19826,318,562,56.6,348,28,13148,61413,31945,1377,392,164,498,520,15695,12735,81.1,1338,Premier League,2018-2019,73743918793554398
95,Werder Bremen,24,52.2,34.0,22245,2258,6779,10969,5881,804,20567,271,431,62.9,292,12,14821,73895,40207,1644,510,111,427,372,16970,14504,85.5,1748,Bundesliga,2018-2019,59303898890876434
96,West Ham,26,48.7,38.0,22571,2423,7068,11033,6000,871,20710,403,639,63.1,427,30,14355,77445,40297,1655,530,166,451,501,16764,13900,82.9,1306,Premier League,2018-2019,57680956417459581
97,Wolfsburg,25,53.3,34.0,20957,2451,7628,9788,4850,747,19270,290,477,60.8,321,21,13763,71746,39345,1350,342,116,379,390,15703,13200,84.1,1566,Bundesliga,2018-2019,85159484018358879
98,Wolves,21,46.9,38.0,22795,2214,7347,11156,5652,825,21050,347,591,58.7,375,13,14501,72910,41165,1664,452,177,467,479,17121,14054,82.1,1373,Premier League,2018-2019,24001928852251903
1,Alavés,30,39.8,38.0,17627,2150,6162,8241,4235,639,16164,358,552,64.9,395,23,10639,52772,26536,1004,322,110,448,370,11683,9346,80.0,1243,La Liga,2017-2018,37745278530914180
2,Amiens,30,43.4,38.0,19793,2407,7759,8922,4437,544,18245,321,538,59.7,350,9,11643,64325,33401,1175,379,72,513,437,13120,10940,83.4,1373,Ligue 1,2017-2018,20069478421376018
3,Angers,27,44.9,38.0,20741,1705,6945,9804,5385,686,19158,311,564,55.1,342,23,13113,73653,37235,1434,463,113,510,422,14432,12407,86.0,1565,Ligue 1,2017-2018,66587352409382849
4,Arsenal,30,61.5,38.0,29511,2394,7955,14933,8437,1255,27805,394,646,61.0,435,30,19526,96571,51212,2443,702,189,489,449,23745,20840,87.8,1933,Premier League,2017-2018,5838645288327307
5,Atalanta,25,55.2,38.0,25771,2066,7492,12493,7535,1202,23989,485,740,65.5,522,16,17534,93137,49108,2095,667,187,553,554,19093,16813,88.1,2042,Serie A,2017-2018,87465877057901989
6,Athletic Club,26,49.7,38.0,21099,2132,6403,10287,5825,855,19702,324,548,59.1,361,26,13660,74758,39197,1551,507,108,456,334,15390,12708,82.6,1608,La Liga,2017-2018,4823083458145023
7,Atlético Madrid,26,47.3,38.0,22528,2086,7072,10958,5949,845,21203,365,594,61.4,407,25,15484,76000,38921,1576,491,150,454,388,16640,14162,85.1,1592,La Liga,2017-2018,74713976168286555
8,Augsburg,27,45.6,34.0,18332,2085,6452,8426,4557,693,16651,251,419,59.9,282,16,10518,56585,29165,1011,343,87,460,368,12522,10179,81.3,1479,Bundesliga,2017-2018,82828683183786310
9,Barcelona,25,63.1,38.0,28834,2273,7716,14165,9030,1389,27625,617,953,64.7,673,35,22156,109504,58996,2436,826,252,444,401,23805,21306,89.5,2023,La Liga,2017-2018,81744823723090567
10,Bayern Munich,28,65.9,34.0,27560,1897,6645,14579,8073,1194,26139,342,529,64.7,363,15,20716,100380,53524,2428,697,181,432,388,22679,20441,90.1,1974,Bundesliga,2017-2018,7510926916741648
11,Benevento,41,47.7,38.0,22160,2698,8463,10498,4844,663,20460,467,747,62.5,515,30,14874,84429,47024,1597,492,133,472,470,16300,14168,86.9,1286,Serie A,2017-2018,38159059008947812
12,Betis,29,57.7,38.0,24882,2519,8155,12664,5697,694,23696,392,580,67.6,417,24,18494,93912,48719,1843,573,153,459,367,19397,17395,89.7,1473,La Liga,2017-2018,9423348454032625
13,Bologna,30,47.2,38.0,22199,2656,8070,10637,4846,621,20366,400,632,63.3,430,19,14001,71084,37754,1391,418,92,558,461,15943,13638,85.5,1356,Serie A,2017-2018,23275147453355121
14,Bordeaux,31,50.7,38.0,22288,1909,7499,10338,6228,824,20844,376,648,58.0,427,16,14778,90185,48692,1776,600,135,488,441,16359,14055,85.9,1650,Ligue 1,2017-2018,12683680850395737
15,Bournemouth,22,47.8,38.0,22846,2631,8024,10429,5889,902,20853,368,658,55.9,403,27,13062,73987,41116,1635,482,160,536,528,16285,13512,83.0,1275,Premier League,2017-2018,36088947257895306
16,Brighton,24,43.7,38.0,20795,2737,7992,9236,4735,658,19096,311,502,62.0,335,12,11622,61562,32642,1164,357,113,461,387,14951,11951,79.9,1031,Premier League,2017-2018,49072214318111932
17,Burnley,24,43.9,38.0,19875,2525,6789,9083,4919,668,18031,246,421,58.4,273,20,10364,50076,25007,981,320,72,464,403,13582,10495,77.3,1013,Premier League,2017-2018,21823480134907726
18,Caen,26,45.5,38.0,20286,1927,6973,9137,5599,632,18695,292,470,62.1,326,27,11650,70384,37101,1306,450,71,538,371,13773,11292,82.0,1617,Ligue 1,2017-2018,21277886218272520
19,Cagliari,29,45.2,38.0,20989,2325,7222,10018,4876,745,19087,283,484,58.5,317,11,12282,58722,30667,1146,348,88,475,393,14590,12167,83.4,1460,Serie A,2017-2018,32968728316179674
20,Celta Vigo,23,56.1,38.0,24396,2437,8186,12186,5669,822,23170,351,572,61.4,388,15,17652,92386,46421,1699,558,152,441,365,18845,16520,87.7,1636,La Liga,2017-2018,14218303985450920
21,Chelsea,26,55.4,38.0,27451,2527,8695,13021,7598,1124,25744,448,740,60.5,481,41,18162,96309,54605,2358,646,223,496,431,21891,18953,86.6,1718,Premier League,2017-2018,58172670324373785
22,Chievo,25,44.3,38.0,21317,2548,7249,10009,5301,695,19519,289,476,60.7,307,7,12956,64259,32815,1201,433,71,414,417,14883,12575,84.5,1542,Serie A,2017-2018,83748145049842906
23,Crotone,29,40.1,38.0,19532,2466,6946,9134,4539,632,17762,292,502,58.2,318,15,11130,54891,29330,1083,378,80,548,401,12906,10311,79.9,1420,Serie A,2017-2018,33431629624225246
24,Crystal Palace,28,45.3,38.0,21218,2322,6917,9830,5708,915,19295,455,755,60.3,506,18,12214,62807,33820,1446,466,168,522,527,14942,11832,79.2,1216,Premier League,2017-2018,15352059381074619
25,Dijon,26,48.4,38.0,21148,2319,8176,9420,5244,710,19703,368,594,62.0,400,9,13878,85346,45695,1553,496,97,457,408,15276,12787,83.7,1505,Ligue 1,2017-2018,59239312409540653
26,Dortmund,30,59.0,34.0,24361,1797,6311,13227,6413,977,22708,382,623,61.3,415,19,17035,88378,47414,2109,596,181,466,413,19183,16586,86.5,1671,Bundesliga,2017-2018,6921931827204601
27,Eibar,27,52.4,38.0,21589,1645,5302,10733,6844,831,19889,341,554,61.6,377,12,13679,71650,34347,1479,518,112,528,375,15436,12513,81.1,1716,La Liga,2017-2018,67267904110326262
28,Eint Frankfurt,28,48.4,34.0,19633,1981,6347,10022,4436,772,17962,317,536,59.1,339,10,11883,61001,32318,1205,332,113,481,406,14030,11441,81.5,1543,Bundesliga,2017-2018,37929111009288632
29,Espanyol,25,46.8,38.0,20772,2110,7101,10014,4864,666,19340,354,537,65.9,392,17,13621,66139,32897,1256,406,108,444,350,14682,12349,84.1,1394,La Liga,2017-2018,71314269182841176
30,Everton,30,45.9,38.0,21403,2579,7376,10004,5155,679,19576,314,561,56.0,343,20,11906,58049,28891,1084,329,92,549,434,15097,11989,79.4,1116,Premier League,2017-2018,57482013681231466
31,Fiorentina,27,52.6,38.0,24197,2173,7374,12146,6138,928,22481,388,655,59.2,416,21,15866,77591,42668,1647,546,140,481,474,17491,15290,87.4,1850,Serie A,2017-2018,24325362613855847
32,Freiburg,29,44.5,34.0,18860,2348,6984,8992,3978,580,17209,268,459,58.4,303,12,11395,58027,29900,1037,328,85,443,366,13199,11014,83.4,1314,Bundesliga,2017-2018,17577284562417651
33,Genoa,33,46.3,38.0,21766,2297,7053,10466,5668,792,19990,343,535,64.1,377,26,13850,71018,39489,1553,538,102,491,447,15695,13218,84.2,1547,Serie A,2017-2018,87033800759594150
34,Getafe,32,39.4,38.0,17018,1916,5549,7551,4869,685,15310,310,536,57.8,338,24,9975,48573,23304,825,302,78,452,404,11074,8463,76.4,1423,La Liga,2017-2018,23789167582387071
35,Girona,25,46.8,38.0,19454,1938,6406,9343,4912,744,18068,338,555,60.9,374,20,12584,64236,30673,1229,384,97,431,360,13526,11412,84.4,1383,La Liga,2017-2018,12545195302828957
36,Guingamp,23,49.7,38.0,21573,2017,7151,10055,5885,746,20049,341,534,63.9,374,5,13463,80459,41393,1583,490,140,466,437,15419,13225,85.8,1563,Ligue 1,2017-2018,16872092436156260
37,Hamburger SV,29,49.1,34.0,19354,1927,6147,9272,5041,787,17486,330,571,57.8,368,19,11339,59241,31545,1199,358,112,512,498,13356,10768,80.6,1502,Bundesliga,2017-2018,42905483414913667
38,Hannover 96,26,47.1,34.0,19329,2325,7214,8851,4396,668,17540,293,503,58.3,325,5,11129,57754,31596,1127,354,101,487,398,13408,10882,81.2,1540,Bundesliga,2017-2018,10121335889457780
39,Hellas Verona,32,41.8,38.0,20117,3000,8022,9000,4434,552,18376,426,691,61.6,468,30,12339,66956,35989,1230,431,98,486,463,13890,11493,82.7,1187,Serie A,2017-2018,45227680351245381
40,Hertha BSC,25,45.9,34.0,19581,2184,6517,9820,4332,546,18017,290,514,56.4,323,13,12067,59091,29604,1092,343,94,462,342,14044,11673,83.1,1294,Bundesliga,2017-2018,59737400018465050
41,Hoffenheim,26,51.3,34.0,21227,2250,7481,10385,4785,860,19722,312,515,60.6,336,12,13987,72197,40081,1565,490,147,457,439,16075,13769,85.7,1597,Bundesliga,2017-2018,29322720181807625
42,Huddersfield,25,45.7,38.0,21730,2411,7453,10048,5507,592,19805,279,557,50.1,307,25,12048,63219,31411,1225,424,112,512,489,15152,12081,79.7,1012,Premier League,2017-2018,70397411865897550
43,Inter,22,56.9,38.0,26783,2330,7788,13556,7207,1048,25126,393,665,59.1,436,26,18563,96054,53678,2109,668,176,422,369,21016,18750,89.2,1778,Serie A,2017-2018,53198597771575973
44,Juventus,24,57.1,38.0,27527,2134,7990,14457,6798,881,26051,447,696,64.2,484,23,20053,96047,49191,1984,599,156,487,436,22157,20058,90.5,1698,Serie A,2017-2018,19371054131726661
45,Köln,31,47.5,34.0,19697,2134,6329,9869,4647,722,18059,278,477,58.3,301,5,12155,61079,31871,1259,359,112,452,342,14198,11700,82.4,1473,Bundesliga,2017-2018,39731782814123330
46,La Coruña,32,46.6,38.0,20411,2047,6669,9527,5502,804,19066,368,544,67.6,392,7,13443,69158,35102,1408,466,137,415,376,14682,12284,83.7,1555,La Liga,2017-2018,31828180925314031
47,Las Palmas,36,55.1,38.0,23070,2347,7666,11516,5464,720,21693,422,611,69.1,451,18,16708,85710,43341,1615,544,114,501,454,17248,15166,87.9,1470,La Liga,2017-2018,33189055458748528
48,Lazio,24,51.1,38.0,24559,2214,7838,11757,6754,1092,23023,466,751,62.1,501,32,16833,91698,52074,1997,606,196,541,451,18776,16308,86.9,1848,Serie A,2017-2018,90751438076496109
49,Leganés,28,42.5,38.0,18694,1933,6381,8663,4720,648,17136,374,585,63.9,406,22,11703,58876,27589,1063,365,98,462,418,12570,10185,81.0,1377,La Liga,2017-2018,20237473683555152
50,Leicester City,27,47.9,38.0,21717,2389,7115,10602,5320,736,19775,421,727,57.9,455,27,12270,66562,35256,1317,402,118,468,458,15586,12332,79.1,1111,Premier League,2017-2018,18776461863573874
51,Levante,33,42.5,38.0,18404,2145,6257,8258,5090,762,16894,363,581,62.5,391,15,11824,63409,33880,1309,451,132,487,433,12684,10471,82.6,1511,La Liga,2017-2018,1566092639264277
52,Leverkusen,24,54.6,34.0,22502,2030,6713,11427,5822,946,20838,430,633,67.9,464,18,15148,81196,42593,1771,526,166,467,465,16994,14642,86.2,1814,Bundesliga,2017-2018,36794408106212849
53,Lille,25,53.5,38.0,23694,2005,8252,11229,6074,685,22448,491,748,65.6,518,13,16805,97370,52363,1854,585,128,574,517,17743,15564,87.7,1632,Ligue 1,2017-2018,85603837513355486
54,Liverpool,27,60.5,38.0,29199,2037,7686,15678,7739,1250,27440,446,721,61.9,488,24,19876,100826,56270,2421,696,207,552,483,23427,20257,86.5,1957,Premier League,2017-2018,41956650829873911
55,Lyon,26,55.6,38.0,24876,1985,8012,12021,6738,885,23539,432,753,57.4,475,23,17171,101729,55612,2116,640,182,502,484,18872,16846,89.3,1628,Ligue 1,2017-2018,87005642993871754
56,M'Gladbach,27,52.0,34.0,22062,2274,7179,11032,5310,823,20456,383,599,63.9,420,19,14900,77134,41714,1631,451,160,415,451,16711,14496,86.7,1551,Bundesliga,2017-2018,81611584009946193
57,Mainz 05,27,44.3,34.0,18314,1972,6236,8862,4316,626,16711,327,585,55.9,362,17,10891,56318,30665,1144,340,98,476,441,12373,10117,81.8,1386,Bundesliga,2017-2018,71158960989778912
58,Málaga,37,44.0,38.0,19587,2064,6386,9341,4936,633,18048,301,497,60.6,322,11,12339,59655,28341,1058,378,89,472,425,13470,11168,82.9,1397,La Liga,2017-2018,79809637287620621
59,Manchester City,25,71.1,38.0,34056,1989,7545,18614,10114,1435,32359,414,665,62.3,450,22,24205,118508,69212,3161,920,288,488,512,28854,26108,90.5,2041,Premier League,2017-2018,74026506610392765
60,Manchester Utd,27,54.8,38.0,26311,2324,7233,13581,7120,1008,24531,442,741,59.6,486,38,17288,86842,48497,2181,615,197,480,532,20499,17775,86.7,1437,Premier League,2017-2018,29078730489839024
61,Marseille,26,58.0,38.0,24800,1862,8227,11301,7031,942,23397,360,601,59.9,393,10,16715,89559,48998,1918,602,183,519,429,18546,16580,89.4,1440,Ligue 1,2017-2018,66190039714113630
62,Metz,36,45.5,38.0,20560,1918,6804,9415,5733,634,19038,305,517,59.0,338,16,12586,70619,36523,1345,478,88,494,391,14186,12159,85.7,1555,Ligue 1,2017-2018,14635757597311544
63,Milan,23,55.9,38.0,25667,2120,7429,12728,7137,974,24086,312,478,65.3,344,14,18087,86967,47691,2024,655,173,455,413,19838,17744,89.4,1600,Serie A,2017-2018,59378513948613436
64,Monaco,32,50.9,38.0,22189,1802,6779,10662,6352,838,20716,349,605,57.7,387,24,14229,83512,46126,1814,574,150,498,383,16138,13858,85.9,1764,Ligue 1,2017-2018,79093238158793616
65,Montpellier,23,46.9,38.0,21347,1819,7092,9723,6141,734,19834,295,519,56.8,328,16,13385,79914,42807,1616,584,124,471,423,15113,13023,86.2,1692,Ligue 1,2017-2018,32434714471076965
66,Nantes,30,43.9,38.0,20457,2138,6939,8880,5938,721,18923,299,500,59.8,329,4,12395,66721,34759,1357,466,97,538,409,14019,11474,81.8,1577,Ligue 1,2017-2018,25802633648495862
67,Napoli,23,63.2,38.0,32977,1901,7143,18407,9349,1092,31365,381,697,54.7,421,30,23717,100170,59295,2675,792,194,450,404,27690,24985,90.2,2270,Serie A,2017-2018,10516137814401134
68,Newcastle Utd,27,41.7,38.0,20506,2404,7533,9086,5025,687,18668,340,580,58.6,377,25,11071,55029,29376,1076,374,84,485,463,14089,11037,78.3,1042,Premier League,2017-2018,29528772732587842
69,Nice,31,58.0,38.0,26725,2205,9443,13242,6059,754,25545,436,676,64.5,467,16,19229,103835,57298,2218,593,176,450,430,21034,19266,91.6,1552,Ligue 1,2017-2018,11720969662561653
70,Paris S-G,26,66.5,38.0,29302,1770,7801,15589,8223,1274,28186,507,838,60.5,548,34,22060,126237,69314,2845,772,230,437,374,23974,22005,91.8,2047,Ligue 1,2017-2018,11177590892093073
71,RB Leipzig,23,54.9,34.0,22610,1863,6265,11888,5939,920,20869,468,773,60.5,505,17,14713,74893,40916,1866,556,165,511,470,16738,14201,84.8,1744,Bundesliga,2017-2018,68159208261559796
72,Real Madrid,24,60.5,38.0,27475,1823,7025,13397,8919,1406,26298,447,653,68.5,470,12,21578,110618,57350,2511,752,291,394,344,22511,20155,89.5,2085,La Liga,2017-2018,29627131003986350
73,Real Sociedad,27,56.8,38.0,24091,2354,7876,11460,6596,925,22750,311,512,60.7,337,12,17636,97656,51900,1951,620,155,493,417,18666,16400,87.9,1746,La Liga,2017-2018,57299950304530590
74,Rennes,28,50.2,38.0,21788,1727,6602,10436,6142,677,20201,262,503,52.1,290,18,13597,74969,39602,1537,477,102,501,423,15721,13282,84.5,1690,Ligue 1,2017-2018,96819424452761337
75,Roma,27,58.0,38.0,25758,2228,7178,12747,7638,1107,24091,429,715,60.0,475,21,18030,96585,51662,2150,652,202,493,467,19799,17296,87.4,2164,Serie A,2017-2018,764736481564168
76,Saint-Étienne,30,51.3,38.0,22688,2272,8130,10416,5803,730,21197,308,505,61.0,340,15,14663,88961,46367,1737,513,141,451,471,16543,14310,86.5,1479,Ligue 1,2017-2018,56226069621228236
77,Sampdoria,27,53.4,38.0,24644,2385,6950,13043,6197,845,22818,417,664,62.8,449,18,16024,75770,42856,1692,489,116,493,519,18390,16148,87.8,1830,Serie A,2017-2018,89407679695143145
78,Sassuolo,28,43.2,38.0,20244,2361,6722,9109,5637,746,18434,332,551,60.3,370,12,12280,64848,34314,1311,433,114,425,480,14016,11497,82.0,1579,Serie A,2017-2018,79200252522790650
79,Schalke 04,24,46.7,34.0,19745,1876,6512,10303,4271,711,18186,382,626,61.0,411,18,12775,69494,38435,1453,467,138,455,422,14064,12031,85.5,1303,Bundesliga,2017-2018,24345039935475884
80,Sevilla,31,54.5,38.0,24031,2041,7224,11888,6503,1044,22669,371,558,66.5,407,18,17106,85080,44858,1848,580,215,429,401,18124,15762,87.0,1900,La Liga,2017-2018,22702270477938803
81,Southampton,26,51.5,38.0,23455,2192,7153,11561,6165,808,21571,364,566,64.3,396,23,14186,71581,38768,1573,490,128,445,423,17308,14319,82.7,1351,Premier League,2017-2018,21037626007536306
82,SPAL,29,45.1,38.0,20466,2421,7272,9830,4724,606,18598,404,603,67.0,435,16,12893,66856,37702,1348,442,78,437,452,14138,12214,86.4,1263,Serie A,2017-2018,73622612860183040
83,Stoke City,30,41.3,38.0,19298,2679,6746,8868,4706,692,17415,357,638,56.0,394,27,10092,51646,26081,991,337,88,494,408,13014,10142,77.9,1041,Premier League,2017-2018,55848606059653975
84,Strasbourg,25,49.2,38.0,20790,2010,7764,9287,5265,726,19237,313,512,61.1,352,16,12886,72880,39176,1411,440,92,509,382,14298,12322,86.2,1445,Ligue 1,2017-2018,92234479374253707
85,Stuttgart,26,46.7,34.0,19993,2184,6714,9888,4532,622,18370,268,480,55.8,291,7,12154,60901,31924,1208,390,110,391,344,14704,12101,82.3,1304,Bundesliga,2017-2018,81761661302668293
86,Swansea City,26,45.2,38.0,21754,2594,7546,10497,5045,599,19902,339,605,56.0,372,17,13276,68463,35803,1316,373,82,463,459,16085,13270,82.5,1066,Premier League,2017-2018,11897392087106032
87,Torino,27,51.0,38.0,22935,2555,8018,10686,5740,818,21090,447,720,62.1,477,19,14920,79599,41055,1541,495,136,527,538,16626,14425,86.8,1540,Serie A,2017-2018,21846272194836439
88,Tottenham,25,61.9,38.0,28265,2232,7455,14352,8298,1080,26307,444,753,59.0,489,35,18748,95290,51297,2320,683,165,523,552,22175,19287,87.0,1905,Premier League,2017-2018,22006624071753704
89,Toulouse,25,45.2,38.0,19517,1938,6418,8717,5697,765,17861,322,549,58.7,356,22,11258,66954,36696,1400,443,127,507,428,13320,10831,81.3,1559,Ligue 1,2017-2018,94523000561782573
90,Troyes,25,42.6,38.0,19927,2203,7699,8386,5189,596,18410,275,514,53.5,307,17,12107,70304,37005,1269,421,86,477,395,13772,11486,83.4,1437,Ligue 1,2017-2018,57069542099991496
91,Udinese,27,44.7,38.0,21100,2346,7194,10296,4907,690,19285,323,552,58.5,345,13,13063,67758,35789,1425,489,106,428,457,14782,12619,85.4,1487,Serie A,2017-2018,48393495896639342
92,Valencia,25,48.9,38.0,21839,2125,7085,10691,5513,861,20596,421,644,65.4,458,14,15309,79510,41951,1649,521,177,459,420,16034,13770,85.9,1655,La Liga,2017-2018,65158650443085242
93,Villarreal,32,50.5,38.0,22451,2216,7530,11215,5218,762,21222,318,500,63.6,344,11,15578,80020,41001,1597,534,167,384,354,16817,14504,86.2,1545,La Liga,2017-2018,63335634096533483
94,Watford,29,49.6,38.0,22190,2240,6902,10600,5873,892,20262,332,621,53.5,362,34,12401,62464,33655,1429,451,145,526,479,15900,12739,80.1,1223,Premier League,2017-2018,73743918793554398
95,Werder Bremen,25,47.5,34.0,19944,2056,6355,9665,5136,732,18227,274,478,57.3,307,18,12099,65920,35394,1401,439,114,384,420,14416,12071,83.7,1568,Bundesliga,2017-2018,59303898890876434
96,West Brom,24,40.6,38.0,19532,2457,7051,8676,4916,651,17694,336,623,53.9,372,29,10691,55614,28936,1078,339,80,516,495,13490,10478,77.7,1001,Premier League,2017-2018,26775906631723373
97,West Ham,27,45.0,38.0,20788,2400,6633,10296,5014,668,18830,367,616,59.6,406,21,11770,59683,30029,1207,372,95,474,474,14538,11768,80.9,1015,Premier League,2017-2018,57680956417459581
98,Wolfsburg,29,49.2,34.0,20226,2290,7061,10129,4271,547,18664,300,506,59.3,327,17,12990,66072,34418,1315,388,94,435,380,14909,12757,85.6,1360,Bundesliga,2017-2018,85159484018358879
