Rk,Squad,# Pl,90s,Gls,Sh,SoT,SoT%,Sh/90,SoT/90,G/Sh,G/SoT,Dist,FK,PK,PKatt,xG,npxG,npxG/Sh,G-xG,np:G-xG,League,Season,TeamID
1,Alavés,24,11.0,6,109,29,26.6,9.91,2.64,0.04,0.14,16.1,3,2,2,10.0,8.4,0.08,-4.0,-4.4,La Liga,2021-2022,37745278530914180
2,Angers,22,12.0,17,119,37,31.1,9.92,3.08,0.12,0.38,17.5,6,3,3,14.7,12.4,0.11,2.3,1.6,Ligue 1,2021-2022,66587352409382849
3,Arminia,22,10.0,6,119,37,31.1,11.9,3.7,0.04,0.14,19.1,3,1,1,8.9,8.2,0.07,-2.9,-3.2,Bundesliga,2021-2022,60726784699523350
4,Arsenal,26,10.0,12,141,44,31.2,14.1,4.4,0.09,0.27,17.4,6,0,1,12.5,11.6,0.09,-0.5,0.4,Premier League,2021-2022,5838645288327307
5,Aston Villa,23,10.0,13,113,34,30.1,11.3,3.4,0.1,0.32,17.2,4,2,2,11.0,9.6,0.09,2.0,1.4,Premier League,2021-2022,14348480492050895
6,Atalanta,24,11.0,18,161,44,27.3,14.64,4.0,0.1,0.36,16.1,6,2,3,18.6,16.4,0.1,-0.6,-0.4,Serie A,2021-2022,87465877057901989
7,Athletic Club,23,11.0,10,139,42,30.2,12.64,3.82,0.06,0.21,15.3,4,1,3,17.3,15.1,0.11,-7.3,-6.1,La Liga,2021-2022,4823083458145023
8,Atlético Madrid,21,11.0,16,141,39,27.7,12.82,3.55,0.11,0.38,17.4,2,1,1,13.9,13.1,0.09,2.1,1.9,La Liga,2021-2022,74713976168286555
9,Augsburg,24,10.0,9,99,35,35.4,9.9,3.5,0.09,0.26,17.7,2,0,0,8.7,8.7,0.09,0.3,0.3,Bundesliga,2021-2022,82828683183786310
10,Barcelona,27,11.0,16,136,46,33.8,12.36,4.18,0.1,0.3,16.2,6,2,3,19.1,16.8,0.12,-3.1,-2.8,La Liga,2021-2022,81744823723090567
11,Bayern Munich,22,10.0,36,181,78,43.1,18.1,7.8,0.19,0.44,15.5,3,2,2,29.6,28.1,0.16,6.4,5.9,Bundesliga,2021-2022,7510926916741648
12,Betis,29,12.0,18,176,65,36.9,14.67,5.42,0.09,0.25,17.7,5,2,2,18.6,17.1,0.1,-0.6,-1.1,La Liga,2021-2022,9423348454032625
13,Bochum,24,10.0,8,116,32,27.6,11.6,3.2,0.07,0.25,18.3,8,0,0,11.7,11.7,0.1,-3.7,-3.7,Bundesliga,2021-2022,26656491983030423
14,Bologna,24,11.0,16,141,46,32.6,12.82,4.18,0.11,0.33,16.5,5,1,2,11.3,9.8,0.07,2.7,3.2,Serie A,2021-2022,23275147453355121
15,Bordeaux,28,12.0,16,132,45,34.1,11.0,3.75,0.11,0.33,19.0,5,1,1,11.1,10.4,0.08,4.9,4.6,Ligue 1,2021-2022,12683680850395737
16,Brentford,21,10.0,12,115,34,29.6,11.5,3.4,0.1,0.32,15.3,3,1,1,13.0,12.2,0.11,-1.0,-1.2,Premier League,2021-2022,27125852983275500
17,Brest,22,12.0,14,120,44,36.7,10.0,3.67,0.1,0.27,16.4,4,2,2,12.2,10.6,0.09,1.8,1.4,Ligue 1,2021-2022,27328509848090670
18,Brighton,21,10.0,11,115,36,31.3,11.5,3.6,0.08,0.25,16.8,5,2,2,10.7,9.2,0.08,0.3,-0.2,Premier League,2021-2022,49072214318111932
19,Burnley,18,10.0,9,118,35,29.7,11.8,3.5,0.08,0.26,16.2,4,0,0,11.3,11.3,0.1,-2.3,-2.3,Premier League,2021-2022,21823480134907726
20,Cádiz,26,12.0,11,111,25,22.5,9.25,2.08,0.07,0.32,17.5,3,3,4,12.6,9.5,0.09,-1.6,-1.5,La Liga,2021-2022,1007679934589500
21,Cagliari,26,11.0,12,105,31,29.5,9.55,2.82,0.1,0.32,16.7,2,2,2,10.4,8.8,0.09,1.6,1.2,Serie A,2021-2022,32968728316179674
22,Celta Vigo,22,12.0,10,131,38,29.0,10.92,3.17,0.07,0.24,17.9,3,1,2,13.4,11.9,0.09,-3.4,-2.9,La Liga,2021-2022,14218303985450920
23,Chelsea,25,10.0,25,142,53,37.3,14.2,5.3,0.16,0.43,17.2,8,2,2,17.2,15.8,0.11,7.8,7.2,Premier League,2021-2022,58172670324373785
24,Clermont Foot,20,12.0,12,137,46,33.6,11.42,3.83,0.09,0.26,16.7,4,0,0,15.0,15.0,0.11,-3.0,-3.0,Ligue 1,2021-2022,54976968050746588
25,Crystal Palace,19,10.0,13,108,29,26.9,10.8,2.9,0.1,0.38,16.1,3,2,2,11.2,9.7,0.09,1.8,1.3,Premier League,2021-2022,15352059381074619
26,Dortmund,27,10.0,25,136,50,36.8,13.6,5.0,0.15,0.42,16.0,5,4,4,20.6,17.5,0.13,4.4,3.5,Bundesliga,2021-2022,6921931827204601
27,Eint Frankfurt,24,10.0,9,116,35,30.2,11.6,3.5,0.07,0.23,18.1,4,1,2,12.4,10.9,0.09,-3.4,-2.9,Bundesliga,2021-2022,37929111009288632
28,Elche,23,12.0,9,98,37,37.8,8.17,3.08,0.09,0.24,18.7,3,0,0,9.8,9.8,0.1,-0.8,-0.8,La Liga,2021-2022,30674441257210497
29,Empoli,24,11.0,14,152,43,28.3,13.82,3.91,0.07,0.23,18.1,6,4,4,14.3,11.3,0.07,-0.3,-1.3,Serie A,2021-2022,77726683749984272
30,Espanyol,27,12.0,12,138,41,29.7,11.5,3.42,0.07,0.24,19.5,12,2,2,13.1,11.7,0.09,-1.1,-1.7,La Liga,2021-2022,71314269182841176
31,Everton,24,10.0,16,134,40,29.9,13.4,4.0,0.1,0.33,16.5,3,3,3,14.3,12.0,0.09,0.7,0.0,Premier League,2021-2022,57482013681231466
32,Fiorentina,24,11.0,16,138,49,35.5,12.55,4.45,0.08,0.22,18.1,5,5,5,15.4,11.8,0.09,0.6,-0.8,Serie A,2021-2022,24325362613855847
33,Freiburg,23,10.0,15,123,44,35.8,12.3,4.4,0.11,0.3,15.8,4,2,2,13.3,11.8,0.1,1.7,1.2,Bundesliga,2021-2022,17577284562417651
34,Genoa,30,11.0,15,132,36,27.3,12.0,3.27,0.08,0.31,18.6,6,4,4,13.5,10.5,0.08,1.5,0.5,Serie A,2021-2022,87033800759594150
35,Getafe,26,12.0,6,131,32,24.4,10.92,2.67,0.05,0.19,20.6,13,0,1,8.0,7.2,0.06,-2.0,-1.2,La Liga,2021-2022,23789167582387071
36,Granada,25,11.0,11,98,29,29.6,8.91,2.64,0.1,0.34,19.1,3,1,2,7.5,6.0,0.06,0.5,1.0,La Liga,2021-2022,45137124328012624
37,Greuther Fürth,25,10.0,7,98,33,33.7,9.8,3.3,0.04,0.12,18.3,2,3,3,10.6,8.4,0.09,-3.6,-4.4,Bundesliga,2021-2022,11035944553035865
38,Hellas Verona,24,11.0,24,105,42,40.0,9.55,3.82,0.19,0.48,16.5,3,4,4,15.5,12.4,0.12,8.5,7.6,Serie A,2021-2022,45227680351245381
39,Hertha BSC,27,10.0,10,93,36,38.7,9.3,3.6,0.1,0.25,17.6,6,1,1,10.1,9.3,0.11,-0.1,-0.3,Bundesliga,2021-2022,59737400018465050
40,Hoffenheim,22,10.0,19,119,39,32.8,11.9,3.9,0.16,0.49,14.4,5,0,0,17.0,17.0,0.15,2.0,2.0,Bundesliga,2021-2022,29322720181807625
41,Inter,23,11.0,28,166,61,36.7,15.09,5.55,0.16,0.43,15.0,3,2,3,21.9,19.6,0.12,6.1,6.4,Serie A,2021-2022,53198597771575973
42,Juventus,24,11.0,15,148,46,31.1,13.45,4.18,0.09,0.28,16.9,4,2,2,14.5,13.0,0.09,0.5,0.0,Serie A,2021-2022,19371054131726661
43,Köln,22,10.0,15,156,44,28.2,15.6,4.4,0.1,0.34,16.3,2,0,0,14.7,14.7,0.1,0.3,0.3,Bundesliga,2021-2022,39731782814123330
44,Lazio,23,11.0,22,123,54,43.9,11.18,4.91,0.15,0.35,16.4,4,3,4,16.2,13.3,0.11,5.8,5.7,Serie A,2021-2022,90751438076496109
45,Leeds United,23,10.0,10,139,38,27.3,13.9,3.8,0.06,0.24,18.5,1,1,1,13.2,12.5,0.09,-3.2,-3.5,Premier League,2021-2022,34570153325607342
46,Leicester City,22,10.0,15,124,46,37.1,12.4,4.6,0.12,0.33,16.8,3,0,0,15.5,15.5,0.13,-0.5,-0.5,Premier League,2021-2022,18776461863573874
47,Lens,23,12.0,21,173,65,37.6,14.42,5.42,0.1,0.28,17.3,5,3,3,20.9,18.7,0.11,0.1,-0.7,Ligue 1,2021-2022,74951719010833888
48,Levante,26,12.0,11,99,30,30.3,8.25,2.5,0.08,0.27,18.2,3,3,5,13.8,10.3,0.1,-2.8,-2.3,La Liga,2021-2022,1566092639264277
49,Leverkusen,23,10.0,20,121,46,38.0,12.1,4.6,0.16,0.41,17.6,5,1,2,15.4,13.9,0.12,4.6,5.1,Bundesliga,2021-2022,36794408106212849
50,Lille,22,12.0,14,132,44,33.3,11.0,3.67,0.09,0.27,16.6,5,2,2,17.7,16.2,0.13,-3.7,-4.2,Ligue 1,2021-2022,85603837513355486
51,Liverpool,24,10.0,29,198,64,32.3,19.8,6.4,0.14,0.44,15.7,4,1,1,26.3,26.0,0.14,2.7,2.0,Premier League,2021-2022,41956650829873911
52,Lorient,25,12.0,11,111,40,36.0,9.25,3.33,0.08,0.23,18.6,7,2,2,14.1,12.6,0.11,-3.1,-3.6,Ligue 1,2021-2022,37325341301512527
53,Lyon,25,12.0,20,164,66,40.2,13.67,5.5,0.1,0.26,16.9,4,3,3,21.8,19.7,0.12,-1.8,-2.7,Ligue 1,2021-2022,87005642993871754
54,M'Gladbach,22,10.0,12,160,42,26.3,16.0,4.2,0.08,0.29,16.7,6,0,2,18.2,16.7,0.11,-6.2,-4.7,Bundesliga,2021-2022,81611584009946193
55,Mainz 05,26,10.0,14,134,46,34.3,13.4,4.6,0.1,0.3,16.6,4,0,0,15.4,15.4,0.12,-1.4,-1.4,Bundesliga,2021-2022,71158960989778912
56,Mallorca,27,12.0,10,129,43,33.3,10.75,3.58,0.08,0.23,19.0,8,0,0,10.9,10.9,0.09,-0.9,-0.9,La Liga,2021-2022,96459977719332900
57,Manchester City,22,10.0,19,180,55,30.6,18.0,5.5,0.11,0.35,15.6,5,0,0,21.9,21.9,0.12,-2.9,-2.9,Premier League,2021-2022,74026506610392765
58,Manchester Utd,21,10.0,19,159,53,33.3,15.9,5.3,0.12,0.36,17.5,4,0,1,14.9,14.2,0.09,4.1,4.8,Premier League,2021-2022,29078730489839024
59,Marseille,23,12.0,19,154,44,28.6,12.83,3.67,0.12,0.41,16.7,9,1,1,17.6,16.9,0.11,1.4,1.1,Ligue 1,2021-2022,66190039714113630
60,Metz,29,12.0,12,119,44,37.0,9.92,3.67,0.09,0.25,19.7,5,1,1,10.2,9.4,0.08,1.8,1.6,Ligue 1,2021-2022,14635757597311544
61,Milan,26,11.0,24,154,43,27.9,14.0,3.91,0.14,0.49,18.7,7,3,4,19.3,16.3,0.11,4.7,4.7,Serie A,2021-2022,59378513948613436
62,Monaco,25,12.0,17,117,34,29.1,9.75,2.83,0.12,0.41,15.9,6,3,3,15.7,13.4,0.12,1.3,0.6,Ligue 1,2021-2022,79093238158793616
63,Montpellier,22,12.0,19,160,58,36.3,13.33,4.83,0.11,0.31,19.3,15,1,1,14.3,13.5,0.09,4.7,4.5,Ligue 1,2021-2022,32434714471076965
64,Nantes,21,12.0,15,130,42,32.3,10.83,3.5,0.1,0.31,16.4,6,2,2,14.2,12.6,0.1,0.8,0.4,Ligue 1,2021-2022,25802633648495862
65,Napoli,25,11.0,23,166,56,33.7,15.09,5.09,0.11,0.34,18.3,10,4,7,20.3,14.8,0.09,2.7,4.2,Serie A,2021-2022,10516137814401134
66,Newcastle Utd,22,10.0,10,113,30,26.5,11.3,3.0,0.09,0.33,17.0,3,0,0,9.8,9.8,0.09,0.2,0.2,Premier League,2021-2022,29528772732587842
67,Nice,23,12.0,23,152,56,36.8,12.67,4.67,0.13,0.36,15.6,3,3,5,24.6,21.0,0.14,-1.6,-1.0,Ligue 1,2021-2022,11720969662561653
68,Norwich City,22,10.0,3,103,22,21.4,10.3,2.2,0.02,0.09,19.9,10,1,1,7.9,7.1,0.07,-4.9,-5.1,Premier League,2021-2022,42809968147687487
69,Osasuna,26,12.0,14,133,36,27.1,11.08,3.0,0.08,0.31,18.5,2,3,4,13.2,10.4,0.08,0.8,0.6,La Liga,2021-2022,83352675823776457
70,Paris S-G,27,12.0,25,161,50,31.1,13.42,4.17,0.14,0.46,16.7,9,2,2,21.2,19.8,0.12,3.8,3.2,Ligue 1,2021-2022,11177590892093073
71,Rayo Vallecano,25,12.0,18,137,44,32.1,11.42,3.67,0.12,0.36,18.1,8,2,2,13.6,12.1,0.09,4.4,3.9,La Liga,2021-2022,75203699329351977
72,RB Leipzig,23,10.0,21,153,57,37.3,15.3,5.7,0.11,0.3,15.7,7,4,4,21.6,18.8,0.12,-0.6,-1.8,Bundesliga,2021-2022,68159208261559796
73,Real Madrid,25,11.0,26,179,63,35.2,16.27,5.73,0.14,0.4,17.8,6,1,1,17.1,16.4,0.09,8.9,8.6,La Liga,2021-2022,29627131003986350
74,Real Sociedad,27,12.0,17,140,50,35.7,11.67,4.17,0.1,0.28,18.4,9,3,4,16.8,13.8,0.1,0.2,0.2,La Liga,2021-2022,57299950304530590
75,Reims,25,12.0,14,133,46,34.6,11.08,3.83,0.1,0.28,18.7,1,1,1,11.1,10.3,0.08,2.9,2.7,Ligue 1,2021-2022,67732085073987538
76,Rennes,26,12.0,18,165,52,31.5,13.75,4.33,0.11,0.35,15.3,4,0,0,16.2,16.2,0.1,1.8,1.8,Ligue 1,2021-2022,96819424452761337
77,Roma,24,11.0,18,195,50,25.6,17.73,4.55,0.09,0.34,15.7,4,1,2,19.3,17.7,0.09,-1.3,-0.7,Serie A,2021-2022,764736481564168
78,Saint-Étienne,28,12.0,12,149,48,32.2,12.42,4.0,0.06,0.19,20.1,6,3,3,14.1,11.9,0.08,-2.1,-2.9,Ligue 1,2021-2022,56226069621228236
79,Salernitana,25,11.0,9,126,36,28.6,11.45,3.27,0.06,0.22,16.4,3,1,1,11.6,10.8,0.09,-2.6,-2.8,Serie A,2021-2022,63444195793016658
80,Sampdoria,22,11.0,12,122,34,27.9,11.09,3.09,0.09,0.32,17.9,5,1,1,11.4,10.7,0.09,0.6,0.3,Serie A,2021-2022,89407679695143145
81,Sassuolo,22,11.0,13,149,56,37.6,13.55,5.09,0.08,0.21,17.5,5,1,1,15.0,14.2,0.1,-2.0,-2.2,Serie A,2021-2022,79200252522790650
82,Sevilla,26,11.0,19,147,52,35.4,13.36,4.73,0.12,0.35,17.0,1,1,1,16.0,15.3,0.1,3.0,2.7,La Liga,2021-2022,22702270477938803
83,Southampton,21,10.0,8,126,31,24.6,12.6,3.1,0.05,0.19,17.8,5,2,2,14.7,13.2,0.11,-6.7,-7.2,Premier League,2021-2022,21037626007536306
84,Spezia,26,11.0,11,129,39,30.2,11.73,3.55,0.09,0.28,19.7,5,0,0,11.0,11.0,0.09,0.0,0.0,Serie A,2021-2022,41730244034743257
85,Strasbourg,23,12.0,20,118,39,33.1,9.83,3.25,0.15,0.46,15.4,3,2,2,16.0,14.4,0.13,4.0,3.6,Ligue 1,2021-2022,92234479374253707
86,Stuttgart,28,10.0,15,136,52,38.2,13.6,5.2,0.11,0.29,16.7,4,0,0,12.2,12.2,0.09,2.8,2.8,Bundesliga,2021-2022,81761661302668293
87,Torino,26,11.0,15,153,43,28.1,13.91,3.91,0.1,0.35,16.4,3,0,0,13.8,13.8,0.09,1.2,1.2,Serie A,2021-2022,21846272194836439
88,Tottenham,21,10.0,8,104,37,35.6,10.4,3.7,0.07,0.19,17.9,8,1,1,10.3,9.5,0.09,-2.3,-2.5,Premier League,2021-2022,22006624071753704
89,Troyes,28,12.0,12,124,49,39.5,10.33,4.08,0.1,0.24,17.3,3,0,0,12.6,12.6,0.1,-0.6,-0.6,Ligue 1,2021-2022,57069542099991496
90,Udinese,21,11.0,12,132,48,36.4,12.0,4.36,0.08,0.23,16.9,3,1,1,13.6,12.9,0.1,-1.6,-1.9,Serie A,2021-2022,48393495896639342
91,Union Berlin,23,10.0,15,116,43,37.1,11.6,4.3,0.12,0.33,16.3,5,1,1,12.6,11.9,0.1,2.4,2.1,Bundesliga,2021-2022,71630543971501382
92,Valencia,26,12.0,17,136,44,32.4,11.33,3.67,0.1,0.32,18.7,7,3,3,14.1,11.8,0.09,2.9,2.2,La Liga,2021-2022,65158650443085242
93,Venezia,29,11.0,8,94,29,30.9,8.55,2.64,0.07,0.24,17.0,5,1,1,9.9,9.1,0.1,-1.9,-2.1,Serie A,2021-2022,94916874898547392
94,Villarreal,26,11.0,13,117,40,34.2,10.64,3.64,0.11,0.33,15.3,2,0,0,13.8,13.8,0.12,-0.8,-0.8,La Liga,2021-2022,63335634096533483
95,Watford,26,10.0,12,108,38,35.2,10.8,3.8,0.11,0.32,18.1,3,0,0,11.1,11.1,0.11,0.9,0.9,Premier League,2021-2022,73743918793554398
96,West Ham,18,10.0,19,163,51,31.3,16.3,5.1,0.12,0.37,16.0,8,0,2,16.7,15.7,0.1,2.3,3.3,Premier League,2021-2022,57680956417459581
97,Wolfsburg,24,10.0,11,131,44,33.6,13.1,4.4,0.08,0.23,16.2,4,1,2,16.4,15.1,0.12,-5.4,-5.1,Bundesliga,2021-2022,85159484018358879
98,Wolves,18,10.0,10,120,37,30.8,12.0,3.7,0.08,0.27,17.2,4,0,0,11.9,11.9,0.1,-3.9,-3.9,Premier League,2021-2022,24001928852251903
1,Alavés,30,38.0,35,337,99,29.4,8.87,2.61,0.09,0.3,16.9,11,5,8,42.4,36.5,0.11,-7.4,-6.5,La Liga,2020-2021,37745278530914180
2,Angers,31,38.0,39,399,137,34.3,10.5,3.61,0.09,0.25,18.6,19,5,6,41.8,37.2,0.09,-2.8,-3.2,Ligue 1,2020-2021,66587352409382849
3,Arminia,26,34.0,23,329,100,30.4,9.68,2.94,0.07,0.22,17.7,14,1,2,30.7,29.2,0.09,-7.7,-7.2,Bundesliga,2020-2021,60726784699523350
4,Arsenal,29,38.0,53,455,141,31.0,11.97,3.71,0.1,0.33,16.9,23,6,6,53.5,49.0,0.11,-0.5,-2.0,Premier League,2020-2021,5838645288327307
5,Aston Villa,24,38.0,52,518,179,34.6,13.63,4.71,0.09,0.26,16.5,15,5,6,52.9,48.5,0.1,-0.9,-1.5,Premier League,2020-2021,14348480492050895
6,Atalanta,30,38.0,89,614,225,36.6,16.16,5.92,0.14,0.37,16.0,26,6,7,77.2,72.0,0.12,11.8,11.0,Serie A,2020-2021,87465877057901989
7,Athletic Club,27,38.0,43,404,133,32.9,10.63,3.5,0.1,0.29,17.1,15,4,5,44.4,40.7,0.1,-1.4,-1.7,La Liga,2020-2021,4823083458145023
8,Atlético Madrid,25,38.0,65,452,179,39.6,11.89,4.71,0.13,0.34,17.3,13,5,7,52.4,46.8,0.1,12.6,13.2,La Liga,2020-2021,74713976168286555
9,Augsburg,25,34.0,35,335,108,32.2,9.85,3.18,0.1,0.31,17.7,11,2,5,36.1,32.3,0.1,-1.1,0.7,Bundesliga,2020-2021,82828683183786310
10,Barcelona,25,38.0,80,573,228,39.8,15.08,6.0,0.13,0.33,16.6,43,4,8,78.9,72.6,0.13,1.1,3.4,La Liga,2020-2021,81744823723090567
11,Bayern Munich,29,34.0,98,569,220,38.7,16.74,6.47,0.16,0.4,16.1,9,9,10,75.8,68.2,0.12,22.2,20.8,Bundesliga,2020-2021,7510926916741648
12,Benevento,29,38.0,40,411,130,31.6,10.82,3.42,0.09,0.27,16.9,15,5,7,41.6,36.2,0.09,-1.6,-1.2,Serie A,2020-2021,38159059008947812
13,Betis,25,38.0,50,437,144,33.0,11.5,3.79,0.1,0.29,18.3,16,8,11,46.0,37.8,0.09,4.0,4.2,La Liga,2020-2021,9423348454032625
14,Bologna,37,38.0,49,496,177,35.7,13.05,4.66,0.09,0.26,17.7,24,3,4,53.4,50.5,0.11,-4.4,-4.5,Serie A,2020-2021,23275147453355121
15,Bordeaux,28,38.0,41,413,138,33.4,10.87,3.63,0.09,0.27,17.1,20,4,4,41.9,38.9,0.1,-0.9,-1.9,Ligue 1,2020-2021,12683680850395737
16,Brest,26,38.0,47,444,157,35.4,11.68,4.13,0.1,0.28,16.7,22,3,4,47.5,44.4,0.1,-0.5,-0.4,Ligue 1,2020-2021,27328509848090670
17,Brighton,27,38.0,39,476,129,27.1,12.53,3.39,0.07,0.26,16.6,14,6,9,51.6,44.8,0.1,-12.6,-11.8,Premier League,2020-2021,49072214318111932
18,Burnley,25,38.0,32,383,125,32.6,10.08,3.29,0.08,0.23,16.6,15,3,3,39.9,37.6,0.1,-7.9,-8.6,Premier League,2020-2021,21823480134907726
19,Cádiz,34,38.0,33,301,97,32.2,7.92,2.55,0.1,0.3,16.9,13,4,4,34.0,31.0,0.11,-1.0,-2.0,La Liga,2020-2021,1007679934589500
20,Cagliari,32,38.0,43,431,123,28.5,11.34,3.24,0.09,0.32,16.4,13,4,5,45.5,41.8,0.1,-2.5,-2.8,Serie A,2020-2021,32968728316179674
21,Celta Vigo,30,38.0,55,349,137,39.3,9.18,3.61,0.14,0.35,16.6,12,7,7,47.7,42.4,0.12,7.3,5.6,La Liga,2020-2021,14218303985450920
22,Chelsea,27,38.0,56,553,194,35.1,14.55,5.11,0.09,0.25,16.3,16,8,10,64.0,56.4,0.1,-8.0,-8.4,Premier League,2020-2021,58172670324373785
23,Crotone,31,38.0,44,354,111,31.4,9.32,2.92,0.1,0.32,18.2,16,9,9,38.5,31.8,0.09,5.5,3.2,Serie A,2020-2021,33431629624225246
24,Crystal Palace,24,38.0,39,346,129,37.3,9.11,3.39,0.1,0.28,16.8,18,3,4,32.4,29.5,0.09,6.6,6.5,Premier League,2020-2021,15352059381074619
25,Dijon,33,38.0,25,346,88,25.4,9.11,2.32,0.06,0.25,17.4,9,3,5,31.5,27.7,0.08,-6.5,-5.7,Ligue 1,2020-2021,59239312409540653
26,Dortmund,26,34.0,74,489,182,37.2,14.38,5.35,0.15,0.39,16.1,14,3,7,68.6,62.9,0.13,5.4,8.1,Bundesliga,2020-2021,6921931827204601
27,Eibar,30,38.0,29,443,130,29.3,11.66,3.42,0.06,0.19,17.7,14,4,9,41.5,34.7,0.08,-12.5,-9.7,La Liga,2020-2021,67267904110326262
28,Eint Frankfurt,25,34.0,63,438,159,36.3,12.88,4.68,0.13,0.35,15.7,11,8,8,56.1,50.0,0.12,6.9,5.0,Bundesliga,2020-2021,37929111009288632
29,Elche,30,38.0,33,266,87,32.7,7.0,2.29,0.12,0.36,16.0,12,2,3,30.5,28.2,0.11,2.5,2.8,La Liga,2020-2021,30674441257210497
30,Everton,29,38.0,45,395,144,36.5,10.39,3.79,0.1,0.28,16.4,15,4,5,47.2,43.5,0.11,-2.2,-2.5,Premier League,2020-2021,57482013681231466
31,Fiorentina,30,38.0,44,368,119,32.3,9.68,3.13,0.1,0.32,16.0,14,6,6,45.2,40.7,0.11,-1.2,-2.7,Serie A,2020-2021,24325362613855847
32,Freiburg,24,34.0,51,386,143,37.0,11.35,4.21,0.12,0.31,16.6,17,6,6,46.2,41.7,0.11,4.8,3.3,Bundesliga,2020-2021,17577284562417651
33,Fulham,28,38.0,26,440,123,28.0,11.58,3.24,0.05,0.19,17.4,10,3,6,41.3,36.8,0.08,-15.3,-13.8,Premier League,2020-2021,19227944656237519
34,Genoa,34,38.0,46,344,122,35.5,9.05,3.21,0.12,0.34,17.5,10,4,4,37.8,34.8,0.1,8.2,7.2,Serie A,2020-2021,87033800759594150
35,Getafe,31,38.0,27,353,101,28.6,9.29,2.66,0.07,0.24,18.2,24,3,5,32.7,28.9,0.08,-5.7,-4.9,La Liga,2020-2021,23789167582387071
36,Granada,34,38.0,46,357,123,34.5,9.39,3.24,0.12,0.35,18.7,21,3,5,39.5,35.9,0.1,6.5,7.1,La Liga,2020-2021,45137124328012624
37,Hellas Verona,32,38.0,38,396,120,30.3,10.42,3.16,0.09,0.29,15.7,13,3,3,43.5,41.3,0.11,-5.5,-6.3,Serie A,2020-2021,45227680351245381
38,Hertha BSC,32,34.0,40,382,144,37.7,11.24,4.24,0.09,0.25,17.2,12,4,6,42.4,37.9,0.1,-2.4,-1.9,Bundesliga,2020-2021,59737400018465050
39,Hoffenheim,30,34.0,51,421,150,35.6,12.38,4.41,0.11,0.31,16.8,20,5,6,51.8,47.3,0.11,-0.8,-1.3,Bundesliga,2020-2021,29322720181807625
40,Huesca,27,38.0,32,402,130,32.3,10.58,3.42,0.07,0.22,17.8,14,3,4,35.3,32.5,0.08,-3.3,-3.5,La Liga,2020-2021,16593090704373522
41,Inter,25,38.0,84,543,197,36.3,14.29,5.18,0.14,0.39,15.5,17,8,9,74.8,68.0,0.13,9.2,8.0,Serie A,2020-2021,53198597771575973
42,Juventus,30,38.0,76,587,204,34.8,15.45,5.37,0.12,0.33,16.1,23,8,10,74.2,66.7,0.12,1.8,1.3,Serie A,2020-2021,19371054131726661
43,Köln,28,34.0,33,353,103,29.2,10.38,3.03,0.08,0.28,16.5,9,4,6,39.1,34.7,0.1,-6.1,-5.7,Bundesliga,2020-2021,39731782814123330
44,Lazio,30,38.0,59,519,174,33.5,13.66,4.58,0.1,0.3,16.5,14,6,10,59.8,52.4,0.1,-0.8,0.6,Serie A,2020-2021,90751438076496109
45,Leeds United,23,38.0,60,524,196,37.4,13.79,5.16,0.11,0.29,16.2,9,4,4,57.5,54.5,0.11,2.5,1.5,Premier League,2020-2021,34570153325607342
46,Leicester City,27,38.0,64,472,172,36.4,12.42,4.53,0.11,0.31,18.0,20,10,12,56.0,46.9,0.1,8.0,7.1,Premier League,2020-2021,18776461863573874
47,Lens,27,38.0,53,441,135,30.6,11.61,3.55,0.1,0.32,17.8,22,10,12,56.0,46.9,0.11,-3.0,-3.9,Ligue 1,2020-2021,74951719010833888
48,Levante,29,38.0,45,381,125,32.8,10.03,3.29,0.11,0.34,17.6,9,3,6,41.0,36.4,0.1,4.0,5.6,La Liga,2020-2021,1566092639264277
49,Leverkusen,30,34.0,52,447,169,37.8,13.15,4.97,0.11,0.29,17.5,12,3,3,47.2,45.0,0.1,4.8,4.0,Bundesliga,2020-2021,36794408106212849
50,Lille,21,38.0,62,481,174,36.2,12.66,4.58,0.12,0.33,18.8,21,5,5,50.0,46.2,0.1,12.0,10.8,Ligue 1,2020-2021,85603837513355486
51,Liverpool,28,38.0,65,600,201,33.5,15.79,5.29,0.1,0.29,16.2,20,6,6,72.6,68.1,0.12,-7.6,-9.1,Premier League,2020-2021,41956650829873911
52,Lorient,27,38.0,48,421,133,31.6,11.08,3.5,0.09,0.29,19.5,30,9,10,48.8,41.6,0.1,-0.8,-2.6,Ligue 1,2020-2021,37325341301512527
53,Lyon,29,38.0,76,603,222,36.8,15.87,5.84,0.11,0.29,16.6,23,11,11,84.6,76.4,0.13,-8.6,-11.4,Ligue 1,2020-2021,87005642993871754
54,M'Gladbach,23,34.0,63,441,163,37.0,12.97,4.79,0.12,0.33,16.6,10,10,11,55.2,47.0,0.11,7.8,6.0,Bundesliga,2020-2021,81611584009946193
55,Mainz 05,31,34.0,39,374,132,35.3,11.0,3.88,0.09,0.26,16.9,10,5,5,47.1,43.4,0.12,-8.1,-9.4,Bundesliga,2020-2021,71158960989778912
56,Manchester City,24,38.0,82,590,213,36.1,15.53,5.61,0.13,0.36,16.6,21,5,9,73.3,66.6,0.12,8.7,10.4,Premier League,2020-2021,74026506610392765
57,Manchester Utd,29,38.0,70,517,197,38.1,13.61,5.18,0.12,0.3,17.3,21,10,11,60.2,51.9,0.1,9.8,8.1,Premier League,2020-2021,29078730489839024
58,Marseille,31,38.0,53,373,131,35.1,9.82,3.45,0.13,0.37,17.4,16,4,7,47.5,42.2,0.12,5.5,6.8,Ligue 1,2020-2021,66190039714113630
59,Metz,27,38.0,42,423,129,30.5,11.13,3.39,0.08,0.27,20.0,30,7,11,41.3,33.2,0.08,0.7,1.8,Ligue 1,2020-2021,14635757597311544
60,Milan,29,38.0,72,538,186,34.6,14.16,4.89,0.11,0.31,17.7,29,15,20,71.2,56.6,0.11,0.8,0.4,Serie A,2020-2021,59378513948613436
61,Monaco,30,38.0,76,474,161,34.0,12.47,4.24,0.14,0.4,16.4,18,12,15,66.9,55.4,0.12,9.1,8.6,Ligue 1,2020-2021,79093238158793616
62,Montpellier,25,38.0,60,465,171,36.8,12.24,4.5,0.12,0.34,16.5,27,2,5,47.9,44.2,0.1,12.1,13.8,Ligue 1,2020-2021,32434714471076965
63,Nantes,25,38.0,47,404,122,30.2,10.63,3.21,0.1,0.32,18.2,14,8,9,48.9,42.1,0.11,-1.9,-3.1,Ligue 1,2020-2021,25802633648495862
64,Napoli,25,38.0,83,640,220,34.4,16.84,5.79,0.12,0.35,17.4,25,7,8,67.7,61.5,0.1,15.3,14.5,Serie A,2020-2021,10516137814401134
65,Newcastle Utd,27,38.0,44,387,130,33.6,10.18,3.42,0.1,0.29,17.5,24,6,7,41.0,35.5,0.09,3.0,2.5,Premier League,2020-2021,29528772732587842
66,Nice,31,38.0,49,400,141,35.3,10.53,3.71,0.11,0.3,17.0,17,7,7,46.9,41.7,0.11,2.1,0.3,Ligue 1,2020-2021,11720969662561653
67,Nîmes,33,38.0,40,383,132,34.5,10.08,3.47,0.09,0.25,18.1,17,7,8,41.4,35.8,0.09,-1.4,-2.8,Ligue 1,2020-2021,83514802313158576
68,Osasuna,28,38.0,36,372,117,31.5,9.79,3.08,0.08,0.26,18.1,7,5,6,37.6,33.2,0.09,-1.6,-2.2,La Liga,2020-2021,83352675823776457
69,Paris S-G,33,38.0,85,559,203,36.3,14.71,5.34,0.13,0.36,16.3,33,12,13,82.4,73.1,0.13,2.6,-0.1,Ligue 1,2020-2021,11177590892093073
70,Parma,42,38.0,39,397,121,30.5,10.45,3.18,0.09,0.28,17.3,20,5,5,40.0,36.2,0.09,-1.0,-2.2,Serie A,2020-2021,62695319081093388
71,RB Leipzig,25,34.0,59,532,189,35.5,15.65,5.56,0.1,0.27,16.5,18,8,10,65.3,58.0,0.11,-6.3,-7.0,Bundesliga,2020-2021,68159208261559796
72,Real Madrid,30,38.0,64,553,166,30.0,14.55,4.37,0.11,0.37,17.0,17,3,3,61.6,59.4,0.11,2.4,1.6,La Liga,2020-2021,29627131003986350
73,Real Sociedad,30,38.0,58,418,139,33.3,11.0,3.66,0.12,0.35,16.0,20,9,12,60.4,51.6,0.13,-2.4,-2.6,La Liga,2020-2021,57299950304530590
74,Reims,29,38.0,39,359,120,33.4,9.45,3.16,0.09,0.28,19.0,15,5,5,33.3,29.7,0.08,5.7,4.3,Ligue 1,2020-2021,67732085073987538
75,Rennes,32,38.0,50,509,160,31.4,13.39,4.21,0.09,0.29,17.6,32,3,3,50.0,47.7,0.09,0.0,-0.7,Ligue 1,2020-2021,96819424452761337
76,Roma,31,38.0,67,539,192,35.6,14.18,5.05,0.11,0.31,16.2,14,7,8,68.9,62.9,0.12,-1.9,-2.9,Serie A,2020-2021,764736481564168
77,Saint-Étienne,40,38.0,40,436,141,32.3,11.47,3.71,0.08,0.24,17.8,17,6,9,48.2,41.4,0.1,-8.2,-7.4,Ligue 1,2020-2021,56226069621228236
78,Sampdoria,27,38.0,52,422,137,32.5,11.11,3.61,0.11,0.34,17.0,11,5,6,46.2,41.7,0.1,5.8,5.3,Serie A,2020-2021,89407679695143145
79,Sassuolo,28,38.0,61,517,166,32.1,13.61,4.37,0.09,0.29,17.8,25,13,14,59.2,48.8,0.1,1.8,-0.8,Serie A,2020-2021,79200252522790650
80,Schalke 04,42,34.0,24,306,83,27.1,9.0,2.44,0.08,0.29,17.3,11,0,3,27.0,24.5,0.08,-3.0,-0.5,Bundesliga,2020-2021,24345039935475884
81,Sevilla,26,38.0,52,452,136,30.1,11.89,3.58,0.1,0.34,16.7,14,6,7,50.9,45.6,0.1,1.1,0.4,La Liga,2020-2021,22702270477938803
82,Sheffield Utd,27,38.0,19,319,92,28.8,8.39,2.42,0.05,0.17,16.8,5,3,4,31.4,28.4,0.09,-12.4,-12.4,Premier League,2020-2021,93216768512646707
83,Southampton,29,38.0,47,417,157,37.6,10.97,4.13,0.1,0.27,17.6,20,5,6,42.4,37.9,0.09,4.6,4.1,Premier League,2020-2021,21037626007536306
84,Spezia,35,38.0,52,382,130,34.0,10.05,3.42,0.13,0.37,16.2,10,4,5,46.7,42.9,0.12,5.3,5.1,Serie A,2020-2021,41730244034743257
85,Strasbourg,26,38.0,49,421,126,29.9,11.08,3.32,0.09,0.31,18.1,16,10,12,52.6,43.3,0.11,-3.6,-4.3,Ligue 1,2020-2021,92234479374253707
86,Stuttgart,29,34.0,54,450,153,34.0,13.24,4.5,0.11,0.31,16.8,12,6,8,53.2,47.1,0.11,0.8,0.9,Bundesliga,2020-2021,81761661302668293
87,Torino,29,38.0,49,455,144,31.6,11.97,3.79,0.1,0.31,16.7,38,5,6,50.2,45.5,0.1,-1.2,-1.5,Serie A,2020-2021,21846272194836439
88,Tottenham,24,38.0,66,442,166,37.6,11.63,4.37,0.14,0.37,17.2,35,5,5,54.5,50.7,0.12,11.5,10.3,Premier League,2020-2021,22006624071753704
89,Udinese,33,38.0,40,409,125,30.6,10.76,3.29,0.09,0.29,17.3,13,4,4,42.9,40.1,0.1,-2.9,-4.1,Serie A,2020-2021,48393495896639342
90,Union Berlin,27,34.0,50,388,134,34.5,11.41,3.94,0.12,0.34,16.7,8,5,7,45.8,40.4,0.11,4.2,4.6,Bundesliga,2020-2021,71630543971501382
91,Valencia,30,38.0,48,381,128,33.6,10.03,3.37,0.1,0.31,19.4,32,8,10,43.9,36.4,0.1,4.1,3.6,La Liga,2020-2021,65158650443085242
92,Valladolid,32,38.0,34,359,110,30.6,9.45,2.89,0.08,0.25,18.0,24,7,8,37.1,31.2,0.09,-3.1,-4.2,La Liga,2020-2021,44089518275887893
93,Villarreal,29,38.0,57,394,149,37.8,10.37,3.92,0.11,0.3,16.5,13,12,13,58.0,48.3,0.12,-1.0,-3.3,La Liga,2020-2021,63335634096533483
94,Werder Bremen,27,34.0,35,362,119,32.9,10.65,3.5,0.08,0.25,18.0,14,5,5,33.8,30.0,0.09,1.2,0.0,Bundesliga,2020-2021,59303898890876434
95,West Brom,30,38.0,33,336,107,31.8,8.84,2.82,0.09,0.27,17.6,16,4,4,33.8,30.7,0.09,-0.8,-1.7,Premier League,2020-2021,26775906631723373
96,West Ham,24,38.0,60,462,158,34.2,12.16,4.16,0.13,0.37,15.4,16,2,4,53.9,50.7,0.11,6.1,7.3,Premier League,2020-2021,57680956417459581
97,Wolfsburg,26,34.0,57,475,162,34.1,13.97,4.76,0.12,0.34,17.3,14,2,3,49.5,47.4,0.1,7.5,7.6,Bundesliga,2020-2021,85159484018358879
98,Wolves,27,38.0,34,462,149,32.3,12.16,3.92,0.06,0.2,17.7,14,4,4,39.9,36.8,0.08,-5.9,-6.8,Premier League,2020-2021,24001928852251903
1,Alavés,32,38.0,34,299,99,33.1,7.87,2.61,0.09,0.28,16.5,10,6,6,37.0,32.5,0.11,-3.0,-4.5,La Liga,2019-2020,37745278530914180
2,Amiens,27,28.0,31,229,77,33.6,8.18,2.75,0.12,0.36,19.1,13,3,5,26.7,22.8,0.1,4.3,5.2,Ligue 1,2019-2020,20069478421376018
3,Angers,26,28.0,27,367,112,30.5,13.11,4.0,0.07,0.23,18.8,16,1,1,27.0,26.3,0.07,0.0,-0.3,Ligue 1,2019-2020,66587352409382849
4,Arsenal,29,38.0,56,401,144,35.9,10.55,3.79,0.13,0.37,15.9,19,3,3,49.2,46.9,0.12,6.8,6.1,Premier League,2019-2020,5838645288327307
5,Aston Villa,28,38.0,40,453,146,32.2,11.92,3.84,0.09,0.27,16.9,17,1,3,40.1,37.7,0.08,-0.1,1.3,Premier League,2019-2020,14348480492050895
6,Atalanta,30,38.0,96,701,255,36.4,18.45,6.71,0.13,0.35,16.5,29,7,10,81.8,74.2,0.11,14.2,14.8,Serie A,2019-2020,87465877057901989
7,Athletic Club,26,38.0,40,400,130,32.5,10.53,3.42,0.08,0.25,18.6,14,8,10,38.5,31.0,0.08,1.5,1.0,La Liga,2019-2020,4823083458145023
8,Atlético Madrid,30,38.0,50,437,136,31.1,11.5,3.58,0.1,0.32,16.6,12,6,8,52.6,46.5,0.11,-2.6,-2.5,La Liga,2019-2020,74713976168286555
9,Augsburg,28,34.0,45,358,128,35.8,10.53,3.76,0.12,0.33,18.5,24,3,5,42.1,38.2,0.11,2.9,3.8,Bundesliga,2019-2020,82828683183786310
10,Barcelona,28,38.0,84,491,214,43.6,12.92,5.63,0.16,0.36,16.8,46,6,6,66.2,61.8,0.13,17.8,16.2,La Liga,2019-2020,81744823723090567
11,Bayern Munich,29,34.0,97,611,241,39.4,17.97,7.09,0.15,0.38,15.9,13,6,6,82.3,77.8,0.13,14.7,13.2,Bundesliga,2019-2020,7510926916741648
12,Betis,27,38.0,48,461,153,33.2,12.13,4.03,0.09,0.27,17.9,19,6,8,47.3,41.4,0.09,0.7,0.6,La Liga,2019-2020,9423348454032625
13,Bologna,31,38.0,48,544,163,30.0,14.32,4.29,0.08,0.26,18.2,28,5,6,53.1,48.5,0.09,-5.1,-5.5,Serie A,2019-2020,23275147453355121
14,Bordeaux,26,28.0,40,309,109,35.3,11.04,3.89,0.12,0.35,19.1,20,2,2,29.7,28.3,0.09,10.3,9.7,Ligue 1,2019-2020,12683680850395737
15,Bournemouth,27,38.0,38,384,116,30.2,10.11,3.05,0.09,0.29,16.4,21,4,4,42.7,39.7,0.1,-4.7,-5.7,Premier League,2019-2020,36088947257895306
16,Brescia,32,38.0,34,414,138,33.3,10.89,3.63,0.07,0.22,17.0,23,4,4,42.4,39.4,0.1,-8.4,-9.4,Serie A,2019-2020,24926529561002350
17,Brest,24,28.0,32,321,96,29.9,11.46,3.43,0.1,0.32,19.3,6,1,5,30.2,26.4,0.08,1.8,4.6,Ligue 1,2019-2020,27328509848090670
18,Brighton,25,38.0,35,456,137,30.0,12.0,3.61,0.07,0.25,17.1,11,1,2,41.2,39.7,0.09,-6.2,-5.7,Premier League,2019-2020,49072214318111932
19,Burnley,22,38.0,41,384,124,32.3,10.11,3.26,0.1,0.31,15.7,17,3,3,43.9,41.6,0.11,-2.9,-3.6,Premier League,2019-2020,21823480134907726
20,Cagliari,33,38.0,50,439,137,31.2,11.55,3.61,0.1,0.34,19.1,15,4,6,41.4,36.7,0.08,8.6,9.3,Serie A,2019-2020,32968728316179674
21,Celta Vigo,30,38.0,37,358,131,36.6,9.42,3.45,0.09,0.24,18.3,23,6,9,37.7,30.9,0.09,-0.7,0.1,La Liga,2019-2020,14218303985450920
22,Chelsea,27,38.0,69,619,210,33.9,16.29,5.53,0.1,0.3,16.2,27,7,7,66.6,61.7,0.1,2.4,0.3,Premier League,2019-2020,58172670324373785
23,Crystal Palace,25,38.0,29,372,116,31.2,9.79,3.05,0.07,0.22,16.5,15,3,3,34.0,31.9,0.09,-5.0,-5.9,Premier League,2019-2020,15352059381074619
24,Dijon,28,28.0,26,337,99,29.4,12.04,3.54,0.07,0.25,18.0,11,1,1,28.9,28.2,0.08,-2.9,-3.2,Ligue 1,2019-2020,59239312409540653
25,Dortmund,27,34.0,84,443,186,42.0,13.03,5.47,0.19,0.44,16.2,14,2,2,59.2,57.9,0.13,24.8,24.1,Bundesliga,2019-2020,6921931827204601
26,Düsseldorf,28,34.0,36,424,114,26.9,12.47,3.35,0.08,0.28,19.3,20,4,4,33.0,30.0,0.07,3.0,2.0,Bundesliga,2019-2020,6414184432322702
27,Eibar,26,38.0,38,417,135,32.4,10.97,3.55,0.07,0.23,18.3,21,7,10,41.4,33.8,0.08,-3.4,-2.8,La Liga,2019-2020,67267904110326262
28,Eint Frankfurt,27,34.0,57,492,173,35.2,14.47,5.09,0.11,0.32,16.2,17,2,2,52.5,51.0,0.11,4.5,4.0,Bundesliga,2019-2020,37929111009288632
29,Espanyol,31,38.0,25,400,123,30.8,10.53,3.24,0.05,0.17,18.7,19,4,4,33.0,30.1,0.08,-8.0,-9.1,La Liga,2019-2020,71314269182841176
30,Everton,24,38.0,42,465,155,33.3,12.24,4.08,0.09,0.26,15.7,20,1,1,49.3,48.5,0.11,-7.3,-7.5,Premier League,2019-2020,57482013681231466
31,Fiorentina,33,38.0,49,543,169,31.1,14.29,4.45,0.07,0.24,17.4,23,9,11,54.7,46.7,0.09,-5.7,-6.7,Serie A,2019-2020,24325362613855847
32,Freiburg,26,34.0,46,435,140,32.2,12.79,4.12,0.09,0.29,17.4,26,5,6,41.7,37.2,0.09,4.3,3.8,Bundesliga,2019-2020,17577284562417651
33,Genoa,34,38.0,46,418,142,34.0,11.0,3.74,0.08,0.25,18.6,25,11,16,47.4,35.3,0.09,-1.4,-0.3,Serie A,2019-2020,87033800759594150
34,Getafe,30,38.0,42,397,120,30.2,10.45,3.16,0.09,0.3,18.1,27,6,7,37.9,32.6,0.08,4.1,3.4,La Liga,2019-2020,23789167582387071
35,Granada,27,38.0,50,384,118,30.7,10.11,3.11,0.12,0.38,18.7,25,5,5,40.9,37.1,0.1,9.1,7.9,La Liga,2019-2020,45137124328012624
36,Hellas Verona,30,38.0,45,439,146,33.3,11.55,3.84,0.08,0.25,16.5,12,8,9,49.2,42.4,0.1,-4.2,-5.4,Serie A,2019-2020,45227680351245381
37,Hertha BSC,32,34.0,46,359,120,33.4,10.56,3.53,0.12,0.36,16.9,12,3,3,40.6,38.3,0.11,5.4,4.7,Bundesliga,2019-2020,59737400018465050
38,Hoffenheim,31,34.0,52,444,154,34.7,13.06,4.53,0.11,0.32,16.6,24,3,4,49.9,46.9,0.11,2.1,2.1,Bundesliga,2019-2020,29322720181807625
39,Inter,29,38.0,80,616,217,35.2,16.21,5.71,0.11,0.32,16.7,22,10,11,72.3,63.8,0.11,7.7,6.2,Serie A,2019-2020,53198597771575973
40,Juventus,30,38.0,73,667,222,33.3,17.55,5.84,0.09,0.27,18.3,38,13,14,68.7,58.1,0.09,4.3,1.9,Serie A,2019-2020,19371054131726661
41,Köln,29,34.0,50,413,147,35.6,12.15,4.32,0.12,0.33,16.2,20,2,4,47.2,44.5,0.11,2.8,3.5,Bundesliga,2019-2020,39731782814123330
42,Lazio,27,38.0,77,564,203,36.0,14.84,5.34,0.11,0.31,17.3,21,15,18,68.4,54.9,0.1,8.6,7.1,Serie A,2019-2020,90751438076496109
43,Lecce,30,38.0,52,511,163,31.9,13.45,4.29,0.08,0.25,18.6,16,11,15,53.9,43.1,0.09,-1.9,-2.1,Serie A,2019-2020,92912790925867566
44,Leganés,29,38.0,30,421,141,33.5,11.08,3.71,0.06,0.19,18.9,27,3,5,37.3,33.5,0.08,-7.3,-6.5,La Liga,2019-2020,20237473683555152
45,Leicester City,24,38.0,65,533,181,34.0,14.03,4.76,0.11,0.33,16.7,20,5,7,61.6,56.2,0.11,3.4,3.8,Premier League,2019-2020,18776461863573874
46,Levante,29,38.0,45,416,128,30.8,10.95,3.37,0.1,0.31,18.6,20,5,5,41.9,38.1,0.09,3.1,1.9,La Liga,2019-2020,1566092639264277
47,Leverkusen,24,34.0,57,490,183,37.3,14.41,5.38,0.11,0.3,16.2,4,2,2,56.6,55.1,0.11,0.4,-0.1,Bundesliga,2019-2020,36794408106212849
48,Lille,25,28.0,35,346,123,35.5,12.36,4.39,0.09,0.24,17.9,10,5,8,39.7,33.6,0.1,-4.7,-3.6,Ligue 1,2019-2020,85603837513355486
49,Liverpool,24,38.0,83,585,222,37.9,15.39,5.84,0.13,0.35,16.1,18,5,5,71.5,67.7,0.12,11.5,10.3,Premier League,2019-2020,41956650829873911
50,Lyon,27,28.0,42,351,124,35.3,12.54,4.43,0.11,0.3,18.7,15,5,6,37.2,32.8,0.09,4.8,4.2,Ligue 1,2019-2020,87005642993871754
51,M'Gladbach,25,34.0,64,476,189,39.7,14.0,5.56,0.13,0.32,16.3,23,4,6,66.4,61.7,0.13,-2.4,-1.7,Bundesliga,2019-2020,81611584009946193
52,Mainz 05,25,34.0,42,446,139,31.2,13.12,4.09,0.09,0.28,18.1,12,3,3,44.3,42.2,0.1,-2.3,-3.2,Bundesliga,2019-2020,71158960989778912
53,Mallorca,32,38.0,39,409,117,28.6,10.76,3.08,0.08,0.26,18.9,22,8,10,39.2,31.7,0.08,-0.2,-0.7,La Liga,2019-2020,96459977719332900
54,Manchester City,24,38.0,100,730,246,33.7,19.21,6.47,0.13,0.38,15.8,27,6,11,93.0,84.6,0.12,7.0,9.4,Premier League,2019-2020,74026506610392765
55,Manchester Utd,29,38.0,65,528,200,37.9,13.89,5.26,0.1,0.28,18.5,33,10,14,59.4,48.8,0.09,5.6,6.2,Premier League,2019-2020,29078730489839024
56,Marseille,23,28.0,38,371,113,30.5,13.25,4.04,0.09,0.3,19.1,19,4,6,34.7,30.2,0.08,3.3,3.8,Ligue 1,2019-2020,66190039714113630
57,Metz,24,28.0,27,305,93,30.5,10.89,3.32,0.08,0.27,20.5,19,2,4,27.3,24.3,0.08,-0.3,0.7,Ligue 1,2019-2020,14635757597311544
58,Milan,32,38.0,60,611,187,30.6,16.08,4.92,0.09,0.28,18.2,24,8,9,59.5,52.8,0.09,0.5,-0.8,Serie A,2019-2020,59378513948613436
59,Monaco,28,28.0,44,371,140,37.7,13.25,5.0,0.11,0.29,16.4,16,4,4,48.0,44.9,0.12,-4.0,-4.9,Ligue 1,2019-2020,79093238158793616
60,Montpellier,27,28.0,33,350,113,32.3,12.5,4.04,0.09,0.27,18.7,21,2,5,32.0,28.2,0.08,1.0,2.8,Ligue 1,2019-2020,32434714471076965
61,Nantes,29,28.0,23,335,114,34.0,11.96,4.07,0.06,0.18,19.9,9,2,2,27.8,26.4,0.08,-4.8,-5.4,Ligue 1,2019-2020,25802633648495862
62,Napoli,25,38.0,60,682,225,33.0,17.95,5.92,0.08,0.24,18.2,17,5,5,62.4,58.6,0.09,-2.4,-3.6,Serie A,2019-2020,10516137814401134
63,Newcastle Utd,28,38.0,38,397,127,32.0,10.45,3.34,0.1,0.3,18.5,14,0,1,33.1,32.3,0.08,4.9,5.7,Premier League,2019-2020,29528772732587842
64,Nice,31,28.0,41,331,128,38.7,11.82,4.57,0.11,0.28,18.5,25,5,5,35.2,31.6,0.1,5.8,4.4,Ligue 1,2019-2020,11720969662561653
65,Nîmes,28,28.0,29,350,110,31.4,12.5,3.93,0.08,0.25,19.0,12,2,2,29.6,28.1,0.08,-0.6,-1.1,Ligue 1,2019-2020,83514802313158576
66,Norwich City,30,38.0,25,409,124,30.3,10.76,3.26,0.06,0.19,17.4,16,2,2,38.0,36.6,0.09,-13.0,-13.6,Premier League,2019-2020,42809968147687487
67,Osasuna,31,38.0,46,453,142,31.3,11.92,3.74,0.08,0.27,18.3,22,8,8,44.5,38.4,0.09,1.5,-0.4,La Liga,2019-2020,83352675823776457
68,Paderborn 07,27,34.0,37,424,130,30.7,12.47,3.82,0.08,0.27,19.1,20,2,4,38.4,35.4,0.09,-1.4,-0.4,Bundesliga,2019-2020,13210847894253626
69,Paris S-G,31,27.0,71,440,185,42.0,16.3,6.85,0.15,0.35,15.3,21,6,8,70.9,64.8,0.15,0.1,0.2,Ligue 1,2019-2020,11177590892093073
70,Parma,25,38.0,53,453,145,32.0,11.92,3.82,0.11,0.34,18.5,21,4,6,46.6,42.1,0.09,6.4,6.9,Serie A,2019-2020,62695319081093388
71,RB Leipzig,29,34.0,81,539,205,38.0,15.85,6.03,0.14,0.37,16.4,23,5,5,71.0,67.4,0.13,10.0,8.6,Bundesliga,2019-2020,68159208261559796
72,Real Madrid,26,38.0,70,552,222,40.2,14.53,5.84,0.11,0.27,17.4,17,11,11,63.4,55.0,0.1,6.6,4.0,La Liga,2019-2020,29627131003986350
73,Real Sociedad,27,38.0,53,418,139,33.3,11.0,3.66,0.12,0.35,17.2,12,4,5,45.2,41.5,0.1,7.8,7.5,La Liga,2019-2020,57299950304530590
74,Reims,26,28.0,25,322,88,27.3,11.5,3.14,0.06,0.23,18.8,11,5,5,28.4,24.7,0.08,-3.4,-4.7,Ligue 1,2019-2020,67732085073987538
75,Rennes,26,28.0,37,337,110,32.6,12.04,3.93,0.1,0.31,18.4,25,3,5,36.3,32.5,0.1,0.7,1.5,Ligue 1,2019-2020,96819424452761337
76,Roma,31,38.0,73,632,198,31.3,16.63,5.21,0.1,0.31,17.6,35,12,14,72.6,62.2,0.1,0.4,-1.2,Serie A,2019-2020,764736481564168
77,Saint-Étienne,31,28.0,28,303,97,32.0,10.82,3.46,0.08,0.24,18.7,15,5,5,28.8,25.1,0.08,-0.8,-2.1,Ligue 1,2019-2020,56226069621228236
78,Sampdoria,31,38.0,48,550,161,29.3,14.47,4.24,0.07,0.24,18.5,23,9,12,51.2,42.0,0.08,-3.2,-3.0,Serie A,2019-2020,89407679695143145
79,Sassuolo,31,38.0,69,544,192,35.3,14.32,5.05,0.12,0.33,19.2,32,5,6,56.0,51.4,0.1,13.0,12.6,Serie A,2019-2020,79200252522790650
80,Schalke 04,29,34.0,35,383,123,32.1,11.26,3.62,0.09,0.27,17.6,10,2,2,35.4,33.8,0.09,-0.4,-0.8,Bundesliga,2019-2020,24345039935475884
81,Sevilla,26,38.0,53,475,163,34.3,12.5,4.29,0.1,0.28,16.5,17,7,7,47.1,42.0,0.09,5.9,4.0,La Liga,2019-2020,22702270477938803
82,Sheffield Utd,26,38.0,36,353,109,30.9,9.29,2.87,0.1,0.32,14.7,4,1,1,41.5,40.8,0.12,-5.5,-5.8,Premier League,2019-2020,93216768512646707
83,Southampton,25,38.0,51,497,169,34.0,13.08,4.45,0.1,0.29,17.4,27,2,5,54.0,50.0,0.1,-3.0,-1.0,Premier League,2019-2020,21037626007536306
84,SPAL,34,38.0,27,457,114,24.9,12.03,3.0,0.05,0.19,18.5,17,5,7,39.1,33.8,0.07,-12.1,-11.8,Serie A,2019-2020,73622612860183040
85,Strasbourg,25,27.0,32,319,103,32.3,11.81,3.81,0.09,0.28,17.6,12,3,4,34.9,31.9,0.1,-2.9,-2.9,Ligue 1,2019-2020,92234479374253707
86,Torino,27,38.0,44,437,139,31.8,11.5,3.66,0.08,0.27,17.6,19,7,8,42.4,37.1,0.09,1.6,-0.1,Serie A,2019-2020,21846272194836439
87,Tottenham,29,38.0,56,439,155,35.3,11.55,4.08,0.12,0.34,17.8,21,3,4,46.1,43.0,0.1,9.9,10.0,Premier League,2019-2020,22006624071753704
88,Toulouse,30,28.0,21,310,89,28.7,11.07,3.18,0.05,0.19,17.7,12,4,6,30.1,25.5,0.08,-9.1,-8.5,Ligue 1,2019-2020,94523000561782573
89,Udinese,25,38.0,37,476,143,30.0,12.53,3.76,0.08,0.26,17.6,11,0,0,40.6,40.6,0.09,-3.6,-3.6,Serie A,2019-2020,48393495896639342
90,Union Berlin,26,34.0,38,389,133,34.2,11.44,3.91,0.09,0.26,17.8,7,4,5,38.3,34.5,0.09,-0.3,-0.5,Bundesliga,2019-2020,71630543971501382
91,Valencia,28,38.0,44,326,112,34.4,8.58,2.95,0.12,0.35,17.5,18,5,8,40.3,34.3,0.11,3.7,4.7,La Liga,2019-2020,65158650443085242
92,Valladolid,30,38.0,31,370,120,32.4,9.74,3.16,0.08,0.23,20.0,30,3,6,35.5,30.9,0.08,-4.5,-2.9,La Liga,2019-2020,44089518275887893
93,Villarreal,25,38.0,62,474,157,33.1,12.47,4.13,0.11,0.33,17.9,15,10,11,57.0,48.7,0.1,5.0,3.3,La Liga,2019-2020,63335634096533483
94,Watford,26,38.0,35,410,114,27.8,10.79,3.0,0.07,0.25,16.5,18,7,8,45.1,39.1,0.1,-10.1,-11.1,Premier League,2019-2020,73743918793554398
95,Werder Bremen,30,34.0,40,419,135,32.2,12.32,3.97,0.09,0.27,17.7,10,3,6,41.4,36.9,0.09,-1.4,0.1,Bundesliga,2019-2020,59303898890876434
96,West Ham,29,38.0,49,414,157,37.9,10.89,4.13,0.11,0.29,15.6,13,4,4,46.2,43.2,0.11,2.8,1.8,Premier League,2019-2020,57680956417459581
97,Wolfsburg,26,34.0,48,466,155,33.3,13.71,4.56,0.09,0.28,17.5,11,4,4,47.3,44.3,0.1,0.7,-0.3,Bundesliga,2019-2020,85159484018358879
98,Wolves,21,38.0,49,453,142,31.3,11.92,3.74,0.1,0.32,16.9,12,4,4,47.1,44.1,0.1,1.9,0.9,Premier League,2019-2020,24001928852251903
1,Alavés,26,38.0,39,419,118,28.2,11.03,3.11,0.09,0.31,17.7,15,2,3,37.3,35.0,0.08,1.7,2.0,La Liga,2018-2019,37745278530914180
2,Amiens,26,38.0,30,393,115,29.3,10.34,3.03,0.07,0.24,19.2,21,2,3,34.6,32.3,0.08,-4.6,-4.3,Ligue 1,2018-2019,20069478421376018
3,Angers,24,38.0,42,453,151,33.3,11.92,3.97,0.08,0.25,17.9,19,5,10,47.7,39.8,0.09,-5.7,-2.8,Ligue 1,2018-2019,66587352409382849
4,Arsenal,28,38.0,69,466,159,34.1,12.26,4.18,0.14,0.41,16.2,11,4,5,58.0,54.1,0.12,11.0,10.9,Premier League,2018-2019,5838645288327307
5,Atalanta,27,38.0,75,642,211,32.9,16.89,5.55,0.11,0.35,15.6,16,2,4,66.9,63.9,0.1,8.1,9.1,Serie A,2018-2019,87465877057901989
6,Athletic Club,27,38.0,38,368,133,36.1,9.68,3.5,0.09,0.25,16.5,6,5,7,40.2,34.8,0.1,-2.2,-1.8,La Liga,2018-2019,4823083458145023
7,Atlético Madrid,29,38.0,52,439,160,36.4,11.55,4.21,0.11,0.31,17.8,21,3,4,46.0,42.9,0.1,6.0,6.1,La Liga,2018-2019,74713976168286555
8,Augsburg,30,34.0,50,443,158,35.7,13.03,4.65,0.1,0.28,17.9,18,5,5,43.3,39.6,0.09,6.7,5.4,Bundesliga,2018-2019,82828683183786310
9,Barcelona,30,38.0,88,552,243,44.0,14.53,6.39,0.14,0.33,17.3,50,8,9,73.8,67.0,0.12,14.2,13.0,La Liga,2018-2019,81744823723090567
10,Bayern Munich,24,34.0,86,620,246,39.7,18.24,7.24,0.13,0.34,15.5,28,3,4,80.8,77.8,0.13,5.2,5.2,Bundesliga,2018-2019,7510926916741648
11,Betis,25,38.0,43,440,154,35.0,11.58,4.05,0.09,0.25,17.9,31,5,7,48.8,43.5,0.1,-5.8,-5.5,La Liga,2018-2019,9423348454032625
12,Bologna,29,38.0,45,495,159,32.1,13.03,4.18,0.08,0.25,17.7,23,5,5,47.4,43.6,0.09,-2.4,-3.6,Serie A,2018-2019,23275147453355121
13,Bordeaux,33,38.0,34,431,133,30.9,11.34,3.5,0.07,0.22,19.4,22,5,6,40.3,35.8,0.08,-6.3,-6.8,Ligue 1,2018-2019,12683680850395737
14,Bournemouth,28,38.0,55,430,153,35.6,11.32,4.03,0.11,0.31,16.5,14,7,9,54.2,47.4,0.11,0.8,0.6,Premier League,2018-2019,36088947257895306
15,Brighton,21,38.0,35,366,100,27.3,9.63,2.63,0.08,0.3,16.9,12,5,6,34.1,29.6,0.08,0.9,0.4,Premier League,2018-2019,49072214318111932
16,Burnley,23,38.0,43,355,114,32.1,9.34,3.0,0.12,0.36,15.1,14,2,2,40.7,39.1,0.11,2.3,1.9,Premier League,2018-2019,21823480134907726
17,Caen,27,38.0,29,338,92,27.2,8.89,2.42,0.07,0.27,19.7,18,4,4,31.1,28.1,0.08,-2.1,-3.1,Ligue 1,2018-2019,21277886218272520
18,Cagliari,30,38.0,36,433,124,28.6,11.39,3.26,0.08,0.27,16.8,12,2,3,39.1,36.9,0.09,-3.1,-2.9,Serie A,2018-2019,32968728316179674
19,Cardiff City,25,38.0,33,408,112,27.5,10.74,2.95,0.07,0.27,16.9,13,3,4,39.5,36.5,0.09,-6.5,-6.5,Premier League,2018-2019,69924771535350567
20,Celta Vigo,28,38.0,52,438,157,35.8,11.53,4.13,0.1,0.29,17.5,21,7,7,44.8,39.7,0.09,7.2,5.3,La Liga,2018-2019,14218303985450920
21,Chelsea,24,38.0,61,596,190,31.9,15.68,5.0,0.09,0.29,17.3,30,5,5,58.2,54.4,0.09,2.8,1.6,Premier League,2018-2019,58172670324373785
22,Chievo,36,38.0,25,388,112,28.9,10.21,2.95,0.05,0.19,18.8,13,4,6,35.6,31.3,0.08,-10.6,-10.3,Serie A,2018-2019,83748145049842906
23,Crystal Palace,26,38.0,48,487,136,27.9,12.82,3.58,0.08,0.28,17.0,16,10,11,50.9,42.9,0.09,-2.9,-4.9,Premier League,2018-2019,15352059381074619
24,Dijon,26,38.0,29,451,140,31.0,11.87,3.68,0.06,0.19,18.9,24,3,4,39.5,36.4,0.08,-10.5,-10.4,Ligue 1,2018-2019,59239312409540653
25,Dortmund,23,34.0,80,444,178,40.1,13.06,5.24,0.17,0.43,16.1,17,4,4,58.4,55.4,0.13,21.6,20.6,Bundesliga,2018-2019,6921931827204601
26,Düsseldorf,24,34.0,48,405,155,38.3,11.91,4.56,0.11,0.28,17.7,15,5,7,46.7,41.4,0.1,1.3,1.6,Bundesliga,2018-2019,6414184432322702
27,Eibar,25,38.0,46,519,154,29.7,13.66,4.05,0.08,0.25,16.7,19,7,8,50.7,44.8,0.09,-4.7,-5.8,La Liga,2018-2019,67267904110326262
28,Eint Frankfurt,30,34.0,60,402,146,36.3,11.82,4.29,0.14,0.38,16.0,11,4,4,55.4,52.4,0.13,4.6,3.6,Bundesliga,2018-2019,37929111009288632
29,Empoli,29,38.0,48,454,142,31.3,11.95,3.74,0.1,0.31,16.9,16,4,7,52.0,46.7,0.11,-4.0,-2.7,Serie A,2018-2019,77726683749984272
30,Espanyol,25,38.0,44,464,153,33.0,12.21,4.03,0.09,0.26,18.4,25,4,4,48.8,45.8,0.1,-4.8,-5.8,La Liga,2018-2019,71314269182841176
31,Everton,23,38.0,53,490,159,32.4,12.89,4.18,0.1,0.32,16.2,20,2,5,47.3,43.3,0.09,5.7,7.7,Premier League,2018-2019,57482013681231466
32,Fiorentina,27,38.0,45,577,175,30.3,15.18,4.61,0.07,0.23,17.8,16,5,6,52.4,47.9,0.08,-7.4,-7.9,Serie A,2018-2019,24325362613855847
33,Freiburg,28,34.0,44,414,153,37.0,12.18,4.5,0.09,0.25,18.5,15,5,6,42.2,37.6,0.09,1.8,1.4,Bundesliga,2018-2019,17577284562417651
34,Frosinone,33,38.0,28,436,120,27.5,11.47,3.16,0.06,0.2,18.4,24,4,5,35.5,31.7,0.07,-7.5,-7.7,Serie A,2018-2019,87953309350363757
35,Fulham,28,38.0,33,441,136,30.8,11.61,3.58,0.07,0.23,18.3,10,2,3,39.0,36.7,0.08,-6.0,-5.7,Premier League,2018-2019,19227944656237519
36,Genoa,31,38.0,37,526,150,28.5,13.84,3.95,0.06,0.22,18.0,23,4,5,43.6,39.8,0.08,-6.6,-6.8,Serie A,2018-2019,87033800759594150
37,Getafe,26,38.0,47,385,123,31.9,10.13,3.24,0.11,0.33,16.6,12,6,6,44.7,40.2,0.11,2.3,0.8,La Liga,2018-2019,23789167582387071
38,Girona,26,38.0,37,394,140,35.5,10.37,3.68,0.08,0.22,17.5,18,6,6,38.6,34.5,0.09,-1.6,-3.5,La Liga,2018-2019,12545195302828957
39,Guingamp,30,38.0,28,417,111,26.6,10.97,2.92,0.06,0.21,18.0,17,5,6,39.9,35.3,0.09,-11.9,-12.3,Ligue 1,2018-2019,16872092436156260
40,Hannover 96,32,34.0,30,380,113,29.7,11.18,3.32,0.07,0.24,17.7,11,3,3,33.7,31.4,0.08,-3.7,-4.4,Bundesliga,2018-2019,10121335889457780
41,Hertha BSC,26,34.0,49,394,144,36.5,11.59,4.24,0.11,0.31,15.8,14,4,4,47.9,44.9,0.12,1.1,0.1,Bundesliga,2018-2019,59737400018465050
42,Hoffenheim,29,34.0,69,596,214,35.9,17.53,6.29,0.11,0.29,16.2,15,6,7,73.1,68.0,0.12,-4.1,-5.0,Bundesliga,2018-2019,29322720181807625
43,Huddersfield,31,38.0,20,399,115,28.8,10.5,3.03,0.05,0.17,18.1,15,1,1,29.4,28.6,0.07,-9.4,-9.6,Premier League,2018-2019,70397411865897550
44,Huesca,30,38.0,43,470,140,29.8,12.37,3.68,0.08,0.26,17.3,18,6,7,45.9,40.6,0.09,-2.9,-3.6,La Liga,2018-2019,16593090704373522
45,Inter,23,38.0,57,617,185,30.0,16.24,4.87,0.08,0.26,16.9,9,8,9,64.1,57.2,0.09,-7.1,-8.2,Serie A,2018-2019,53198597771575973
46,Juventus,31,38.0,66,599,193,32.2,15.76,5.08,0.1,0.31,17.8,28,7,8,58.2,52.1,0.09,7.8,6.9,Serie A,2018-2019,19371054131726661
47,Lazio,30,38.0,54,612,189,30.9,16.11,4.97,0.08,0.25,17.1,22,6,6,56.4,52.0,0.09,-2.4,-4.0,Serie A,2018-2019,90751438076496109
48,Leganés,29,38.0,36,407,128,31.4,10.71,3.37,0.08,0.26,16.8,13,3,5,37.4,33.8,0.08,-1.4,-0.8,La Liga,2018-2019,20237473683555152
49,Leicester City,25,38.0,48,508,173,34.1,13.37,4.55,0.08,0.25,17.8,18,5,7,49.6,44.5,0.09,-1.6,-1.5,Premier League,2018-2019,18776461863573874
50,Levante,26,38.0,56,425,151,35.5,11.18,3.97,0.12,0.34,18.4,29,5,7,49.9,44.5,0.11,6.1,6.5,La Liga,2018-2019,1566092639264277
51,Leverkusen,21,34.0,68,512,188,36.7,15.06,5.53,0.13,0.34,16.7,25,4,5,62.1,58.4,0.12,5.9,5.6,Bundesliga,2018-2019,36794408106212849
52,Lille,25,38.0,66,487,182,37.4,12.82,4.79,0.11,0.3,18.6,27,11,13,58.4,48.5,0.1,7.6,6.5,Ligue 1,2018-2019,85603837513355486
53,Liverpool,23,38.0,86,569,211,37.1,14.97,5.55,0.14,0.37,16.3,20,7,7,74.7,69.4,0.12,11.3,9.6,Premier League,2018-2019,41956650829873911
54,Lyon,25,38.0,70,665,244,36.7,17.5,6.42,0.1,0.27,17.3,48,5,10,73.8,66.5,0.1,-3.8,-1.5,Ligue 1,2018-2019,87005642993871754
55,M'Gladbach,22,34.0,53,440,146,33.2,12.94,4.29,0.11,0.34,17.2,16,4,7,51.1,45.8,0.11,1.9,3.2,Bundesliga,2018-2019,81611584009946193
56,Mainz 05,28,34.0,44,482,145,30.1,14.18,4.26,0.09,0.28,18.1,17,3,3,48.5,46.2,0.1,-4.5,-5.2,Bundesliga,2018-2019,71158960989778912
57,Manchester City,21,38.0,91,674,249,36.9,17.74,6.55,0.13,0.35,16.4,21,3,4,82.0,79.0,0.12,9.0,9.0,Premier League,2018-2019,74026506610392765
58,Manchester Utd,28,38.0,65,513,211,41.1,13.5,5.55,0.11,0.27,18.1,27,9,12,59.4,50.2,0.1,5.6,5.8,Premier League,2018-2019,29078730489839024
59,Marseille,24,38.0,59,532,168,31.6,14.0,4.42,0.1,0.33,17.1,19,4,5,52.6,48.8,0.09,6.4,6.2,Ligue 1,2018-2019,66190039714113630
60,Milan,23,38.0,52,580,190,32.8,15.26,5.0,0.08,0.26,18.6,20,3,4,48.1,45.0,0.08,3.9,4.0,Serie A,2018-2019,59378513948613436
61,Monaco,42,38.0,38,475,151,31.8,12.5,3.97,0.07,0.23,17.5,25,4,5,48.7,45.0,0.1,-10.7,-11.0,Ligue 1,2018-2019,79093238158793616
62,Montpellier,25,38.0,50,499,168,33.7,13.13,4.42,0.09,0.28,18.6,26,3,3,45.2,43.0,0.09,4.8,4.0,Ligue 1,2018-2019,32434714471076965
63,Nantes,33,38.0,47,521,143,27.4,13.71,3.76,0.08,0.29,19.5,23,6,8,47.7,41.6,0.08,-0.7,-0.6,Ligue 1,2018-2019,25802633648495862
64,Napoli,26,38.0,73,702,234,33.3,18.47,6.16,0.1,0.3,18.3,22,3,4,68.1,65.4,0.09,4.9,4.6,Serie A,2018-2019,10516137814401134
65,Newcastle Utd,24,38.0,41,434,135,31.1,11.42,3.55,0.09,0.3,18.1,17,1,3,39.6,37.3,0.09,1.4,2.7,Premier League,2018-2019,29528772732587842
66,Nice,30,38.0,27,447,127,28.4,11.76,3.34,0.05,0.17,18.8,30,5,9,44.2,37.4,0.08,-17.2,-15.4,Ligue 1,2018-2019,11720969662561653
67,Nîmes,23,38.0,55,519,175,33.7,13.66,4.61,0.1,0.29,18.7,25,4,6,47.9,43.3,0.08,7.1,7.7,Ligue 1,2018-2019,83514802313158576
68,Nürnberg,27,34.0,25,346,102,29.5,10.18,3.0,0.07,0.23,19.0,18,2,6,33.0,28.5,0.09,-8.0,-5.5,Bundesliga,2018-2019,10689243141507842
69,Paris S-G,30,38.0,103,558,200,35.8,14.68,5.26,0.17,0.47,16.2,29,10,12,91.0,82.0,0.15,12.0,11.0,Ligue 1,2018-2019,11177590892093073
70,Parma,31,38.0,40,353,107,30.3,9.29,2.82,0.1,0.34,18.4,18,4,5,38.6,34.8,0.1,1.4,1.2,Serie A,2018-2019,62695319081093388
71,Rayo Vallecano,29,38.0,40,446,144,32.3,11.74,3.79,0.08,0.24,18.8,21,5,5,40.8,37.0,0.08,-0.8,-2.0,La Liga,2018-2019,75203699329351977
72,RB Leipzig,23,34.0,63,487,172,35.3,14.32,5.06,0.12,0.34,16.3,18,5,7,60.8,55.5,0.12,2.2,2.5,Bundesliga,2018-2019,68159208261559796
73,Real Madrid,27,38.0,61,579,202,34.9,15.24,5.32,0.09,0.26,17.2,19,9,9,61.3,54.8,0.1,-0.3,-2.8,La Liga,2018-2019,29627131003986350
74,Real Sociedad,30,38.0,44,413,131,31.7,10.87,3.45,0.09,0.27,17.9,15,8,10,46.5,39.3,0.1,-2.5,-3.3,La Liga,2018-2019,57299950304530590
75,Reims,27,38.0,39,412,136,33.0,10.84,3.58,0.09,0.27,17.6,15,2,2,40.6,39.1,0.1,-1.6,-2.1,Ligue 1,2018-2019,67732085073987538
76,Rennes,28,38.0,53,472,148,31.4,12.42,3.89,0.1,0.31,18.0,46,7,10,52.2,44.7,0.1,0.8,1.3,Ligue 1,2018-2019,96819424452761337
77,Roma,26,38.0,66,624,212,34.0,16.42,5.58,0.1,0.28,16.0,11,6,6,64.3,59.8,0.1,1.7,0.2,Serie A,2018-2019,764736481564168
78,Saint-Étienne,29,38.0,56,499,162,32.5,13.13,4.26,0.1,0.31,17.6,18,5,5,55.8,52.0,0.11,0.2,-1.0,Ligue 1,2018-2019,56226069621228236
79,Sampdoria,24,38.0,60,479,168,35.1,12.61,4.42,0.1,0.3,19.0,18,10,12,49.8,40.8,0.09,10.2,9.2,Serie A,2018-2019,89407679695143145
80,Sassuolo,29,38.0,50,507,150,29.6,13.34,3.95,0.09,0.3,18.9,20,5,5,46.4,42.7,0.09,3.6,2.3,Serie A,2018-2019,79200252522790650
81,Schalke 04,32,34.0,37,407,121,29.7,11.97,3.56,0.07,0.25,17.3,18,7,9,43.1,36.3,0.09,-6.1,-6.3,Bundesliga,2018-2019,24345039935475884
82,Sevilla,27,38.0,61,516,170,32.9,13.58,4.47,0.11,0.33,16.4,12,5,6,63.5,58.8,0.12,-2.5,-2.8,La Liga,2018-2019,22702270477938803
83,Southampton,30,38.0,44,483,153,31.7,12.71,4.03,0.08,0.26,18.2,20,4,5,46.1,42.5,0.09,-2.1,-2.5,Premier League,2018-2019,21037626007536306
84,SPAL,28,38.0,44,457,128,28.0,12.03,3.37,0.08,0.29,17.6,14,7,8,41.5,35.5,0.08,2.5,1.5,Serie A,2018-2019,73622612860183040
85,Strasbourg,26,38.0,57,398,145,36.4,10.47,3.82,0.13,0.36,18.2,11,5,7,42.2,36.8,0.09,14.8,15.2,Ligue 1,2018-2019,92234479374253707
86,Stuttgart,26,34.0,32,404,118,29.2,11.88,3.47,0.08,0.26,17.3,16,1,1,39.0,38.3,0.1,-7.0,-7.3,Bundesliga,2018-2019,81761661302668293
87,Torino,25,38.0,50,519,173,33.3,13.66,4.55,0.09,0.26,17.5,23,5,6,49.3,44.8,0.09,0.7,0.2,Serie A,2018-2019,21846272194836439
88,Tottenham,28,38.0,66,533,185,34.7,14.03,4.87,0.12,0.34,17.2,23,4,4,57.9,54.9,0.1,8.1,7.1,Premier League,2018-2019,22006624071753704
89,Toulouse,29,38.0,35,421,118,28.0,11.08,3.11,0.07,0.24,17.9,17,7,11,44.0,35.7,0.09,-9.0,-7.7,Ligue 1,2018-2019,94523000561782573
90,Udinese,31,38.0,38,461,118,25.6,12.13,3.11,0.08,0.3,19.8,12,3,8,41.5,35.2,0.08,-3.5,-0.2,Serie A,2018-2019,48393495896639342
91,Valencia,25,38.0,50,464,154,33.2,12.21,4.05,0.1,0.29,16.6,18,5,7,57.3,52.0,0.11,-7.3,-7.0,La Liga,2018-2019,65158650443085242
92,Valladolid,28,38.0,31,408,128,31.4,10.74,3.37,0.07,0.21,19.1,25,4,7,40.5,35.1,0.09,-9.5,-8.1,La Liga,2018-2019,44089518275887893
93,Villarreal,26,38.0,47,481,166,34.5,12.66,4.37,0.09,0.27,16.6,7,3,6,50.7,46.6,0.1,-3.7,-2.6,La Liga,2018-2019,63335634096533483
94,Watford,25,38.0,51,434,151,34.8,11.42,3.97,0.12,0.33,16.6,22,1,1,48.1,47.4,0.11,2.9,2.6,Premier League,2018-2019,73743918793554398
95,Werder Bremen,24,34.0,57,453,171,37.7,13.32,5.03,0.12,0.31,16.7,11,4,4,49.5,46.6,0.1,7.5,6.4,Bundesliga,2018-2019,59303898890876434
96,West Ham,26,38.0,51,439,147,33.5,11.55,3.87,0.1,0.31,16.5,17,5,5,48.2,44.5,0.1,2.8,1.5,Premier League,2018-2019,57680956417459581
97,Wolfsburg,25,34.0,59,409,157,38.4,12.03,4.62,0.13,0.34,17.2,15,5,5,46.2,42.7,0.11,12.8,11.3,Bundesliga,2018-2019,85159484018358879
98,Wolves,21,38.0,46,467,141,30.2,12.29,3.71,0.09,0.3,17.3,12,4,4,49.0,45.9,0.1,-3.0,-3.9,Premier League,2018-2019,24001928852251903
1,Alavés,30,38.0,40,393,137,34.9,10.34,3.61,0.1,0.28,18.3,22,1,3,38.8,36.6,0.09,1.2,2.4,La Liga,2017-2018,37745278530914180
2,Amiens,30,38.0,36,372,110,29.6,9.79,2.89,0.09,0.3,19.3,13,3,4,35.3,32.2,0.09,0.7,0.8,Ligue 1,2017-2018,20069478421376018
3,Angers,27,38.0,41,467,155,33.2,12.29,4.08,0.08,0.24,18.2,19,4,4,45.6,42.6,0.09,-4.6,-5.6,Ligue 1,2017-2018,66587352409382849
4,Arsenal,30,38.0,73,590,227,38.5,15.53,5.97,0.12,0.3,17.4,30,4,5,68.4,64.6,0.11,4.6,4.4,Premier League,2017-2018,5838645288327307
5,Atalanta,25,38.0,57,582,196,33.7,15.32,5.16,0.09,0.27,15.8,13,5,9,67.4,60.7,0.11,-10.4,-8.7,Serie A,2017-2018,87465877057901989
6,Athletic Club,26,38.0,39,434,150,34.6,11.42,3.95,0.08,0.22,15.4,10,6,8,45.6,39.8,0.09,-6.6,-6.8,La Liga,2017-2018,4823083458145023
7,Atlético Madrid,26,38.0,57,416,152,36.5,10.95,4.0,0.13,0.35,17.3,12,4,5,47.8,44.2,0.11,9.2,8.8,La Liga,2017-2018,74713976168286555
8,Augsburg,27,34.0,41,432,141,32.6,12.71,4.15,0.09,0.26,17.5,20,4,4,44.8,41.8,0.1,-3.8,-4.8,Bundesliga,2017-2018,82828683183786310
9,Barcelona,25,38.0,96,581,264,45.4,15.29,6.95,0.16,0.35,15.9,59,3,5,78.3,75.2,0.13,17.7,17.8,La Liga,2017-2018,81744823723090567
10,Bayern Munich,28,34.0,90,599,222,37.1,17.62,6.53,0.14,0.38,15.8,22,6,8,77.7,71.8,0.12,12.3,12.2,Bundesliga,2017-2018,7510926916741648
11,Benevento,41,38.0,32,470,146,31.1,12.37,3.84,0.06,0.21,19.0,23,2,3,39.1,36.9,0.08,-7.1,-6.9,Serie A,2017-2018,38159059008947812
12,Betis,29,38.0,56,412,161,39.1,10.84,4.24,0.13,0.34,18.4,21,2,3,41.1,39.1,0.1,14.9,14.9,La Liga,2017-2018,9423348454032625
13,Bologna,30,38.0,37,353,120,34.0,9.29,3.16,0.1,0.29,18.6,31,2,3,37.1,34.9,0.1,-0.1,0.1,Serie A,2017-2018,23275147453355121
14,Bordeaux,31,38.0,52,492,157,31.9,12.95,4.13,0.1,0.31,18.2,23,4,6,52.7,47.9,0.1,-0.7,0.1,Ligue 1,2017-2018,12683680850395737
15,Bournemouth,22,38.0,45,473,153,32.3,12.45,4.03,0.09,0.27,17.5,13,3,3,44.8,42.6,0.09,0.2,-0.6,Premier League,2017-2018,36088947257895306
16,Brighton,24,38.0,33,381,113,29.7,10.03,2.97,0.07,0.25,17.9,3,5,7,37.2,31.8,0.09,-4.2,-3.8,Premier League,2017-2018,49072214318111932
17,Burnley,24,38.0,35,387,126,32.6,10.18,3.32,0.09,0.28,16.0,16,0,0,34.5,34.5,0.09,0.5,0.5,Premier League,2017-2018,21823480134907726
18,Caen,26,38.0,25,474,125,26.4,12.47,3.29,0.04,0.16,19.3,12,5,8,42.2,36.2,0.08,-17.2,-16.2,Ligue 1,2017-2018,21277886218272520
19,Cagliari,29,38.0,33,378,115,30.4,9.95,3.03,0.08,0.25,17.2,16,4,7,40.1,34.8,0.09,-7.1,-5.8,Serie A,2017-2018,32968728316179674
20,Celta Vigo,23,38.0,57,445,157,35.3,11.71,4.13,0.12,0.35,16.6,30,2,3,52.0,49.7,0.12,5.0,5.3,La Liga,2017-2018,14218303985450920
21,Chelsea,26,38.0,60,602,209,34.7,15.84,5.5,0.09,0.27,17.4,19,3,3,57.9,55.7,0.09,2.1,1.3,Premier League,2017-2018,58172670324373785
22,Chievo,25,38.0,36,396,137,34.6,10.42,3.61,0.09,0.26,18.0,8,1,2,32.3,30.8,0.08,3.7,4.2,Serie A,2017-2018,83748145049842906
23,Crotone,29,38.0,38,385,136,35.3,10.13,3.58,0.09,0.26,19.1,11,2,3,36.2,33.8,0.09,1.8,2.2,Serie A,2017-2018,33431629624225246
24,Crystal Palace,28,38.0,44,466,133,28.5,12.26,3.5,0.08,0.27,17.0,20,8,10,56.1,48.9,0.11,-12.1,-12.9,Premier League,2017-2018,15352059381074619
25,Dijon,26,38.0,52,455,166,36.5,11.97,4.37,0.1,0.28,18.5,26,5,5,42.9,39.2,0.09,9.1,7.8,Ligue 1,2017-2018,59239312409540653
26,Dortmund,30,34.0,62,472,166,35.2,13.88,4.88,0.13,0.36,15.7,4,3,6,63.7,59.2,0.13,-1.7,-0.2,Bundesliga,2017-2018,6921931827204601
27,Eibar,27,38.0,43,488,140,28.7,12.84,3.68,0.08,0.29,17.5,21,2,3,39.9,37.6,0.08,3.1,3.4,La Liga,2017-2018,67267904110326262
28,Eint Frankfurt,28,34.0,44,387,140,36.2,11.38,4.12,0.11,0.3,16.5,9,2,2,43.5,41.9,0.11,0.5,0.1,Bundesliga,2017-2018,37929111009288632
29,Espanyol,25,38.0,34,422,134,31.8,11.11,3.53,0.08,0.24,17.6,16,2,3,42.9,40.5,0.1,-8.9,-8.5,La Liga,2017-2018,71314269182841176
30,Everton,30,38.0,42,359,108,30.1,9.45,2.84,0.1,0.34,16.9,8,5,8,41.4,35.2,0.1,0.6,1.8,Premier League,2017-2018,57482013681231466
31,Fiorentina,27,38.0,53,624,185,29.6,16.42,4.87,0.07,0.25,18.4,20,7,8,57.2,51.3,0.08,-4.2,-5.3,Serie A,2017-2018,24325362613855847
32,Freiburg,29,34.0,32,369,109,29.5,10.85,3.21,0.07,0.24,18.5,16,6,10,41.3,33.7,0.09,-9.3,-7.7,Bundesliga,2017-2018,17577284562417651
33,Genoa,33,38.0,31,421,125,29.7,11.08,3.29,0.06,0.22,16.6,11,4,5,43.3,39.5,0.1,-12.3,-12.5,Serie A,2017-2018,87033800759594150
34,Getafe,32,38.0,41,368,125,34.0,9.68,3.29,0.1,0.29,17.9,15,5,12,46.4,37.1,0.1,-5.4,-1.1,La Liga,2017-2018,23789167582387071
35,Girona,25,38.0,50,462,154,33.3,12.16,4.05,0.1,0.29,17.6,24,6,8,48.9,42.8,0.09,1.1,1.2,La Liga,2017-2018,12545195302828957
36,Guingamp,23,38.0,46,462,162,35.1,12.16,4.26,0.09,0.25,18.0,34,6,7,45.6,40.5,0.09,0.4,-0.5,Ligue 1,2017-2018,16872092436156260
37,Hamburger SV,29,34.0,28,390,125,32.1,11.47,3.68,0.06,0.2,17.7,17,3,5,37.0,33.3,0.09,-9.0,-8.3,Bundesliga,2017-2018,42905483414913667
38,Hannover 96,26,34.0,44,435,140,32.2,12.79,4.12,0.09,0.29,17.5,17,4,5,46.0,42.1,0.1,-2.0,-2.1,Bundesliga,2017-2018,10121335889457780
39,Hellas Verona,32,38.0,30,362,92,25.4,9.53,2.42,0.06,0.25,19.2,20,7,7,34.5,29.4,0.08,-4.5,-6.4,Serie A,2017-2018,45227680351245381
40,Hertha BSC,25,34.0,43,317,129,40.7,9.32,3.79,0.12,0.3,16.9,13,4,5,39.9,36.1,0.12,3.1,2.9,Bundesliga,2017-2018,59737400018465050
41,Hoffenheim,26,34.0,64,470,169,36.0,13.82,4.97,0.13,0.36,17.3,13,4,5,51.7,47.9,0.1,12.3,12.1,Bundesliga,2017-2018,29322720181807625
42,Huddersfield,25,38.0,25,362,105,29.0,9.53,2.76,0.06,0.22,18.1,13,2,2,31.7,30.2,0.09,-6.7,-7.2,Premier League,2017-2018,70397411865897550
43,Inter,22,38.0,64,584,202,34.6,15.37,5.32,0.1,0.29,17.4,13,6,7,60.8,55.6,0.1,3.2,2.4,Serie A,2017-2018,53198597771575973
44,Juventus,24,38.0,82,564,201,35.6,14.84,5.29,0.14,0.39,17.7,40,4,8,59.8,54.0,0.1,22.2,24.0,Serie A,2017-2018,19371054131726661
45,Köln,31,34.0,33,395,118,29.9,11.62,3.47,0.08,0.25,17.7,13,3,3,42.2,40.0,0.1,-9.2,-10.0,Bundesliga,2017-2018,39731782814123330
46,La Coruña,32,38.0,38,466,141,30.3,12.26,3.71,0.08,0.25,17.2,12,3,5,49.2,45.4,0.1,-11.2,-10.4,La Liga,2017-2018,31828180925314031
47,Las Palmas,36,38.0,24,417,121,29.0,10.97,3.18,0.04,0.15,19.5,39,6,8,38.0,31.9,0.08,-14.0,-13.9,La Liga,2017-2018,33189055458748528
48,Lazio,24,38.0,86,557,208,37.3,14.66,5.47,0.14,0.37,17.3,15,9,11,63.5,55.2,0.1,22.5,21.8,Serie A,2017-2018,90751438076496109
49,Leganés,28,38.0,32,408,136,33.3,10.74,3.58,0.07,0.22,18.1,14,2,3,40.0,37.7,0.1,-8.0,-7.7,La Liga,2017-2018,20237473683555152
50,Leicester City,27,38.0,53,418,137,32.8,11.0,3.61,0.11,0.35,17.0,12,5,6,48.1,43.6,0.11,4.9,4.4,Premier League,2017-2018,18776461863573874
51,Levante,33,38.0,43,422,120,28.4,11.11,3.16,0.09,0.32,18.0,27,5,5,42.4,38.6,0.09,0.6,-0.6,La Liga,2017-2018,1566092639264277
52,Leverkusen,24,34.0,58,507,166,32.7,14.91,4.88,0.11,0.33,16.9,22,3,5,59.2,55.4,0.11,-1.2,-0.4,Bundesliga,2017-2018,36794408106212849
53,Lille,25,38.0,41,441,144,32.7,11.61,3.79,0.09,0.27,19.9,22,2,2,37.7,36.2,0.08,3.3,2.8,Ligue 1,2017-2018,85603837513355486
54,Liverpool,27,38.0,82,642,228,35.5,16.89,6.0,0.12,0.35,17.1,22,2,3,72.7,70.4,0.11,9.3,9.6,Premier League,2017-2018,41956650829873911
55,Lyon,26,38.0,85,602,229,38.0,15.84,6.03,0.13,0.34,17.9,54,6,7,67.0,61.9,0.1,18.0,17.1,Ligue 1,2017-2018,87005642993871754
56,M'Gladbach,27,34.0,46,447,150,33.6,13.15,4.41,0.09,0.27,16.9,15,6,7,51.4,46.6,0.11,-5.4,-6.6,Bundesliga,2017-2018,81611584009946193
57,Mainz 05,27,34.0,38,418,140,33.5,12.29,4.12,0.08,0.24,20.1,17,4,4,35.3,32.3,0.08,2.7,1.7,Bundesliga,2017-2018,71158960989778912
58,Málaga,37,38.0,24,397,117,29.5,10.45,3.08,0.05,0.17,17.4,15,4,6,33.4,28.8,0.07,-9.4,-8.8,La Liga,2017-2018,79809637287620621
59,Manchester City,25,38.0,103,661,255,38.6,17.39,6.71,0.15,0.38,17.4,31,6,8,86.4,80.4,0.12,16.6,16.6,Premier League,2017-2018,74026506610392765
60,Manchester Utd,27,38.0,67,513,176,34.3,13.5,4.63,0.13,0.38,17.6,22,1,3,60.7,58.2,0.12,6.3,7.8,Premier League,2017-2018,29078730489839024
61,Marseille,26,38.0,79,629,222,35.3,16.55,5.84,0.12,0.33,16.9,23,5,8,72.1,66.1,0.11,6.9,7.9,Ligue 1,2017-2018,66190039714113630
62,Metz,36,38.0,33,448,167,37.3,11.79,4.39,0.07,0.18,18.6,16,3,4,37.9,35.0,0.08,-4.9,-5.0,Ligue 1,2017-2018,14635757597311544
63,Milan,23,38.0,54,633,224,35.4,16.66,5.89,0.08,0.22,18.7,25,4,6,54.2,49.8,0.08,0.8,1.2,Serie A,2017-2018,59378513948613436
64,Monaco,32,38.0,83,496,174,35.1,13.05,4.58,0.15,0.44,17.0,31,7,8,61.5,55.6,0.12,21.5,20.4,Ligue 1,2017-2018,79093238158793616
65,Montpellier,23,38.0,36,501,159,31.7,13.18,4.18,0.07,0.23,19.3,25,0,2,42.4,40.8,0.08,-6.4,-4.8,Ligue 1,2017-2018,32434714471076965
66,Nantes,30,38.0,36,522,140,26.8,13.74,3.68,0.06,0.23,18.6,35,4,5,43.3,39.5,0.08,-7.3,-7.5,Ligue 1,2017-2018,25802633648495862
67,Napoli,23,38.0,73,651,247,37.9,17.13,6.5,0.1,0.27,18.3,19,6,8,66.6,60.4,0.09,6.4,6.6,Serie A,2017-2018,10516137814401134
68,Newcastle Utd,27,38.0,38,451,152,33.7,11.87,4.0,0.08,0.25,18.4,19,0,1,45.3,44.5,0.1,-7.3,-6.5,Premier League,2017-2018,29528772732587842
69,Nice,31,38.0,52,491,175,35.6,12.92,4.61,0.09,0.25,18.6,32,8,10,51.7,44.3,0.09,0.3,-0.3,Ligue 1,2017-2018,11720969662561653
70,Paris S-G,26,38.0,100,637,249,39.1,16.76,6.55,0.15,0.37,16.4,37,7,9,89.2,82.7,0.13,10.8,10.3,Ligue 1,2017-2018,11177590892093073
71,RB Leipzig,23,34.0,57,489,173,35.4,14.38,5.09,0.11,0.31,17.2,22,4,5,54.2,50.5,0.1,2.8,3.5,Bundesliga,2017-2018,68159208261559796
72,Real Madrid,24,38.0,91,706,266,37.7,18.58,7.0,0.12,0.31,16.2,28,8,10,83.3,75.6,0.11,7.7,7.4,La Liga,2017-2018,29627131003986350
73,Real Sociedad,27,38.0,64,518,170,32.8,13.63,4.47,0.12,0.35,17.3,20,4,5,55.0,51.2,0.1,9.0,8.8,La Liga,2017-2018,57299950304530590
74,Rennes,28,38.0,48,474,146,30.8,12.47,3.84,0.09,0.29,18.8,30,6,8,49.4,43.5,0.09,-1.4,-1.5,Ligue 1,2017-2018,96819424452761337
75,Roma,27,38.0,56,667,202,30.3,17.55,5.32,0.08,0.26,17.4,28,3,6,69.3,64.9,0.1,-13.3,-11.9,Serie A,2017-2018,764736481564168
76,Saint-Étienne,30,38.0,45,443,147,33.2,11.66,3.87,0.09,0.26,17.5,19,7,11,52.0,44.1,0.1,-7.0,-6.1,Ligue 1,2017-2018,56226069621228236
77,Sampdoria,27,38.0,56,474,164,34.6,12.47,4.32,0.1,0.3,17.8,27,7,8,51.3,45.2,0.1,4.7,3.8,Serie A,2017-2018,89407679695143145
78,Sassuolo,28,38.0,28,496,132,26.6,13.05,3.47,0.05,0.18,18.3,18,4,10,49.4,41.8,0.09,-21.4,-17.8,Serie A,2017-2018,79200252522790650
79,Schalke 04,24,34.0,50,397,155,39.0,11.68,4.56,0.1,0.26,17.4,7,10,10,47.8,40.2,0.1,2.2,-0.2,Bundesliga,2017-2018,24345039935475884
80,Sevilla,31,38.0,48,519,178,34.3,13.66,4.68,0.08,0.25,16.9,16,4,5,56.5,52.8,0.1,-8.5,-8.8,La Liga,2017-2018,22702270477938803
81,Southampton,26,38.0,36,448,138,30.8,11.79,3.63,0.07,0.24,17.7,11,3,3,42.2,39.9,0.09,-6.2,-6.9,Premier League,2017-2018,21037626007536306
82,SPAL,29,38.0,37,374,109,29.1,9.84,2.87,0.09,0.29,18.4,23,5,6,37.9,33.3,0.09,-0.9,-1.3,Serie A,2017-2018,73622612860183040
83,Stoke City,30,38.0,34,390,122,31.3,10.26,3.21,0.09,0.28,17.5,11,0,3,37.5,35.3,0.09,-3.5,-1.3,Premier League,2017-2018,55848606059653975
84,Strasbourg,25,38.0,43,464,127,27.4,12.21,3.34,0.08,0.28,18.0,22,7,7,45.4,40.1,0.09,-1.4,-3.1,Ligue 1,2017-2018,92234479374253707
85,Stuttgart,26,34.0,35,364,117,32.1,10.71,3.44,0.09,0.29,17.2,17,1,3,39.6,37.4,0.11,-4.6,-3.4,Bundesliga,2017-2018,81761661302668293
86,Swansea City,26,38.0,27,337,94,27.9,8.87,2.47,0.08,0.28,17.5,15,1,1,30.5,29.8,0.09,-3.5,-3.8,Premier League,2017-2018,11897392087106032
87,Torino,27,38.0,53,460,154,33.5,12.11,4.05,0.12,0.34,16.7,20,0,2,47.1,45.5,0.1,5.9,7.5,Serie A,2017-2018,21846272194836439
88,Tottenham,25,38.0,70,626,212,33.9,16.47,5.58,0.11,0.32,17.4,27,2,3,67.3,65.0,0.11,2.7,3.0,Premier League,2017-2018,22006624071753704
89,Toulouse,25,38.0,35,437,140,32.0,11.5,3.68,0.06,0.19,18.0,24,8,11,46.0,37.8,0.09,-10.0,-9.8,Ligue 1,2017-2018,94523000561782573
90,Troyes,25,38.0,30,365,124,34.0,9.61,3.26,0.08,0.23,17.7,16,2,3,36.9,34.6,0.1,-6.9,-6.6,Ligue 1,2017-2018,57069542099991496
91,Udinese,27,38.0,45,445,133,29.9,11.71,3.5,0.09,0.29,17.9,13,7,7,43.6,38.3,0.09,2.4,0.7,Serie A,2017-2018,48393495896639342
92,Valencia,25,38.0,63,483,178,36.9,12.71,4.68,0.11,0.31,17.7,26,8,8,56.0,49.9,0.11,7.0,5.1,La Liga,2017-2018,65158650443085242
93,Villarreal,32,38.0,56,491,170,34.6,12.92,4.47,0.11,0.31,18.1,16,4,5,52.2,48.4,0.1,3.8,3.6,La Liga,2017-2018,63335634096533483
94,Watford,29,38.0,42,437,128,29.3,11.5,3.37,0.09,0.3,17.1,9,3,6,47.4,42.6,0.1,-5.4,-3.6,Premier League,2017-2018,73743918793554398
95,Werder Bremen,25,34.0,34,437,143,32.7,12.85,4.21,0.08,0.24,17.1,20,0,0,39.9,39.9,0.09,-5.9,-5.9,Bundesliga,2017-2018,59303898890876434
96,West Brom,24,38.0,31,383,106,27.7,10.08,2.79,0.08,0.28,16.9,15,1,1,34.4,33.7,0.09,-3.4,-3.7,Premier League,2017-2018,26775906631723373
97,West Ham,27,38.0,48,369,128,34.7,9.71,3.37,0.12,0.36,17.4,17,2,4,39.9,36.8,0.1,8.1,9.2,Premier League,2017-2018,57680956417459581
98,Wolfsburg,29,34.0,36,349,114,32.7,10.26,3.35,0.1,0.31,18.3,23,1,6,39.2,34.4,0.1,-3.2,0.6,Bundesliga,2017-2018,85159484018358879
