Rk,Squad,# Pl,Age,Poss,MP,Starts,Min,90s,Gls,Ast,G-PK,PK,PKatt,CrdY,CrdR,Per 90 Minutes Gls,Per 90 Minutes Ast,Per 90 Minutes G+A,Per 90 Minutes G-PK,Per 90 Minutes G+A-PK,xG,npxG,xA,npxG+xA,Per 90 Minutes xG,Per 90 Minutes xA,Per 90 Minutes xG+xA,Per 90 Minutes npxG,Per 90 Minutes npxG+xA,League,Season,TeamID
1,Alavés,24,28.0,40.7,11,121,990,11.0,6,4,4,2,2,23.0,1.0,0.55,0.36,0.91,0.36,0.73,10.0,8.4,5.4,13.9,0.91,0.49,1.4,0.77,1.26,La Liga,2021-2022,37745278530914180
2,Angers,22,28.0,47.0,12,132,1080,12.0,17,12,14,3,3,18.0,0.0,1.42,1.0,2.42,1.17,2.17,14.7,12.4,7.8,20.3,1.23,0.65,1.88,1.04,1.69,Ligue 1,2021-2022,66587352409382849
3,Arminia,22,26.6,40.2,10,110,900,10.0,6,3,5,1,1,16.0,1.0,0.6,0.3,0.9,0.5,0.8,8.9,8.2,5.7,13.9,0.89,0.57,1.47,0.82,1.39,Bundesliga,2021-2022,60726784699523350
4,Arsenal,26,24.9,46.0,10,110,900,10.0,12,6,12,0,1,14.0,1.0,1.2,0.6,1.8,1.2,1.8,12.5,11.6,7.5,19.1,1.25,0.75,2.0,1.16,1.91,Premier League,2021-2022,5838645288327307
5,Aston Villa,23,26.3,47.5,10,110,900,10.0,13,10,11,2,2,23.0,1.0,1.3,1.0,2.3,1.1,2.1,11.0,9.6,7.3,16.9,1.1,0.73,1.83,0.96,1.69,Premier League,2021-2022,14348480492050895
6,Atalanta,24,28.0,56.1,11,121,990,11.0,18,13,16,2,3,28.0,0.0,1.64,1.18,2.82,1.45,2.64,18.6,16.4,13.2,29.7,1.69,1.2,2.9,1.49,2.7,Serie A,2021-2022,87465877057901989
7,Athletic Club,23,27.2,47.1,11,121,990,11.0,10,8,9,1,3,20.0,1.0,0.91,0.73,1.64,0.82,1.55,17.3,15.1,11.8,26.8,1.58,1.07,2.65,1.37,2.44,La Liga,2021-2022,4823083458145023
8,Atlético Madrid,21,28.6,53.4,11,121,990,11.0,16,13,15,1,1,38.0,2.0,1.45,1.18,2.64,1.36,2.55,13.9,13.1,10.6,23.7,1.26,0.96,2.22,1.19,2.15,La Liga,2021-2022,74713976168286555
9,Augsburg,24,27.1,39.0,10,110,900,10.0,9,7,9,0,0,20.0,0.0,0.9,0.7,1.6,0.9,1.6,8.7,8.7,5.4,14.1,0.87,0.54,1.41,0.87,1.41,Bundesliga,2021-2022,82828683183786310
10,Barcelona,27,26.7,67.6,11,121,990,11.0,16,12,14,2,3,21.0,2.0,1.45,1.09,2.55,1.27,2.36,19.1,16.8,14.3,31.2,1.74,1.3,3.04,1.53,2.83,La Liga,2021-2022,81744823723090567
11,Bayern Munich,22,27.1,62.3,10,110,900,10.0,36,28,34,2,2,6.0,1.0,3.6,2.8,6.4,3.4,6.2,29.6,28.1,21.4,49.6,2.96,2.14,5.1,2.81,4.96,Bundesliga,2021-2022,7510926916741648
12,Betis,29,28.8,56.6,12,132,1080,12.0,18,13,16,2,2,27.0,1.0,1.5,1.08,2.58,1.33,2.42,18.6,17.1,12.3,29.4,1.55,1.02,2.58,1.43,2.45,La Liga,2021-2022,9423348454032625
13,Bochum,24,28.7,41.0,10,110,900,10.0,8,5,8,0,0,16.0,1.0,0.8,0.5,1.3,0.8,1.3,11.7,11.7,9.3,21.0,1.17,0.93,2.1,1.17,2.1,Bundesliga,2021-2022,26656491983030423
14,Bologna,24,27.1,51.3,11,121,990,11.0,16,14,15,1,2,34.0,4.0,1.45,1.27,2.73,1.36,2.64,11.3,9.8,7.2,17.0,1.13,0.72,1.85,0.98,1.7,Serie A,2021-2022,23275147453355121
15,Bordeaux,28,26.4,48.3,12,132,1080,12.0,16,10,15,1,1,24.0,1.0,1.33,0.83,2.17,1.25,2.08,11.1,10.4,8.1,18.6,0.93,0.68,1.6,0.87,1.55,Ligue 1,2021-2022,12683680850395737
16,Brentford,21,25.9,44.4,10,110,900,10.0,12,6,11,1,1,18.0,1.0,1.2,0.6,1.8,1.1,1.7,13.0,12.2,8.1,20.3,1.3,0.81,2.11,1.22,2.03,Premier League,2021-2022,27125852983275500
17,Brest,22,25.2,43.3,12,132,1080,12.0,14,8,12,2,2,20.0,0.0,1.17,0.67,1.83,1.0,1.67,12.2,10.6,8.8,19.4,1.01,0.73,1.74,0.89,1.62,Ligue 1,2021-2022,27328509848090670
18,Brighton,21,27.3,54.8,10,110,900,10.0,11,9,9,2,2,25.0,0.0,1.1,0.9,2.0,0.9,1.8,10.7,9.2,7.3,16.5,1.07,0.73,1.8,0.92,1.65,Premier League,2021-2022,49072214318111932
19,Burnley,18,29.0,39.6,10,110,900,10.0,9,8,9,0,0,22.0,0.0,0.9,0.8,1.7,0.9,1.7,11.3,11.3,8.4,19.7,1.13,0.84,1.97,1.13,1.97,Premier League,2021-2022,21823480134907726
20,Cádiz,26,28.3,34.8,12,132,1080,12.0,11,6,8,3,4,31.0,1.0,0.92,0.5,1.42,0.67,1.17,12.6,9.5,7.1,16.6,1.05,0.59,1.64,0.79,1.38,La Liga,2021-2022,1007679934589500
21,Cagliari,26,27.6,42.2,11,121,990,11.0,12,9,10,2,2,28.0,2.0,1.09,0.82,1.91,0.91,1.73,10.4,8.8,7.2,16.1,1.04,0.72,1.76,0.88,1.61,Serie A,2021-2022,32968728316179674
22,Celta Vigo,22,28.9,57.2,12,132,1080,12.0,10,7,9,1,2,32.0,1.0,0.83,0.58,1.42,0.75,1.33,13.4,11.9,9.5,21.4,1.22,0.86,2.08,1.09,1.95,La Liga,2021-2022,14218303985450920
23,Chelsea,25,27.6,57.2,10,110,900,10.0,25,16,23,2,2,11.0,1.0,2.5,1.6,4.1,2.3,3.9,17.2,15.8,12.6,28.4,1.72,1.26,2.98,1.58,2.84,Premier League,2021-2022,58172670324373785
24,Clermont Foot,20,28.1,51.9,12,132,1080,12.0,12,10,12,0,0,12.0,2.0,1.0,0.83,1.83,1.0,1.83,15.0,15.0,12.2,27.2,1.25,1.02,2.27,1.25,2.27,Ligue 1,2021-2022,54976968050746588
25,Crystal Palace,19,28.0,50.6,10,110,900,10.0,13,8,11,2,2,17.0,0.0,1.3,0.8,2.1,1.1,1.9,11.2,9.7,7.6,17.3,1.12,0.76,1.88,0.97,1.73,Premier League,2021-2022,15352059381074619
26,Dortmund,27,26.2,61.2,10,110,900,10.0,25,15,21,4,4,20.0,1.0,2.5,1.5,4.0,2.1,3.6,20.6,17.5,13.9,31.4,2.06,1.39,3.44,1.75,3.14,Bundesliga,2021-2022,6921931827204601
27,Eint Frankfurt,24,26.7,50.3,10,110,900,10.0,9,8,8,1,2,20.0,0.0,0.9,0.8,1.7,0.8,1.6,12.4,10.9,8.5,19.4,1.24,0.85,2.09,1.09,1.94,Bundesliga,2021-2022,37929111009288632
28,Elche,23,30.1,47.3,12,132,1080,12.0,9,5,9,0,0,28.0,1.0,0.75,0.42,1.17,0.75,1.17,9.8,9.8,7.6,17.4,0.81,0.64,1.45,0.81,1.45,La Liga,2021-2022,30674441257210497
29,Empoli,24,24.9,44.9,11,121,990,11.0,14,8,10,4,4,24.0,1.0,1.27,0.73,2.0,0.91,1.64,14.3,11.3,8.4,19.6,1.3,0.76,2.06,1.02,1.79,Serie A,2021-2022,77726683749984272
30,Espanyol,27,28.3,46.2,12,132,1080,12.0,12,6,10,2,2,25.0,2.0,1.0,0.5,1.5,0.83,1.33,13.1,11.7,7.4,19.1,1.09,0.62,1.71,0.97,1.59,La Liga,2021-2022,71314269182841176
31,Everton,24,28.0,41.0,10,110,900,10.0,16,13,13,3,3,18.0,0.0,1.6,1.3,2.9,1.3,2.6,14.3,12.0,9.9,21.9,1.59,1.1,2.69,1.34,2.43,Premier League,2021-2022,57482013681231466
32,Fiorentina,24,26.8,56.5,11,121,990,11.0,16,9,11,5,5,34.0,3.0,1.45,0.82,2.27,1.0,1.82,15.4,11.8,10.1,21.9,1.4,0.91,2.31,1.07,1.99,Serie A,2021-2022,24325362613855847
33,Freiburg,23,26.5,48.8,10,110,900,10.0,15,8,13,2,2,8.0,0.0,1.5,0.8,2.3,1.3,2.1,13.3,11.8,8.8,20.5,1.33,0.88,2.2,1.18,2.05,Bundesliga,2021-2022,17577284562417651
34,Genoa,30,28.2,45.5,11,121,990,11.0,15,11,11,4,4,31.0,0.0,1.36,1.0,2.36,1.0,2.0,13.5,10.5,8.1,18.6,1.23,0.73,1.97,0.96,1.69,Serie A,2021-2022,87033800759594150
35,Getafe,26,27.1,43.3,12,132,1080,12.0,6,5,6,0,1,43.0,4.0,0.5,0.42,0.92,0.5,0.92,8.0,7.2,5.3,12.5,0.66,0.44,1.11,0.6,1.04,La Liga,2021-2022,23789167582387071
36,Granada,25,28.8,44.5,11,121,990,11.0,11,7,10,1,2,37.0,0.0,1.0,0.64,1.64,0.91,1.55,7.5,6.0,4.9,10.9,0.75,0.49,1.24,0.6,1.09,La Liga,2021-2022,45137124328012624
37,Greuther Fürth,25,26.4,43.4,10,110,900,10.0,7,4,4,3,3,20.0,0.0,0.7,0.4,1.1,0.4,0.8,10.6,8.4,6.4,14.8,1.06,0.64,1.69,0.84,1.48,Bundesliga,2021-2022,11035944553035865
38,Hellas Verona,24,27.1,49.5,11,121,990,11.0,24,17,20,4,4,29.0,1.0,2.18,1.55,3.73,1.82,3.36,15.5,12.4,9.7,22.2,1.4,0.89,2.29,1.13,2.01,Serie A,2021-2022,45227680351245381
39,Hertha BSC,27,26.8,42.2,10,110,900,10.0,10,7,9,1,1,18.0,1.0,1.0,0.7,1.7,0.9,1.6,10.1,9.3,5.8,15.1,1.01,0.58,1.59,0.93,1.51,Bundesliga,2021-2022,59737400018465050
40,Hoffenheim,22,26.4,53.6,10,110,900,10.0,19,13,19,0,0,19.0,0.0,1.9,1.3,3.2,1.9,3.2,17.0,17.0,12.6,29.6,1.7,1.26,2.96,1.7,2.96,Bundesliga,2021-2022,29322720181807625
41,Inter,23,29.2,53.0,11,121,990,11.0,28,21,26,2,3,26.0,0.0,2.55,1.91,4.45,2.36,4.27,21.9,19.6,13.9,33.5,1.99,1.26,3.25,1.78,3.04,Serie A,2021-2022,53198597771575973
42,Juventus,24,28.4,51.1,11,121,990,11.0,15,9,13,2,2,22.0,0.0,1.36,0.82,2.18,1.18,2.0,14.5,13.0,9.9,22.9,1.32,0.9,2.22,1.18,2.08,Serie A,2021-2022,19371054131726661
43,Köln,22,27.8,55.7,10,110,900,10.0,15,14,15,0,0,21.0,1.0,1.5,1.4,2.9,1.5,2.9,14.7,14.7,10.9,25.6,1.47,1.09,2.56,1.47,2.56,Bundesliga,2021-2022,39731782814123330
44,Lazio,23,30.3,54.5,11,121,990,11.0,22,16,19,3,4,27.0,2.0,2.0,1.45,3.45,1.73,3.18,16.2,13.3,10.4,23.7,1.47,0.95,2.42,1.21,2.15,Serie A,2021-2022,90751438076496109
45,Leeds United,23,26.5,58.6,10,110,900,10.0,10,7,9,1,1,23.0,1.0,1.0,0.7,1.7,0.9,1.6,13.2,12.5,9.6,22.0,1.32,0.96,2.28,1.25,2.2,Premier League,2021-2022,34570153325607342
46,Leicester City,22,27.5,52.6,10,110,900,10.0,15,11,15,0,0,13.0,1.0,1.5,1.1,2.6,1.5,2.6,15.5,15.5,9.1,24.6,1.55,0.91,2.46,1.55,2.46,Premier League,2021-2022,18776461863573874
47,Lens,23,27.1,48.8,12,132,1080,12.0,21,14,18,3,3,24.0,2.0,1.75,1.17,2.92,1.5,2.67,20.9,18.7,14.6,33.3,1.74,1.21,2.95,1.56,2.77,Ligue 1,2021-2022,74951719010833888
48,Levante,26,28.5,44.4,12,132,1080,12.0,11,6,8,3,5,36.0,2.0,0.92,0.5,1.42,0.67,1.17,13.8,10.3,6.5,16.8,1.26,0.59,1.85,0.94,1.53,La Liga,2021-2022,1566092639264277
49,Leverkusen,23,24.7,52.8,10,110,900,10.0,20,15,19,1,2,24.0,1.0,2.0,1.5,3.5,1.9,3.4,15.4,13.9,10.5,24.4,1.54,1.05,2.59,1.39,2.44,Bundesliga,2021-2022,36794408106212849
50,Lille,22,26.7,51.9,12,132,1080,12.0,14,9,12,2,2,32.0,0.0,1.17,0.75,1.92,1.0,1.75,17.7,16.2,13.1,29.3,1.47,1.09,2.57,1.35,2.44,Ligue 1,2021-2022,85603837513355486
51,Liverpool,24,28.0,61.4,10,110,900,10.0,29,23,28,1,1,11.0,0.0,2.9,2.3,5.2,2.8,5.1,26.3,26.0,19.8,45.8,2.63,1.98,4.61,2.6,4.58,Premier League,2021-2022,41956650829873911
52,Lorient,25,27.1,43.5,12,132,1080,12.0,11,6,9,2,2,32.0,3.0,0.92,0.5,1.42,0.75,1.25,14.1,12.6,10.3,22.9,1.17,0.86,2.04,1.05,1.91,Ligue 1,2021-2022,37325341301512527
53,Lyon,25,26.3,58.7,12,132,1080,12.0,20,12,17,3,3,20.0,5.0,1.67,1.0,2.67,1.42,2.42,21.8,19.7,14.8,34.5,1.82,1.24,3.06,1.64,2.88,Ligue 1,2021-2022,87005642993871754
54,M'Gladbach,22,26.3,58.3,10,110,900,10.0,12,9,12,0,2,20.0,0.0,1.2,0.9,2.1,1.2,2.1,18.2,16.7,11.7,28.3,1.82,1.17,2.99,1.67,2.83,Bundesliga,2021-2022,81611584009946193
55,Mainz 05,26,26.4,43.6,10,110,900,10.0,14,11,14,0,0,22.0,1.0,1.4,1.1,2.5,1.4,2.5,15.4,15.4,11.1,26.5,1.54,1.11,2.65,1.54,2.65,Bundesliga,2021-2022,71158960989778912
56,Mallorca,27,28.0,44.4,12,132,1080,12.0,10,7,10,0,0,38.0,4.0,0.83,0.58,1.42,0.83,1.42,10.9,10.9,7.0,17.9,0.91,0.58,1.49,0.91,1.49,La Liga,2021-2022,96459977719332900
57,Manchester City,22,27.1,64.2,10,110,900,10.0,19,13,19,0,0,16.0,1.0,1.9,1.3,3.2,1.9,3.2,21.9,21.9,15.5,37.4,2.19,1.55,3.74,2.19,3.74,Premier League,2021-2022,74026506610392765
58,Manchester Utd,21,27.5,55.7,10,110,900,10.0,19,17,19,0,1,24.0,1.0,1.9,1.7,3.6,1.9,3.6,14.9,14.2,11.5,25.7,1.49,1.15,2.64,1.42,2.57,Premier League,2021-2022,29078730489839024
59,Marseille,23,25.0,59.6,12,132,1080,12.0,19,15,18,1,1,20.0,2.0,1.58,1.25,2.83,1.5,2.75,17.6,16.9,14.4,31.3,1.47,1.2,2.67,1.41,2.61,Ligue 1,2021-2022,66190039714113630
60,Metz,29,26.0,44.8,12,132,1080,12.0,12,7,11,1,1,30.0,2.0,1.0,0.58,1.58,0.92,1.5,10.2,9.4,6.5,15.9,0.85,0.54,1.39,0.79,1.32,Ligue 1,2021-2022,14635757597311544
61,Milan,26,25.8,54.2,11,121,990,11.0,24,14,21,3,4,24.0,1.0,2.18,1.27,3.45,1.91,3.18,19.3,16.3,12.4,28.7,1.76,1.13,2.89,1.48,2.61,Serie A,2021-2022,59378513948613436
62,Monaco,25,24.7,59.3,12,132,1080,12.0,17,13,14,3,3,26.0,1.0,1.42,1.08,2.5,1.17,2.25,15.7,13.4,10.9,24.3,1.31,0.91,2.21,1.12,2.02,Ligue 1,2021-2022,79093238158793616
63,Montpellier,22,26.0,49.4,12,132,1080,12.0,19,12,18,1,1,27.0,3.0,1.58,1.0,2.58,1.5,2.5,14.3,13.5,8.7,22.2,1.19,0.72,1.91,1.13,1.85,Ligue 1,2021-2022,32434714471076965
64,Nantes,21,27.0,41.6,12,132,1080,12.0,15,12,13,2,2,23.0,1.0,1.25,1.0,2.25,1.08,2.08,14.2,12.6,10.5,23.1,1.18,0.87,2.05,1.05,1.93,Ligue 1,2021-2022,25802633648495862
65,Napoli,25,27.9,59.5,11,121,990,11.0,23,12,19,4,7,19.0,2.0,2.09,1.09,3.18,1.73,2.82,20.3,14.8,10.7,25.6,1.84,0.98,2.82,1.35,2.33,Serie A,2021-2022,10516137814401134
66,Newcastle Utd,22,27.8,38.4,10,110,900,10.0,10,9,10,0,0,28.0,1.0,1.0,0.9,1.9,1.0,1.9,9.8,9.8,7.3,17.1,0.98,0.73,1.71,0.98,1.71,Premier League,2021-2022,29528772732587842
67,Nice,23,25.4,52.3,12,132,1080,12.0,23,14,20,3,5,23.0,0.0,1.92,1.17,3.08,1.67,2.83,24.6,21.0,16.3,37.3,2.05,1.35,3.4,1.75,3.11,Ligue 1,2021-2022,11720969662561653
68,Norwich City,22,26.6,44.3,10,110,900,10.0,3,2,2,1,1,19.0,1.0,0.3,0.2,0.5,0.2,0.4,7.9,7.1,4.7,11.9,0.79,0.47,1.26,0.71,1.19,Premier League,2021-2022,42809968147687487
69,Osasuna,26,28.2,45.5,12,132,1080,12.0,14,8,11,3,4,31.0,1.0,1.17,0.67,1.83,0.92,1.58,13.2,10.4,8.2,18.6,1.1,0.68,1.79,0.87,1.55,La Liga,2021-2022,83352675823776457
70,Paris S-G,27,27.8,62.5,12,132,1080,12.0,25,17,23,2,2,21.0,1.0,2.08,1.42,3.5,1.92,3.33,21.2,19.8,15.6,35.4,1.77,1.3,3.07,1.65,2.95,Ligue 1,2021-2022,11177590892093073
71,Rayo Vallecano,25,27.6,47.3,12,132,1080,12.0,18,14,16,2,2,31.0,1.0,1.5,1.17,2.67,1.33,2.5,13.6,12.1,9.9,22.1,1.24,0.9,2.14,1.1,2.01,La Liga,2021-2022,75203699329351977
72,RB Leipzig,23,25.5,56.3,10,110,900,10.0,21,13,17,4,4,14.0,0.0,2.1,1.3,3.4,1.7,3.0,21.6,18.8,14.2,33.0,2.16,1.42,3.58,1.88,3.3,Bundesliga,2021-2022,68159208261559796
73,Real Madrid,25,28.0,58.5,11,121,990,11.0,26,20,25,1,1,20.0,0.0,2.36,1.82,4.18,2.27,4.09,17.1,16.4,12.8,29.1,1.56,1.16,2.72,1.49,2.65,La Liga,2021-2022,29627131003986350
74,Real Sociedad,27,25.6,54.5,12,132,1080,12.0,17,9,14,3,4,24.0,1.0,1.42,0.75,2.17,1.17,1.92,16.8,13.8,8.8,22.6,1.4,0.73,2.13,1.15,1.88,La Liga,2021-2022,57299950304530590
75,Reims,25,24.8,44.2,12,132,1080,12.0,14,11,13,1,1,23.0,2.0,1.17,0.92,2.08,1.08,2.0,11.1,10.3,8.3,18.6,0.93,0.69,1.62,0.86,1.55,Ligue 1,2021-2022,67732085073987538
76,Rennes,26,25.8,55.0,12,132,1080,12.0,18,14,18,0,0,20.0,1.0,1.5,1.17,2.67,1.5,2.67,16.2,16.2,12.2,28.5,1.35,1.02,2.37,1.35,2.37,Ligue 1,2021-2022,96819424452761337
77,Roma,24,26.6,53.1,11,121,990,11.0,18,14,17,1,2,36.0,2.0,1.64,1.27,2.91,1.55,2.82,19.3,17.7,13.2,31.0,1.75,1.2,2.95,1.61,2.82,Serie A,2021-2022,764736481564168
78,Saint-Étienne,28,24.9,51.2,12,132,1080,12.0,12,6,9,3,3,25.0,2.0,1.0,0.5,1.5,0.75,1.25,14.1,11.9,8.6,20.5,1.18,0.72,1.89,0.99,1.71,Ligue 1,2021-2022,56226069621228236
79,Salernitana,25,28.2,42.3,11,121,990,11.0,9,6,8,1,1,25.0,2.0,0.82,0.55,1.36,0.73,1.27,11.6,10.8,7.9,18.8,1.06,0.72,1.77,0.99,1.71,Serie A,2021-2022,63444195793016658
80,Sampdoria,22,29.4,45.6,11,121,990,11.0,12,9,11,1,1,33.0,1.0,1.09,0.82,1.91,1.0,1.82,11.4,10.7,8.4,19.1,1.04,0.77,1.81,0.97,1.74,Serie A,2021-2022,89407679695143145
81,Sassuolo,22,26.9,56.1,11,121,990,11.0,13,10,12,1,1,28.0,0.0,1.18,0.91,2.09,1.09,2.0,15.0,14.2,11.2,25.4,1.36,1.02,2.38,1.29,2.31,Serie A,2021-2022,79200252522790650
82,Sevilla,26,29.0,62.7,11,121,990,11.0,19,14,18,1,1,31.0,2.0,1.73,1.27,3.0,1.64,2.91,16.0,15.3,12.9,28.2,1.46,1.18,2.63,1.39,2.56,La Liga,2021-2022,22702270477938803
83,Southampton,21,25.8,49.3,10,110,900,10.0,8,5,6,2,2,18.0,1.0,0.8,0.5,1.3,0.6,1.1,14.7,13.2,10.7,23.9,1.47,1.07,2.54,1.32,2.39,Premier League,2021-2022,21037626007536306
84,Spezia,26,24.6,49.8,11,121,990,11.0,11,6,11,0,0,20.0,2.0,1.0,0.55,1.55,1.0,1.55,11.0,11.0,8.7,19.6,1.0,0.79,1.78,1.0,1.78,Serie A,2021-2022,41730244034743257
85,Strasbourg,23,27.6,47.8,12,132,1080,12.0,20,14,18,2,2,26.0,2.0,1.67,1.17,2.83,1.5,2.67,16.0,14.4,10.1,24.5,1.33,0.84,2.17,1.2,2.05,Ligue 1,2021-2022,92234479374253707
86,Stuttgart,28,24.9,54.8,10,110,900,10.0,15,12,15,0,0,26.0,2.0,1.5,1.2,2.7,1.5,2.7,12.2,12.2,8.8,21.1,1.22,0.88,2.11,1.22,2.11,Bundesliga,2021-2022,81761661302668293
87,Torino,26,25.5,52.2,11,121,990,11.0,15,12,15,0,0,32.0,1.0,1.36,1.09,2.45,1.36,2.45,13.8,13.8,11.3,25.1,1.26,1.03,2.28,1.26,2.28,Serie A,2021-2022,21846272194836439
88,Tottenham,21,26.6,51.4,10,110,900,10.0,8,6,7,1,1,19.0,1.0,0.8,0.6,1.4,0.7,1.3,10.3,9.5,7.8,17.4,1.03,0.78,1.81,0.95,1.74,Premier League,2021-2022,22006624071753704
89,Troyes,28,27.7,40.3,12,132,1080,12.0,12,10,12,0,0,24.0,2.0,1.0,0.83,1.83,1.0,1.83,12.6,12.6,9.3,21.9,1.05,0.77,1.83,1.05,1.83,Ligue 1,2021-2022,57069542099991496
90,Udinese,21,27.2,40.9,11,121,990,11.0,12,7,11,1,1,23.0,1.0,1.09,0.64,1.73,1.0,1.64,13.6,12.9,7.4,20.3,1.23,0.67,1.91,1.17,1.84,Serie A,2021-2022,48393495896639342
91,Union Berlin,23,28.6,41.8,10,110,900,10.0,15,12,14,1,1,19.0,1.0,1.5,1.2,2.7,1.4,2.6,12.6,11.9,9.4,21.3,1.26,0.94,2.2,1.19,2.13,Bundesliga,2021-2022,71630543971501382
92,Valencia,26,26.1,45.9,12,132,1080,12.0,17,10,14,3,3,38.0,2.0,1.42,0.83,2.25,1.17,2.0,14.1,11.8,9.4,21.2,1.18,0.78,1.96,0.99,1.77,La Liga,2021-2022,65158650443085242
93,Venezia,29,26.4,42.7,11,121,990,11.0,8,6,7,1,1,37.0,1.0,0.73,0.55,1.27,0.64,1.18,9.9,9.1,7.6,16.7,0.9,0.69,1.59,0.83,1.52,Serie A,2021-2022,94916874898547392
94,Villarreal,26,28.1,61.7,11,121,990,11.0,13,12,13,0,0,30.0,1.0,1.18,1.09,2.27,1.18,2.27,13.8,13.8,10.6,24.4,1.26,0.96,2.22,1.26,2.22,La Liga,2021-2022,63335634096533483
95,Watford,26,28.8,41.6,10,110,900,10.0,12,10,12,0,0,22.0,0.0,1.2,1.0,2.2,1.2,2.2,11.1,11.1,8.6,19.7,1.11,0.86,1.97,1.11,1.97,Premier League,2021-2022,73743918793554398
96,West Ham,18,28.7,51.4,10,110,900,10.0,19,16,19,0,2,14.0,1.0,1.9,1.6,3.5,1.9,3.5,16.7,15.7,12.3,28.0,1.67,1.23,2.9,1.57,2.8,Premier League,2021-2022,57680956417459581
97,Wolfsburg,24,26.5,55.4,10,110,900,10.0,11,5,10,1,2,26.0,2.0,1.1,0.5,1.6,1.0,1.5,16.4,15.1,9.7,24.9,1.64,0.97,2.61,1.51,2.49,Bundesliga,2021-2022,85159484018358879
98,Wolves,18,28.1,51.1,10,110,900,10.0,10,6,10,0,0,19.0,0.0,1.0,0.6,1.6,1.0,1.6,11.9,11.9,8.6,20.4,1.32,0.95,2.27,1.32,2.27,Premier League,2021-2022,24001928852251903
1,Alavés,30,28.7,42.7,38,418,3420,38.0,35,21,30,5,8,96.0,8.0,0.92,0.55,1.47,0.79,1.34,42.4,36.5,25.5,62.0,1.12,0.67,1.79,0.96,1.63,La Liga,2020-2021,37745278530914180
2,Angers,31,27.9,46.2,38,418,3420,38.0,39,23,34,5,6,65.0,2.0,1.03,0.61,1.63,0.89,1.5,41.8,37.2,27.4,64.6,1.1,0.72,1.82,0.98,1.7,Ligue 1,2020-2021,66587352409382849
3,Arminia,26,26.0,42.2,34,374,3060,34.0,23,16,22,1,2,52.0,1.0,0.68,0.47,1.15,0.65,1.12,30.7,29.2,22.1,51.3,0.9,0.65,1.55,0.86,1.51,Bundesliga,2020-2021,60726784699523350
4,Arsenal,29,25.9,53.8,38,418,3420,38.0,53,38,47,6,6,49.0,5.0,1.39,1.0,2.39,1.24,2.24,53.5,49.0,36.6,85.5,1.41,0.96,2.37,1.29,2.25,Premier League,2020-2021,5838645288327307
5,Aston Villa,24,25.2,48.1,38,418,3420,38.0,52,38,47,5,6,71.0,4.0,1.37,1.0,2.37,1.24,2.24,52.9,48.5,37.1,85.6,1.39,0.98,2.37,1.28,2.25,Premier League,2020-2021,14348480492050895
6,Atalanta,30,27.3,54.9,38,418,3420,38.0,89,65,83,6,7,67.0,3.0,2.34,1.71,4.05,2.18,3.89,77.2,72.0,55.9,128.0,2.03,1.47,3.5,1.9,3.37,Serie A,2020-2021,87465877057901989
7,Athletic Club,27,26.6,49.8,38,418,3420,38.0,43,31,39,4,5,82.0,3.0,1.13,0.82,1.95,1.03,1.84,44.4,40.7,31.1,71.8,1.17,0.82,1.99,1.07,1.89,La Liga,2020-2021,4823083458145023
8,Atlético Madrid,25,27.3,52.4,38,418,3420,38.0,65,54,60,5,7,100.0,0.0,1.71,1.42,3.13,1.58,3.0,52.4,46.8,37.8,84.6,1.38,0.99,2.37,1.23,2.23,La Liga,2020-2021,74713976168286555
9,Augsburg,25,27.0,41.3,34,374,3060,34.0,35,23,33,2,5,70.0,4.0,1.03,0.68,1.71,0.97,1.65,36.1,32.3,24.5,56.9,1.06,0.72,1.78,0.95,1.67,Bundesliga,2020-2021,82828683183786310
10,Barcelona,25,26.4,65.8,38,418,3420,38.0,80,51,76,4,8,72.0,2.0,2.11,1.34,3.45,2.0,3.34,78.9,72.6,57.4,130.0,2.08,1.51,3.59,1.91,3.42,La Liga,2020-2021,81744823723090567
11,Bayern Munich,29,27.3,61.1,34,374,3060,34.0,98,75,89,9,10,44.0,3.0,2.88,2.21,5.09,2.62,4.82,75.8,68.2,53.3,121.5,2.23,1.57,3.8,2.01,3.57,Bundesliga,2020-2021,7510926916741648
12,Benevento,29,28.7,42.3,38,418,3420,38.0,40,26,35,5,7,95.0,5.0,1.05,0.68,1.74,0.92,1.61,41.6,36.2,27.3,63.5,1.1,0.72,1.81,0.95,1.67,Serie A,2020-2021,38159059008947812
13,Betis,25,27.9,53.9,38,418,3420,38.0,50,35,42,8,11,93.0,8.0,1.32,0.92,2.24,1.11,2.03,46.0,37.8,29.9,67.7,1.21,0.79,2.0,1.0,1.78,La Liga,2020-2021,9423348454032625
14,Bologna,37,27.2,50.9,38,418,3420,38.0,49,38,46,3,4,82.0,4.0,1.29,1.0,2.29,1.21,2.21,53.4,50.5,37.4,87.9,1.41,0.98,2.39,1.33,2.31,Serie A,2020-2021,23275147453355121
15,Bordeaux,28,27.6,49.7,38,418,3420,38.0,41,32,37,4,4,78.0,4.0,1.08,0.84,1.92,0.97,1.82,41.9,38.9,30.2,69.1,1.1,0.8,1.9,1.02,1.82,Ligue 1,2020-2021,12683680850395737
16,Brest,26,24.9,49.3,38,418,3420,38.0,47,31,44,3,4,62.0,4.0,1.24,0.82,2.05,1.16,1.97,47.5,44.4,33.7,78.2,1.25,0.89,2.14,1.17,2.06,Ligue 1,2020-2021,27328509848090670
17,Brighton,27,25.8,51.3,38,418,3420,38.0,39,24,33,6,9,49.0,6.0,1.03,0.63,1.66,0.87,1.5,51.6,44.8,33.0,77.8,1.36,0.87,2.23,1.18,2.05,Premier League,2020-2021,49072214318111932
18,Burnley,25,28.3,41.7,38,418,3420,38.0,32,20,29,3,3,48.0,0.0,0.84,0.53,1.37,0.76,1.29,39.9,37.6,27.1,64.8,1.05,0.71,1.76,0.99,1.7,Premier League,2020-2021,21823480134907726
19,Cádiz,34,28.8,34.3,38,418,3420,38.0,33,16,29,4,4,81.0,3.0,0.87,0.42,1.29,0.76,1.18,34.0,31.0,19.0,50.0,0.89,0.5,1.39,0.82,1.31,La Liga,2020-2021,1007679934589500
20,Cagliari,32,26.5,44.6,38,418,3420,38.0,43,30,39,4,5,77.0,3.0,1.13,0.79,1.92,1.03,1.82,45.5,41.8,30.6,72.4,1.2,0.81,2.0,1.1,1.91,Serie A,2020-2021,32968728316179674
21,Celta Vigo,30,26.6,53.7,38,418,3420,38.0,55,39,48,7,7,109.0,5.0,1.45,1.03,2.47,1.26,2.29,47.7,42.4,33.2,75.6,1.25,0.87,2.13,1.11,1.99,La Liga,2020-2021,14218303985450920
22,Chelsea,27,26.0,61.4,38,418,3420,38.0,56,38,48,8,10,51.0,3.0,1.47,1.0,2.47,1.26,2.26,64.0,56.4,42.4,98.8,1.68,1.12,2.8,1.48,2.6,Premier League,2020-2021,58172670324373785
23,Crotone,31,27.8,46.4,38,418,3420,38.0,44,27,35,9,9,89.0,4.0,1.16,0.71,1.87,0.92,1.63,38.5,31.8,24.5,56.3,1.01,0.64,1.66,0.84,1.48,Serie A,2020-2021,33431629624225246
24,Crystal Palace,24,29.1,40.1,38,418,3420,38.0,39,29,36,3,4,56.0,2.0,1.03,0.76,1.79,0.95,1.71,32.4,29.5,20.9,50.4,0.85,0.55,1.4,0.78,1.33,Premier League,2020-2021,15352059381074619
25,Dijon,33,25.7,46.2,38,418,3420,38.0,25,15,22,3,5,76.0,5.0,0.66,0.39,1.05,0.58,0.97,31.5,27.7,20.3,48.0,0.83,0.53,1.36,0.73,1.26,Ligue 1,2020-2021,59239312409540653
26,Dortmund,26,25.6,59.8,34,374,3060,34.0,74,57,71,3,7,44.0,1.0,2.18,1.68,3.85,2.09,3.76,68.6,62.9,51.0,113.9,2.02,1.5,3.52,1.85,3.35,Bundesliga,2020-2021,6921931827204601
27,Eibar,30,28.2,49.6,38,418,3420,38.0,29,20,25,4,9,71.0,3.0,0.76,0.53,1.29,0.66,1.18,41.5,34.7,26.2,60.8,1.09,0.69,1.78,0.91,1.6,La Liga,2020-2021,67267904110326262
28,Eint Frankfurt,25,27.2,54.0,34,374,3060,34.0,63,52,55,8,8,82.0,1.0,1.85,1.53,3.38,1.62,3.15,56.1,50.0,43.1,93.1,1.65,1.27,2.92,1.47,2.74,Bundesliga,2020-2021,37929111009288632
29,Elche,30,28.1,47.6,38,418,3420,38.0,33,25,31,2,3,99.0,3.0,0.87,0.66,1.53,0.82,1.47,30.5,28.2,21.9,50.1,0.8,0.58,1.38,0.74,1.32,La Liga,2020-2021,30674441257210497
30,Everton,29,26.3,46.5,38,418,3420,38.0,45,32,41,4,5,59.0,2.0,1.18,0.84,2.03,1.08,1.92,47.2,43.5,32.9,76.4,1.24,0.87,2.11,1.14,2.01,Premier League,2020-2021,57482013681231466
31,Fiorentina,30,26.6,46.2,38,418,3420,38.0,44,31,38,6,6,86.0,5.0,1.16,0.82,1.97,1.0,1.82,45.2,40.7,30.5,71.2,1.19,0.8,1.99,1.07,1.87,Serie A,2020-2021,24325362613855847
32,Freiburg,24,26.2,47.0,34,374,3060,34.0,51,34,45,6,6,62.0,0.0,1.5,1.0,2.5,1.32,2.32,46.2,41.7,29.2,70.9,1.36,0.86,2.22,1.23,2.09,Bundesliga,2020-2021,17577284562417651
33,Fulham,28,25.2,49.9,38,418,3420,38.0,26,18,23,3,6,67.0,3.0,0.68,0.47,1.16,0.61,1.08,41.3,36.8,27.8,64.6,1.09,0.73,1.82,0.97,1.7,Premier League,2020-2021,19227944656237519
34,Genoa,34,28.3,44.7,38,418,3420,38.0,46,32,42,4,4,87.0,2.0,1.21,0.84,2.05,1.11,1.95,37.8,34.8,25.1,59.9,0.99,0.66,1.66,0.92,1.58,Serie A,2020-2021,87033800759594150
35,Getafe,31,26.7,42.8,38,418,3420,38.0,27,14,24,3,5,120.0,7.0,0.71,0.37,1.08,0.63,1.0,32.7,28.9,20.1,48.9,0.86,0.53,1.39,0.76,1.29,La Liga,2020-2021,23789167582387071
36,Granada,34,27.4,41.0,38,418,3420,38.0,46,30,43,3,5,97.0,6.0,1.21,0.79,2.0,1.13,1.92,39.5,35.9,23.8,59.6,1.04,0.63,1.67,0.94,1.57,La Liga,2020-2021,45137124328012624
37,Hellas Verona,32,26.2,49.8,38,418,3420,38.0,38,30,35,3,3,91.0,1.0,1.0,0.79,1.79,0.92,1.71,43.5,41.3,31.1,72.4,1.15,0.82,1.97,1.09,1.91,Serie A,2020-2021,45227680351245381
38,Hertha BSC,32,25.4,49.4,34,374,3060,34.0,40,29,36,4,6,67.0,3.0,1.18,0.85,2.03,1.06,1.91,42.4,37.9,29.8,67.7,1.25,0.88,2.13,1.11,1.99,Bundesliga,2020-2021,59737400018465050
39,Hoffenheim,30,25.7,51.1,34,374,3060,34.0,51,38,46,5,6,68.0,4.0,1.5,1.12,2.62,1.35,2.47,51.8,47.3,35.9,83.2,1.52,1.06,2.58,1.39,2.45,Bundesliga,2020-2021,29322720181807625
40,Huesca,27,28.0,48.3,38,418,3420,38.0,32,23,29,3,4,69.0,2.0,0.84,0.61,1.45,0.76,1.37,35.3,32.5,23.8,56.2,0.93,0.63,1.55,0.85,1.48,La Liga,2020-2021,16593090704373522
41,Inter,25,27.7,52.4,38,418,3420,38.0,84,62,76,8,9,61.0,2.0,2.21,1.63,3.84,2.0,3.63,74.8,68.0,53.4,121.4,1.97,1.4,3.37,1.79,3.19,Serie A,2020-2021,53198597771575973
42,Juventus,30,27.7,57.1,38,418,3420,38.0,76,59,68,8,10,80.0,6.0,2.0,1.55,3.55,1.79,3.34,74.2,66.7,51.4,118.1,1.95,1.35,3.3,1.76,3.11,Serie A,2020-2021,19371054131726661
43,Köln,28,24.9,46.3,36,374,3060,34.0,33,23,29,4,6,63.0,1.0,0.97,0.68,1.65,0.85,1.53,39.1,34.7,24.6,59.3,1.15,0.72,1.88,1.02,1.74,Bundesliga,2020-2021,39731782814123330
44,Lazio,30,29.4,53.1,38,418,3420,38.0,59,40,53,6,10,107.0,5.0,1.55,1.05,2.61,1.39,2.45,59.8,52.4,40.2,92.7,1.57,1.06,2.63,1.38,2.44,Serie A,2020-2021,90751438076496109
45,Leeds United,23,26.1,57.6,38,418,3420,38.0,60,45,56,4,4,61.0,1.0,1.58,1.18,2.76,1.47,2.66,57.5,54.5,42.5,97.0,1.51,1.12,2.63,1.43,2.55,Premier League,2020-2021,34570153325607342
46,Leicester City,27,26.5,54.6,38,418,3420,38.0,64,45,54,10,12,61.0,0.0,1.68,1.18,2.87,1.42,2.61,56.0,46.9,33.1,80.0,1.47,0.87,2.35,1.23,2.11,Premier League,2020-2021,18776461863573874
47,Lens,27,26.4,51.4,38,418,3420,38.0,53,35,43,10,12,94.0,7.0,1.39,0.92,2.32,1.13,2.05,56.0,46.9,34.7,81.6,1.47,0.91,2.39,1.23,2.15,Ligue 1,2020-2021,74951719010833888
48,Levante,29,28.0,52.4,38,418,3420,38.0,45,35,42,3,6,68.0,1.0,1.18,0.92,2.11,1.11,2.03,41.0,36.4,28.5,64.9,1.08,0.75,1.83,0.96,1.71,La Liga,2020-2021,1566092639264277
49,Leverkusen,30,25.4,59.9,34,374,3060,34.0,52,41,49,3,3,58.0,0.0,1.53,1.21,2.74,1.44,2.65,47.2,45.0,33.8,78.8,1.39,0.99,2.38,1.32,2.32,Bundesliga,2020-2021,36794408106212849
50,Lille,21,25.4,53.9,38,418,3420,38.0,62,39,57,5,5,68.0,2.0,1.63,1.03,2.66,1.5,2.53,50.0,46.2,36.1,82.4,1.32,0.95,2.27,1.22,2.17,Ligue 1,2020-2021,85603837513355486
51,Liverpool,28,26.8,62.4,38,418,3420,38.0,65,43,59,6,6,40.0,0.0,1.71,1.13,2.84,1.55,2.68,72.6,68.1,50.0,118.1,1.91,1.32,3.23,1.79,3.11,Premier League,2020-2021,41956650829873911
52,Lorient,27,26.8,44.6,38,418,3420,38.0,48,26,39,9,10,69.0,3.0,1.26,0.68,1.95,1.03,1.71,48.8,41.6,31.2,72.7,1.29,0.82,2.11,1.09,1.91,Ligue 1,2020-2021,37325341301512527
53,Lyon,29,25.8,54.9,38,418,3420,38.0,76,46,65,11,11,66.0,10.0,2.0,1.21,3.21,1.71,2.92,84.6,76.4,55.0,131.5,2.23,1.45,3.67,2.01,3.46,Ligue 1,2020-2021,87005642993871754
54,M'Gladbach,23,26.9,51.9,34,374,3060,34.0,63,44,53,10,11,61.0,2.0,1.85,1.29,3.15,1.56,2.85,55.2,47.0,34.6,81.7,1.62,1.02,2.64,1.38,2.4,Bundesliga,2020-2021,81611584009946193
55,Mainz 05,31,25.8,40.5,34,374,3060,34.0,39,23,34,5,5,63.0,1.0,1.15,0.68,1.82,1.0,1.68,47.1,43.4,34.7,78.1,1.39,1.02,2.41,1.28,2.3,Bundesliga,2020-2021,71158960989778912
56,Manchester City,24,26.1,63.9,38,418,3420,38.0,82,55,77,5,9,46.0,2.0,2.16,1.45,3.61,2.03,3.47,73.3,66.6,51.0,117.5,1.93,1.34,3.27,1.75,3.09,Premier League,2020-2021,74026506610392765
57,Manchester Utd,29,25.6,55.8,38,418,3420,38.0,70,51,60,10,11,64.0,1.0,1.84,1.34,3.18,1.58,2.92,60.2,51.9,40.5,92.4,1.58,1.07,2.65,1.37,2.43,Premier League,2020-2021,29078730489839024
58,Marseille,31,27.2,53.9,38,418,3420,38.0,53,45,49,4,7,98.0,9.0,1.39,1.18,2.58,1.29,2.47,47.5,42.2,34.5,76.7,1.25,0.91,2.16,1.11,2.02,Ligue 1,2020-2021,66190039714113630
59,Metz,27,25.7,45.3,38,418,3420,38.0,42,28,35,7,11,84.0,4.0,1.11,0.74,1.84,0.92,1.66,41.3,33.2,25.6,58.8,1.09,0.67,1.76,0.87,1.55,Ligue 1,2020-2021,14635757597311544
60,Milan,29,24.4,51.9,38,418,3420,38.0,72,47,57,15,20,83.0,4.0,1.89,1.24,3.13,1.5,2.74,71.2,56.6,43.4,100.0,1.87,1.14,3.02,1.49,2.63,Serie A,2020-2021,59378513948613436
61,Monaco,30,24.8,56.0,38,418,3420,38.0,76,52,64,12,15,78.0,7.0,2.0,1.37,3.37,1.68,3.05,66.9,55.4,44.7,100.1,1.76,1.18,2.94,1.46,2.63,Ligue 1,2020-2021,79093238158793616
62,Montpellier,25,28.0,45.3,38,418,3420,38.0,60,42,58,2,5,65.0,7.0,1.58,1.11,2.68,1.53,2.63,47.9,44.2,30.7,74.9,1.26,0.81,2.07,1.16,1.97,Ligue 1,2020-2021,32434714471076965
63,Nantes,25,25.8,43.7,40,418,3420,38.0,47,28,39,8,9,70.0,4.0,1.24,0.74,1.97,1.03,1.76,48.9,42.1,26.7,68.8,1.29,0.7,1.99,1.11,1.81,Ligue 1,2020-2021,25802633648495862
64,Napoli,25,27.1,55.2,38,418,3420,38.0,83,56,76,7,8,76.0,3.0,2.18,1.47,3.66,2.0,3.47,67.7,61.5,45.5,107.0,1.78,1.2,2.98,1.62,2.82,Serie A,2020-2021,10516137814401134
65,Newcastle Utd,27,27.1,38.2,38,418,3420,38.0,44,26,38,6,7,65.0,3.0,1.16,0.68,1.84,1.0,1.68,41.0,35.5,26.1,61.6,1.08,0.69,1.77,0.93,1.62,Premier League,2020-2021,29528772732587842
66,Nice,31,23.5,54.5,38,418,3420,38.0,49,26,42,7,7,73.0,4.0,1.29,0.68,1.97,1.11,1.79,46.9,41.7,26.3,68.1,1.24,0.69,1.93,1.1,1.79,Ligue 1,2020-2021,11720969662561653
67,Nîmes,33,25.8,44.4,38,418,3420,38.0,40,26,33,7,8,60.0,5.0,1.05,0.68,1.74,0.87,1.55,41.4,35.8,27.3,63.1,1.09,0.72,1.81,0.94,1.66,Ligue 1,2020-2021,83514802313158576
68,Osasuna,28,27.9,43.1,38,418,3420,38.0,36,25,31,5,6,80.0,5.0,0.95,0.66,1.61,0.82,1.47,37.6,33.2,23.4,56.7,0.99,0.62,1.61,0.87,1.49,La Liga,2020-2021,83352675823776457
69,Paris S-G,33,26.7,63.5,38,418,3420,38.0,85,52,73,12,13,79.0,7.0,2.24,1.37,3.61,1.92,3.29,82.4,73.1,54.6,127.7,2.17,1.44,3.61,1.92,3.36,Ligue 1,2020-2021,11177590892093073
70,Parma,42,28.0,47.7,38,418,3420,38.0,39,26,34,5,5,91.0,1.0,1.03,0.68,1.71,0.89,1.58,40.0,36.2,28.6,64.9,1.05,0.75,1.81,0.95,1.71,Serie A,2020-2021,62695319081093388
71,RB Leipzig,25,25.0,60.0,34,374,3060,34.0,59,44,51,8,10,57.0,0.0,1.74,1.29,3.03,1.5,2.79,65.3,58.0,44.7,102.7,1.92,1.32,3.24,1.7,3.02,Bundesliga,2020-2021,68159208261559796
72,Real Madrid,30,27.9,59.7,38,418,3420,38.0,64,53,61,3,3,59.0,2.0,1.68,1.39,3.08,1.61,3.0,61.6,59.4,46.2,105.5,1.62,1.21,2.84,1.56,2.78,La Liga,2020-2021,29627131003986350
73,Real Sociedad,30,25.0,55.1,38,418,3420,38.0,58,39,49,9,12,81.0,1.0,1.53,1.03,2.55,1.29,2.32,60.4,51.6,39.2,90.7,1.59,1.03,2.62,1.36,2.39,La Liga,2020-2021,57299950304530590
74,Reims,29,24.6,44.8,38,418,3420,38.0,39,23,34,5,5,77.0,8.0,1.03,0.61,1.63,0.89,1.5,33.3,29.7,20.9,50.5,0.88,0.55,1.43,0.78,1.33,Ligue 1,2020-2021,67732085073987538
75,Rennes,32,25.5,59.5,38,418,3420,38.0,50,39,47,3,3,79.0,5.0,1.32,1.03,2.34,1.24,2.26,50.0,47.7,37.5,85.2,1.31,0.99,2.3,1.25,2.24,Ligue 1,2020-2021,96819424452761337
76,Roma,31,26.7,52.5,38,418,3420,38.0,67,51,60,7,8,91.0,3.0,1.76,1.34,3.11,1.58,2.92,68.9,62.9,49.2,112.2,1.81,1.3,3.11,1.66,2.95,Serie A,2020-2021,764736481564168
77,Saint-Étienne,40,25.4,48.3,38,418,3420,38.0,40,28,34,6,9,76.0,2.0,1.05,0.74,1.79,0.89,1.63,48.2,41.4,30.8,72.2,1.27,0.81,2.08,1.09,1.9,Ligue 1,2020-2021,56226069621228236
78,Sampdoria,27,27.9,45.1,38,418,3420,38.0,52,37,47,5,6,83.0,3.0,1.37,0.97,2.34,1.24,2.21,46.2,41.7,30.0,71.7,1.21,0.79,2.0,1.1,1.89,Serie A,2020-2021,89407679695143145
79,Sassuolo,28,26.5,60.8,38,418,3420,38.0,61,36,48,13,14,79.0,4.0,1.61,0.95,2.55,1.26,2.21,59.2,48.8,35.5,84.4,1.56,0.94,2.49,1.29,2.22,Serie A,2020-2021,79200252522790650
80,Schalke 04,42,25.9,44.6,34,374,3060,34.0,24,20,24,0,3,74.0,2.0,0.71,0.59,1.29,0.71,1.29,27.0,24.5,18.3,42.9,0.79,0.54,1.33,0.72,1.26,Bundesliga,2020-2021,24345039935475884
81,Sevilla,26,28.1,61.2,38,418,3420,38.0,52,36,46,6,7,79.0,2.0,1.37,0.95,2.32,1.21,2.16,50.9,45.6,34.8,80.4,1.34,0.92,2.26,1.2,2.12,La Liga,2020-2021,22702270477938803
82,Sheffield Utd,27,26.7,41.5,38,418,3420,38.0,19,13,16,3,4,73.0,3.0,0.5,0.34,0.84,0.42,0.76,31.4,28.4,22.6,51.0,0.83,0.6,1.42,0.75,1.34,Premier League,2020-2021,93216768512646707
83,Southampton,29,26.6,52.2,38,418,3420,38.0,47,33,42,5,6,52.0,3.0,1.24,0.87,2.11,1.11,1.97,42.4,37.9,27.4,65.4,1.12,0.72,1.84,1.0,1.72,Premier League,2020-2021,21037626007536306
84,Spezia,35,25.2,52.2,38,418,3420,38.0,52,37,48,4,5,100.0,5.0,1.37,0.97,2.34,1.26,2.24,46.7,42.9,28.9,71.8,1.23,0.76,1.99,1.13,1.89,Serie A,2020-2021,41730244034743257
85,Strasbourg,26,26.8,45.6,38,418,3420,38.0,49,26,39,10,12,58.0,3.0,1.29,0.68,1.97,1.03,1.71,52.6,43.3,30.0,73.2,1.38,0.79,2.17,1.14,1.93,Ligue 1,2020-2021,92234479374253707
86,Stuttgart,29,24.1,51.5,34,374,3060,34.0,54,42,48,6,8,65.0,2.0,1.59,1.24,2.82,1.41,2.65,53.2,47.1,38.1,85.1,1.56,1.12,2.68,1.38,2.5,Bundesliga,2020-2021,81761661302668293
87,Torino,29,26.9,47.2,38,418,3420,38.0,49,28,44,5,6,78.0,4.0,1.29,0.74,2.03,1.16,1.89,50.2,45.5,32.5,78.1,1.32,0.86,2.18,1.2,2.05,Serie A,2020-2021,21846272194836439
88,Tottenham,24,27.2,51.7,38,418,3420,38.0,66,50,61,5,5,57.0,2.0,1.74,1.32,3.05,1.61,2.92,54.5,50.7,35.5,86.2,1.43,0.93,2.37,1.33,2.27,Premier League,2020-2021,22006624071753704
89,Udinese,33,27.2,46.1,38,418,3420,38.0,40,30,36,4,4,65.0,2.0,1.05,0.79,1.84,0.95,1.74,42.9,40.1,27.3,67.4,1.13,0.72,1.85,1.05,1.77,Serie A,2020-2021,48393495896639342
90,Union Berlin,27,27.3,44.9,34,374,3060,34.0,50,39,45,5,7,57.0,2.0,1.47,1.15,2.62,1.32,2.47,45.8,40.4,31.1,71.5,1.35,0.91,2.26,1.19,2.1,Bundesliga,2020-2021,71630543971501382
91,Valencia,30,25.2,46.9,38,418,3420,38.0,48,35,40,8,10,82.0,5.0,1.26,0.92,2.18,1.05,1.97,43.9,36.4,27.2,63.6,1.15,0.72,1.87,0.96,1.67,La Liga,2020-2021,65158650443085242
92,Valladolid,32,28.1,45.1,38,418,3420,38.0,34,21,27,7,8,93.0,4.0,0.89,0.55,1.45,0.71,1.26,37.1,31.2,22.1,53.3,0.98,0.58,1.56,0.82,1.4,La Liga,2020-2021,44089518275887893
93,Villarreal,29,28.0,55.6,38,418,3420,38.0,57,33,45,12,13,67.0,5.0,1.5,0.87,2.37,1.18,2.05,58.0,48.3,40.5,88.9,1.53,1.07,2.59,1.27,2.34,La Liga,2020-2021,63335634096533483
94,Werder Bremen,27,26.3,43.8,34,374,3060,34.0,35,25,30,5,5,67.0,3.0,1.03,0.74,1.76,0.88,1.62,33.8,30.0,21.5,51.5,0.99,0.63,1.63,0.88,1.52,Bundesliga,2020-2021,59303898890876434
95,West Brom,30,26.4,37.6,38,418,3420,38.0,33,20,29,4,4,51.0,4.0,0.87,0.53,1.39,0.76,1.29,33.8,30.7,21.2,52.0,0.89,0.56,1.45,0.81,1.37,Premier League,2020-2021,26775906631723373
96,West Ham,24,27.8,42.9,38,418,3420,38.0,60,46,58,2,4,50.0,3.0,1.58,1.21,2.79,1.53,2.74,53.9,50.7,36.8,87.5,1.42,0.97,2.39,1.33,2.3,Premier League,2020-2021,57680956417459581
97,Wolfsburg,26,25.6,51.4,34,374,3060,34.0,57,48,55,2,3,58.0,3.0,1.68,1.41,3.09,1.62,3.03,49.5,47.4,37.6,85.0,1.45,1.11,2.56,1.39,2.5,Bundesliga,2020-2021,85159484018358879
98,Wolves,27,26.3,49.3,38,418,3420,38.0,34,21,30,4,4,55.0,1.0,0.89,0.55,1.45,0.79,1.34,39.9,36.8,26.4,63.3,1.05,0.7,1.74,0.97,1.66,Premier League,2020-2021,24001928852251903
1,Alavés,32,27.6,41.1,38,418,3420,38.0,34,20,28,6,6,111.0,7.0,0.89,0.53,1.42,0.74,1.26,37.0,32.5,23.5,56.1,0.97,0.62,1.59,0.86,1.48,La Liga,2019-2020,37745278530914180
2,Amiens,27,27.4,45.5,28,308,2520,28.0,31,20,28,3,5,57.0,4.0,1.11,0.71,1.82,1.0,1.71,26.7,22.8,16.7,39.5,0.95,0.6,1.55,0.81,1.41,Ligue 1,2019-2020,20069478421376018
3,Angers,26,28.0,45.1,28,308,2520,28.0,27,21,26,1,1,42.0,2.0,0.96,0.75,1.71,0.93,1.68,27.0,26.3,20.2,46.5,0.96,0.72,1.69,0.94,1.66,Ligue 1,2019-2020,66587352409382849
4,Arsenal,29,25.8,54.0,38,418,3420,38.0,56,35,53,3,3,88.0,5.0,1.47,0.92,2.39,1.39,2.32,49.2,46.9,29.9,76.9,1.3,0.79,2.08,1.24,2.02,Premier League,2019-2020,5838645288327307
5,Aston Villa,28,25.7,43.9,38,418,3420,38.0,40,32,39,1,3,70.0,1.0,1.05,0.84,1.89,1.03,1.87,40.1,37.7,30.4,68.1,1.05,0.8,1.85,0.99,1.79,Premier League,2019-2020,14348480492050895
6,Atalanta,30,27.2,57.8,38,418,3420,38.0,96,68,89,7,10,80.0,2.0,2.53,1.79,4.32,2.34,4.13,81.8,74.2,53.5,127.7,2.15,1.41,3.56,1.95,3.36,Serie A,2019-2020,87465877057901989
7,Athletic Club,26,26.7,48.7,38,418,3420,38.0,40,23,32,8,10,90.0,2.0,1.05,0.61,1.66,0.84,1.45,38.5,31.0,23.6,54.6,1.01,0.62,1.64,0.81,1.44,La Liga,2019-2020,4823083458145023
8,Atlético Madrid,30,26.1,48.5,38,418,3420,38.0,50,35,44,6,8,93.0,3.0,1.32,0.92,2.24,1.16,2.08,52.6,46.5,34.4,80.9,1.38,0.9,2.29,1.22,2.13,La Liga,2019-2020,74713976168286555
9,Augsburg,28,26.2,38.1,34,374,3060,34.0,45,29,42,3,5,68.0,2.0,1.32,0.85,2.18,1.24,2.09,42.1,38.2,26.2,64.4,1.24,0.77,2.01,1.12,1.9,Bundesliga,2019-2020,82828683183786310
10,Barcelona,28,27.8,66.9,38,418,3420,38.0,84,62,78,6,6,92.0,6.0,2.21,1.63,3.84,2.05,3.68,66.2,61.8,48.2,110.0,1.74,1.27,3.01,1.63,2.89,La Liga,2019-2020,81744823723090567
11,Bayern Munich,29,26.7,65.6,34,374,3060,34.0,97,75,91,6,6,54.0,3.0,2.85,2.21,5.06,2.68,4.88,82.3,77.8,64.2,142.0,2.42,1.89,4.31,2.29,4.18,Bundesliga,2019-2020,7510926916741648
12,Betis,27,27.5,57.1,38,418,3420,38.0,48,35,42,6,8,108.0,9.0,1.26,0.92,2.18,1.11,2.03,47.3,41.4,32.3,73.7,1.24,0.85,2.1,1.09,1.94,La Liga,2019-2020,9423348454032625
13,Bologna,31,27.2,52.9,38,418,3420,38.0,48,31,43,5,6,109.0,7.0,1.26,0.82,2.08,1.13,1.95,53.1,48.5,36.3,84.8,1.4,0.95,2.35,1.28,2.23,Serie A,2019-2020,23275147453355121
14,Bordeaux,26,26.9,53.9,28,308,2520,28.0,40,29,38,2,2,55.0,0.0,1.43,1.04,2.46,1.36,2.39,29.7,28.3,21.4,49.7,1.06,0.76,1.83,1.01,1.77,Ligue 1,2019-2020,12683680850395737
15,Bournemouth,27,25.2,43.8,38,418,3420,38.0,38,24,34,4,4,78.0,3.0,1.0,0.63,1.63,0.89,1.53,42.7,39.7,27.4,67.0,1.12,0.72,1.84,1.04,1.76,Premier League,2019-2020,36088947257895306
16,Brescia,32,25.6,40.3,38,418,3420,38.0,34,22,30,4,4,95.0,6.0,0.89,0.58,1.47,0.79,1.37,42.4,39.4,25.4,64.8,1.12,0.67,1.79,1.04,1.71,Serie A,2019-2020,24926529561002350
17,Brest,24,26.1,49.7,28,308,2520,28.0,32,27,31,1,5,45.0,2.0,1.14,0.96,2.11,1.11,2.07,30.2,26.4,21.0,47.3,1.08,0.75,1.83,0.94,1.69,Ligue 1,2019-2020,27328509848090670
18,Brighton,25,26.4,52.2,38,418,3420,38.0,35,24,34,1,2,59.0,2.0,0.92,0.63,1.55,0.89,1.53,41.2,39.7,26.5,66.2,1.08,0.7,1.78,1.04,1.74,Premier League,2019-2020,49072214318111932
19,Burnley,22,28.0,41.4,38,418,3420,38.0,41,30,38,3,3,67.0,0.0,1.08,0.79,1.87,1.0,1.79,43.9,41.6,27.2,68.8,1.15,0.72,1.87,1.09,1.81,Premier League,2019-2020,21823480134907726
20,Cagliari,33,27.4,45.5,38,418,3420,38.0,50,34,46,4,6,108.0,6.0,1.32,0.89,2.21,1.21,2.11,41.4,36.7,28.5,65.2,1.09,0.75,1.84,0.97,1.72,Serie A,2019-2020,32968728316179674
21,Celta Vigo,30,25.8,51.9,38,418,3420,38.0,37,26,31,6,9,104.0,6.0,0.97,0.68,1.66,0.82,1.5,37.7,30.9,24.9,55.8,0.99,0.65,1.65,0.81,1.47,La Liga,2019-2020,14218303985450920
22,Chelsea,27,25.5,60.7,38,418,3420,38.0,69,46,62,7,7,60.0,0.0,1.82,1.21,3.03,1.63,2.84,66.6,61.7,46.2,107.9,1.75,1.22,2.97,1.62,2.84,Premier League,2019-2020,58172670324373785
23,Crystal Palace,25,29.4,44.5,38,418,3420,38.0,29,20,26,3,3,62.0,2.0,0.76,0.53,1.29,0.68,1.21,34.0,31.9,23.6,55.5,0.9,0.62,1.52,0.84,1.46,Premier League,2019-2020,15352059381074619
24,Dijon,28,26.9,46.5,28,308,2520,28.0,26,17,25,1,1,43.0,2.0,0.93,0.61,1.54,0.89,1.5,28.9,28.2,21.3,49.5,1.03,0.76,1.79,1.01,1.77,Ligue 1,2019-2020,59239312409540653
25,Dortmund,27,25.8,61.0,34,374,3060,34.0,84,74,82,2,2,49.0,1.0,2.47,2.18,4.65,2.41,4.59,59.2,57.9,47.1,105.1,1.74,1.39,3.13,1.7,3.09,Bundesliga,2019-2020,6921931827204601
26,Düsseldorf,28,27.1,45.4,34,374,3060,34.0,36,26,32,4,4,78.0,0.0,1.06,0.76,1.82,0.94,1.71,33.0,30.0,21.8,51.8,0.97,0.64,1.61,0.88,1.52,Bundesliga,2019-2020,6414184432322702
27,Eibar,26,29.3,46.3,38,418,3420,38.0,38,24,31,7,10,92.0,3.0,1.0,0.63,1.63,0.82,1.45,41.4,33.8,23.7,57.5,1.09,0.62,1.71,0.89,1.51,La Liga,2019-2020,67267904110326262
28,Eint Frankfurt,27,27.0,51.0,34,374,3060,34.0,57,45,55,2,2,71.0,4.0,1.68,1.32,3.0,1.62,2.94,52.5,51.0,38.3,89.4,1.54,1.13,2.67,1.5,2.63,Bundesliga,2019-2020,37929111009288632
29,Espanyol,31,27.7,47.3,38,418,3420,38.0,25,17,21,4,4,107.0,9.0,0.66,0.45,1.11,0.55,1.0,33.0,30.1,22.7,52.8,0.87,0.6,1.47,0.79,1.39,La Liga,2019-2020,71314269182841176
30,Everton,24,25.5,49.2,38,418,3420,38.0,42,32,41,1,1,76.0,3.0,1.11,0.84,1.95,1.08,1.92,49.3,48.5,30.9,79.4,1.3,0.81,2.11,1.28,2.09,Premier League,2019-2020,57482013681231466
31,Fiorentina,33,25.1,47.3,38,418,3420,38.0,49,30,40,9,11,105.0,5.0,1.29,0.79,2.08,1.05,1.84,54.7,46.7,35.7,82.4,1.44,0.94,2.38,1.23,2.17,Serie A,2019-2020,24325362613855847
32,Freiburg,26,26.4,47.9,34,374,3060,34.0,46,27,41,5,6,43.0,2.0,1.35,0.79,2.15,1.21,2.0,41.7,37.2,27.7,64.9,1.23,0.81,2.04,1.09,1.91,Bundesliga,2019-2020,17577284562417651
33,Genoa,34,26.8,49.5,38,418,3420,38.0,46,28,35,11,16,107.0,10.0,1.21,0.74,1.95,0.92,1.66,47.4,35.3,25.6,60.9,1.25,0.67,1.92,0.93,1.6,Serie A,2019-2020,87033800759594150
34,Getafe,30,27.5,44.6,38,418,3420,38.0,42,31,36,6,7,135.0,5.0,1.11,0.82,1.92,0.95,1.76,37.9,32.6,25.6,58.2,1.0,0.67,1.67,0.86,1.53,La Liga,2019-2020,23789167582387071
35,Granada,27,26.8,43.7,38,418,3420,38.0,50,34,45,5,5,109.0,1.0,1.32,0.89,2.21,1.18,2.08,40.9,37.1,24.9,62.0,1.08,0.66,1.73,0.98,1.63,La Liga,2019-2020,45137124328012624
36,Hellas Verona,30,26.1,49.8,38,418,3420,38.0,45,27,37,8,9,87.0,7.0,1.18,0.71,1.89,0.97,1.68,49.2,42.4,31.7,74.1,1.29,0.83,2.13,1.12,1.95,Serie A,2019-2020,45227680351245381
37,Hertha BSC,32,26.2,44.7,34,374,3060,34.0,46,35,43,3,3,77.0,4.0,1.35,1.03,2.38,1.26,2.29,40.6,38.3,29.3,67.7,1.19,0.86,2.06,1.13,1.99,Bundesliga,2019-2020,59737400018465050
38,Hoffenheim,31,26.0,51.9,34,374,3060,34.0,52,36,49,3,4,66.0,2.0,1.53,1.06,2.59,1.44,2.5,49.9,46.9,33.6,80.5,1.47,0.99,2.46,1.38,2.37,Bundesliga,2019-2020,29322720181807625
39,Inter,29,27.7,54.2,38,418,3420,38.0,80,57,70,10,11,104.0,6.0,2.11,1.5,3.61,1.84,3.34,72.3,63.8,45.7,109.5,1.9,1.2,3.1,1.68,2.88,Serie A,2019-2020,53198597771575973
40,Juventus,30,28.6,58.3,38,418,3420,38.0,73,47,60,13,14,87.0,3.0,1.92,1.24,3.16,1.58,2.82,68.7,58.1,43.9,102.0,1.81,1.16,2.96,1.53,2.69,Serie A,2019-2020,19371054131726661
41,Köln,29,25.6,46.7,34,374,3060,34.0,50,38,48,2,4,79.0,4.0,1.47,1.12,2.59,1.41,2.53,47.2,44.5,31.9,76.4,1.39,0.94,2.33,1.31,2.25,Bundesliga,2019-2020,39731782814123330
42,Lazio,27,27.9,50.5,38,418,3420,38.0,77,45,62,15,18,99.0,2.0,2.03,1.18,3.21,1.63,2.82,68.4,54.9,42.2,97.1,1.8,1.11,2.91,1.45,2.56,Serie A,2019-2020,90751438076496109
43,Lecce,30,28.7,44.6,38,418,3420,38.0,52,30,41,11,15,98.0,5.0,1.37,0.79,2.16,1.08,1.87,53.9,43.1,31.1,74.2,1.42,0.82,2.24,1.13,1.95,Serie A,2019-2020,92912790925867566
44,Leganés,29,26.9,43.8,38,418,3420,38.0,30,19,27,3,5,127.0,4.0,0.79,0.5,1.29,0.71,1.21,37.3,33.5,23.8,57.3,0.98,0.63,1.61,0.88,1.51,La Liga,2019-2020,20237473683555152
45,Leicester City,24,26.1,57.6,38,418,3420,38.0,65,48,60,5,7,43.0,3.0,1.71,1.26,2.97,1.58,2.84,61.6,56.2,44.0,100.3,1.62,1.16,2.78,1.48,2.64,Premier League,2019-2020,18776461863573874
46,Levante,29,27.7,48.4,38,418,3420,38.0,45,28,40,5,5,79.0,5.0,1.18,0.74,1.92,1.05,1.79,41.9,38.1,29.7,67.8,1.1,0.78,1.89,1.0,1.79,La Liga,2019-2020,1566092639264277
47,Leverkusen,24,26.1,63.8,34,374,3060,34.0,57,48,55,2,2,61.0,6.0,1.68,1.41,3.09,1.62,3.03,56.6,55.1,45.0,100.2,1.67,1.32,2.99,1.62,2.95,Bundesliga,2019-2020,36794408106212849
48,Lille,25,24.3,53.0,28,308,2520,28.0,35,25,30,5,8,49.0,3.0,1.25,0.89,2.14,1.07,1.96,39.7,33.6,24.9,58.5,1.42,0.89,2.31,1.2,2.09,Ligue 1,2019-2020,85603837513355486
49,Liverpool,24,26.6,63.4,38,418,3420,38.0,83,69,78,5,5,38.0,1.0,2.18,1.82,4.0,2.05,3.87,71.5,67.7,51.8,119.5,1.88,1.36,3.25,1.78,3.15,Premier League,2019-2020,41956650829873911
50,Lyon,27,24.8,56.4,28,308,2520,28.0,42,29,37,5,6,49.0,4.0,1.5,1.04,2.54,1.32,2.36,37.2,32.8,26.1,58.9,1.33,0.93,2.26,1.17,2.11,Ligue 1,2019-2020,87005642993871754
51,M'Gladbach,25,26.3,52.4,34,374,3060,34.0,64,53,60,4,6,77.0,3.0,1.88,1.56,3.44,1.76,3.32,66.4,61.7,49.4,111.2,1.95,1.45,3.41,1.82,3.27,Bundesliga,2019-2020,81611584009946193
52,Mainz 05,25,24.6,43.2,34,374,3060,34.0,42,34,39,3,3,75.0,3.0,1.24,1.0,2.24,1.15,2.15,44.3,42.2,32.0,74.1,1.3,0.94,2.24,1.24,2.18,Bundesliga,2019-2020,71158960989778912
53,Mallorca,32,26.8,44.6,38,418,3420,38.0,39,21,31,8,10,93.0,5.0,1.03,0.55,1.58,0.82,1.37,39.2,31.7,22.2,53.9,1.03,0.58,1.61,0.83,1.42,La Liga,2019-2020,96459977719332900
54,Manchester City,24,26.9,66.9,38,418,3420,38.0,100,69,94,6,11,64.0,4.0,2.63,1.82,4.45,2.47,4.29,93.0,84.6,66.2,150.8,2.45,1.74,4.19,2.23,3.97,Premier League,2019-2020,74026506610392765
55,Manchester Utd,29,24.8,56.2,38,418,3420,38.0,65,43,55,10,14,73.0,0.0,1.71,1.13,2.84,1.45,2.58,59.4,48.8,37.0,85.8,1.56,0.97,2.54,1.28,2.26,Premier League,2019-2020,29078730489839024
56,Marseille,23,27.1,54.0,28,308,2520,28.0,38,28,34,4,6,67.0,3.0,1.36,1.0,2.36,1.21,2.21,34.7,30.2,22.4,52.6,1.24,0.8,2.04,1.08,1.88,Ligue 1,2019-2020,66190039714113630
57,Metz,24,25.9,45.3,28,308,2520,28.0,27,20,25,2,4,45.0,4.0,0.96,0.71,1.68,0.89,1.61,27.3,24.3,18.0,42.3,0.98,0.64,1.62,0.87,1.51,Ligue 1,2019-2020,14635757597311544
58,Milan,32,24.6,55.1,38,418,3420,38.0,60,38,52,8,9,97.0,6.0,1.58,1.0,2.58,1.37,2.37,59.5,52.8,41.9,94.6,1.56,1.1,2.67,1.39,2.49,Serie A,2019-2020,59378513948613436
59,Monaco,28,26.0,50.8,28,308,2520,28.0,44,29,40,4,4,60.0,10.0,1.57,1.04,2.61,1.43,2.46,48.0,44.9,32.3,77.2,1.71,1.15,2.86,1.6,2.76,Ligue 1,2019-2020,79093238158793616
60,Montpellier,27,28.5,47.6,28,308,2520,28.0,33,19,31,2,5,55.0,5.0,1.18,0.68,1.86,1.11,1.79,32.0,28.2,20.2,48.3,1.14,0.72,1.86,1.01,1.73,Ligue 1,2019-2020,32434714471076965
61,Nantes,29,25.4,48.1,28,308,2520,28.0,23,16,21,2,2,51.0,2.0,0.82,0.57,1.39,0.75,1.32,27.8,26.4,21.5,47.9,0.99,0.77,1.76,0.94,1.71,Ligue 1,2019-2020,25802633648495862
62,Napoli,25,26.9,59.5,38,418,3420,38.0,60,45,55,5,5,73.0,2.0,1.58,1.18,2.76,1.45,2.63,62.4,58.6,47.5,106.1,1.64,1.25,2.89,1.54,2.79,Serie A,2019-2020,10516137814401134
63,Newcastle Utd,28,26.5,38.6,38,418,3420,38.0,38,29,38,0,1,66.0,3.0,1.0,0.76,1.76,1.0,1.76,33.1,32.3,23.2,55.6,0.87,0.61,1.48,0.85,1.46,Premier League,2019-2020,29528772732587842
64,Nice,31,23.9,55.0,28,308,2520,28.0,41,30,36,5,5,54.0,7.0,1.46,1.07,2.54,1.29,2.36,35.2,31.6,21.2,52.8,1.26,0.76,2.02,1.13,1.88,Ligue 1,2019-2020,11720969662561653
65,Nîmes,28,25.4,44.6,28,308,2520,28.0,29,20,27,2,2,41.0,6.0,1.04,0.71,1.75,0.96,1.68,29.6,28.1,21.2,49.3,1.06,0.76,1.82,1.0,1.76,Ligue 1,2019-2020,83514802313158576
66,Norwich City,30,26.0,49.3,38,418,3420,38.0,25,18,23,2,2,68.0,3.0,0.66,0.47,1.13,0.61,1.08,38.0,36.6,26.1,62.7,1.0,0.69,1.69,0.96,1.65,Premier League,2019-2020,42809968147687487
67,Osasuna,31,27.7,47.5,38,418,3420,38.0,46,26,38,8,8,110.0,6.0,1.21,0.68,1.89,1.0,1.68,44.5,38.4,29.0,67.4,1.17,0.76,1.93,1.01,1.77,La Liga,2019-2020,83352675823776457
68,Paderborn 07,27,25.7,45.7,34,374,3060,34.0,37,26,35,2,4,84.0,3.0,1.09,0.76,1.85,1.03,1.79,38.4,35.4,24.1,59.5,1.13,0.71,1.84,1.04,1.75,Bundesliga,2019-2020,13210847894253626
69,Paris S-G,31,27.2,65.6,27,297,2430,27.0,71,51,65,6,8,50.0,1.0,2.63,1.89,4.52,2.41,4.3,70.9,64.8,50.8,115.6,2.63,1.88,4.51,2.4,4.28,Ligue 1,2019-2020,11177590892093073
70,Parma,25,28.8,43.6,38,418,3420,38.0,53,38,49,4,6,81.0,1.0,1.39,1.0,2.39,1.29,2.29,46.6,42.1,31.1,73.1,1.23,0.82,2.04,1.11,1.92,Serie A,2019-2020,62695319081093388
71,RB Leipzig,29,24.2,55.5,34,374,3060,34.0,81,58,76,5,5,53.0,3.0,2.38,1.71,4.09,2.24,3.94,71.0,67.4,52.4,119.8,2.09,1.54,3.63,1.98,3.52,Bundesliga,2019-2020,68159208261559796
72,Real Madrid,26,27.6,59.1,38,418,3420,38.0,70,52,59,11,11,82.0,4.0,1.84,1.37,3.21,1.55,2.92,63.4,55.0,44.1,99.1,1.67,1.16,2.83,1.45,2.61,La Liga,2019-2020,29627131003986350
73,Real Sociedad,27,24.8,56.6,38,418,3420,38.0,53,38,49,4,5,79.0,2.0,1.39,1.0,2.39,1.29,2.29,45.2,41.5,32.6,74.1,1.19,0.86,2.05,1.09,1.95,La Liga,2019-2020,57299950304530590
74,Reims,26,25.3,48.8,28,308,2520,28.0,25,16,20,5,5,52.0,5.0,0.89,0.57,1.46,0.71,1.29,28.4,24.7,18.4,43.1,1.01,0.66,1.67,0.88,1.54,Ligue 1,2019-2020,67732085073987538
75,Rennes,26,25.5,49.8,28,308,2520,28.0,37,26,34,3,5,51.0,1.0,1.32,0.93,2.25,1.21,2.14,36.3,32.5,23.6,56.1,1.3,0.84,2.14,1.16,2.0,Ligue 1,2019-2020,96819424452761337
76,Roma,31,26.9,52.9,38,418,3420,38.0,73,47,61,12,14,111.0,7.0,1.92,1.24,3.16,1.61,2.84,72.6,62.2,47.3,109.5,1.91,1.24,3.15,1.64,2.88,Serie A,2019-2020,764736481564168
77,Saint-Étienne,31,27.0,48.0,28,308,2520,28.0,28,20,23,5,5,59.0,3.0,1.0,0.71,1.71,0.82,1.54,28.8,25.1,18.2,43.3,1.03,0.65,1.68,0.9,1.55,Ligue 1,2019-2020,56226069621228236
78,Sampdoria,31,26.0,42.4,38,418,3420,38.0,48,25,39,9,12,111.0,7.0,1.26,0.66,1.92,1.03,1.68,51.2,42.0,30.2,72.3,1.35,0.8,2.14,1.11,1.9,Serie A,2019-2020,89407679695143145
79,Sassuolo,31,26.4,57.8,38,418,3420,38.0,69,49,64,5,6,99.0,3.0,1.82,1.29,3.11,1.68,2.97,56.0,51.4,39.4,90.8,1.47,1.04,2.51,1.35,2.39,Serie A,2019-2020,79200252522790650
80,Schalke 04,29,24.6,49.0,34,374,3060,34.0,35,25,33,2,2,64.0,2.0,1.03,0.74,1.76,0.97,1.71,35.4,33.8,25.0,58.8,1.04,0.73,1.77,1.0,1.73,Bundesliga,2019-2020,24345039935475884
81,Sevilla,26,27.7,58.4,38,418,3420,38.0,53,35,46,7,7,97.0,1.0,1.39,0.92,2.32,1.21,2.13,47.1,42.0,32.5,74.5,1.24,0.86,2.1,1.11,1.96,La Liga,2019-2020,22702270477938803
82,Sheffield Utd,26,26.9,43.1,38,418,3420,38.0,36,25,35,1,1,63.0,2.0,0.95,0.66,1.61,0.92,1.58,41.5,40.8,31.5,72.3,1.09,0.83,1.92,1.07,1.9,Premier League,2019-2020,93216768512646707
83,Southampton,25,25.9,49.3,38,418,3420,38.0,51,32,49,2,5,55.0,4.0,1.34,0.84,2.18,1.29,2.13,54.0,50.0,31.4,81.5,1.42,0.83,2.25,1.32,2.14,Premier League,2019-2020,21037626007536306
84,SPAL,34,27.5,46.8,38,418,3420,38.0,27,17,22,5,7,98.0,4.0,0.71,0.45,1.16,0.58,1.03,39.1,33.8,23.1,56.9,1.03,0.61,1.64,0.89,1.5,Serie A,2019-2020,73622612860183040
85,Strasbourg,25,25.8,49.7,27,297,2430,27.0,32,21,29,3,4,46.0,1.0,1.19,0.78,1.96,1.07,1.85,34.9,31.9,23.6,55.5,1.29,0.87,2.17,1.18,2.06,Ligue 1,2019-2020,92234479374253707
86,Torino,27,27.3,47.5,38,418,3420,38.0,44,29,37,7,8,96.0,7.0,1.16,0.76,1.92,0.97,1.74,42.4,37.1,26.6,63.7,1.12,0.7,1.82,0.98,1.68,Serie A,2019-2020,21846272194836439
87,Tottenham,29,26.7,52.2,38,418,3420,38.0,56,39,53,3,4,84.0,3.0,1.47,1.03,2.5,1.39,2.42,46.1,43.0,30.8,73.8,1.21,0.81,2.02,1.13,1.94,Premier League,2019-2020,22006624071753704
88,Toulouse,30,25.1,44.0,28,308,2520,28.0,21,14,17,4,6,48.0,5.0,0.75,0.5,1.25,0.61,1.11,30.1,25.5,18.2,43.7,1.07,0.65,1.72,0.91,1.56,Ligue 1,2019-2020,94523000561782573
89,Udinese,25,26.5,44.7,38,418,3420,38.0,37,26,37,0,0,77.0,3.0,0.97,0.68,1.66,0.97,1.66,40.6,40.6,30.5,71.1,1.07,0.8,1.87,1.07,1.87,Serie A,2019-2020,48393495896639342
90,Union Berlin,26,27.7,41.8,34,374,3060,34.0,38,27,34,4,5,71.0,5.0,1.12,0.79,1.91,1.0,1.79,38.3,34.5,25.0,59.5,1.13,0.73,1.86,1.02,1.75,Bundesliga,2019-2020,71630543971501382
91,Valencia,28,27.0,48.9,38,418,3420,38.0,44,34,39,5,8,80.0,8.0,1.16,0.89,2.05,1.03,1.92,40.3,34.3,29.1,63.4,1.06,0.77,1.83,0.9,1.67,La Liga,2019-2020,65158650443085242
92,Valladolid,30,27.1,44.3,38,418,3420,38.0,31,19,28,3,6,84.0,0.0,0.82,0.5,1.32,0.74,1.24,35.5,30.9,22.4,53.3,0.93,0.59,1.52,0.81,1.4,La Liga,2019-2020,44089518275887893
93,Villarreal,25,27.6,53.2,38,418,3420,38.0,62,40,52,10,11,78.0,1.0,1.63,1.05,2.68,1.37,2.42,57.0,48.7,37.0,85.7,1.5,0.97,2.48,1.28,2.26,La Liga,2019-2020,63335634096533483
94,Watford,26,28.9,42.5,38,418,3420,38.0,35,21,28,7,8,80.0,3.0,0.92,0.55,1.47,0.74,1.29,45.1,39.1,28.2,67.3,1.19,0.74,1.93,1.03,1.77,Premier League,2019-2020,73743918793554398
95,Werder Bremen,30,26.7,48.8,34,374,3060,34.0,40,30,37,3,6,80.0,4.0,1.18,0.88,2.06,1.09,1.97,41.4,36.9,27.5,64.4,1.22,0.81,2.03,1.09,1.89,Bundesliga,2019-2020,59303898890876434
96,West Ham,29,27.4,44.0,38,418,3420,38.0,49,36,45,4,4,64.0,1.0,1.29,0.95,2.24,1.18,2.13,46.2,43.2,31.8,75.0,1.22,0.84,2.05,1.14,1.97,Premier League,2019-2020,57680956417459581
97,Wolfsburg,26,26.0,48.3,34,374,3060,34.0,48,33,44,4,4,71.0,4.0,1.41,0.97,2.38,1.29,2.26,47.3,44.3,34.1,78.5,1.39,1.0,2.4,1.3,2.31,Bundesliga,2019-2020,85159484018358879
98,Wolves,21,26.6,48.3,38,418,3420,38.0,49,34,45,4,4,61.0,2.0,1.29,0.89,2.18,1.18,2.08,47.1,44.1,32.3,76.3,1.24,0.85,2.09,1.16,2.01,Premier League,2019-2020,24001928852251903
1,Alavés,26,26.7,42.7,38,418,3420,38.0,39,27,37,2,3,101.0,1.0,1.03,0.71,1.74,0.97,1.68,37.3,35.0,23.9,58.9,0.98,0.63,1.61,0.92,1.55,La Liga,2018-2019,37745278530914180
2,Amiens,26,26.5,46.7,38,418,3420,38.0,30,22,28,2,3,59.0,6.0,0.79,0.58,1.37,0.74,1.32,34.6,32.3,23.1,55.5,0.91,0.61,1.52,0.85,1.46,Ligue 1,2018-2019,20069478421376018
3,Angers,24,28.0,43.2,38,418,3420,38.0,42,27,37,5,10,49.0,4.0,1.11,0.71,1.82,0.97,1.68,47.7,39.8,29.6,69.4,1.25,0.78,2.03,1.05,1.83,Ligue 1,2018-2019,66587352409382849
4,Arsenal,28,26.7,58.0,38,418,3420,38.0,69,52,65,4,5,73.0,2.0,1.82,1.37,3.18,1.71,3.08,58.0,54.1,45.5,99.6,1.53,1.2,2.72,1.42,2.62,Premier League,2018-2019,5838645288327307
5,Atalanta,27,26.5,57.8,38,418,3420,38.0,75,60,73,2,4,62.0,3.0,1.97,1.58,3.55,1.92,3.5,66.9,63.9,50.2,114.0,1.76,1.32,3.08,1.68,3.0,Serie A,2018-2019,87465877057901989
6,Athletic Club,27,27.6,50.1,38,418,3420,38.0,38,26,33,5,7,118.0,4.0,1.0,0.68,1.68,0.87,1.55,40.2,34.8,25.3,60.1,1.06,0.66,1.72,0.92,1.58,La Liga,2018-2019,4823083458145023
7,Atlético Madrid,29,26.4,49.4,38,418,3420,38.0,52,36,49,3,4,100.0,5.0,1.37,0.95,2.32,1.29,2.24,46.0,42.9,31.3,74.3,1.21,0.82,2.04,1.13,1.95,La Liga,2018-2019,74713976168286555
8,Augsburg,30,26.5,46.6,34,374,3060,34.0,50,33,45,5,5,55.0,1.0,1.47,0.97,2.44,1.32,2.29,43.3,39.6,28.8,68.3,1.27,0.85,2.12,1.16,2.01,Bundesliga,2018-2019,82828683183786310
9,Barcelona,30,27.7,64.2,38,418,3420,38.0,88,61,80,8,9,76.0,2.0,2.32,1.61,3.92,2.11,3.71,73.8,67.0,53.7,120.7,1.94,1.41,3.36,1.76,3.18,La Liga,2018-2019,81744823723090567
10,Bayern Munich,24,27.4,65.5,34,374,3060,34.0,86,62,83,3,4,42.0,2.0,2.53,1.82,4.35,2.44,4.26,80.8,77.8,59.9,137.6,2.38,1.76,4.14,2.29,4.05,Bundesliga,2018-2019,7510926916741648
11,Betis,25,26.7,61.7,38,418,3420,38.0,43,30,38,5,7,89.0,1.0,1.13,0.79,1.92,1.0,1.79,48.8,43.5,33.3,76.8,1.28,0.88,2.16,1.14,2.02,La Liga,2018-2019,9423348454032625
12,Bologna,29,27.0,44.7,38,418,3420,38.0,45,35,40,5,5,91.0,6.0,1.18,0.92,2.11,1.05,1.97,47.4,43.6,30.8,74.4,1.25,0.81,2.06,1.15,1.96,Serie A,2018-2019,23275147453355121
13,Bordeaux,33,25.3,50.2,38,418,3420,38.0,34,26,29,5,6,74.0,5.0,0.89,0.68,1.58,0.76,1.45,40.3,35.8,27.9,63.7,1.06,0.74,1.8,0.94,1.68,Ligue 1,2018-2019,12683680850395737
14,Bournemouth,28,26.6,46.8,38,418,3420,38.0,55,43,48,7,9,60.0,1.0,1.45,1.13,2.58,1.26,2.39,54.2,47.4,37.8,85.1,1.43,0.99,2.42,1.25,2.24,Premier League,2018-2019,36088947257895306
15,Brighton,21,27.4,42.6,38,418,3420,38.0,35,24,30,5,6,61.0,4.0,0.92,0.63,1.55,0.79,1.42,34.1,29.6,22.7,52.3,0.9,0.6,1.5,0.78,1.38,Premier League,2018-2019,49072214318111932
16,Burnley,23,28.0,41.2,38,418,3420,38.0,43,32,41,2,2,75.0,1.0,1.13,0.84,1.97,1.08,1.92,40.7,39.1,25.6,64.7,1.07,0.67,1.74,1.03,1.7,Premier League,2018-2019,21823480134907726
17,Caen,27,25.8,44.2,38,418,3420,38.0,29,17,25,4,4,79.0,6.0,0.76,0.45,1.21,0.66,1.11,31.1,28.1,18.8,46.9,0.82,0.5,1.31,0.74,1.23,Ligue 1,2018-2019,21277886218272520
18,Cagliari,30,27.9,50.0,38,418,3420,38.0,36,27,34,2,3,94.0,9.0,0.95,0.71,1.66,0.89,1.61,39.1,36.9,27.5,64.3,1.03,0.72,1.75,0.97,1.69,Serie A,2018-2019,32968728316179674
19,Cardiff City,25,27.7,35.6,38,418,3420,38.0,33,20,30,3,4,66.0,1.0,0.87,0.53,1.39,0.79,1.32,39.5,36.5,22.4,58.9,1.04,0.59,1.63,0.96,1.55,Premier League,2018-2019,69924771535350567
20,Celta Vigo,28,25.5,51.7,38,418,3420,38.0,52,37,45,7,7,79.0,6.0,1.37,0.97,2.34,1.18,2.16,44.8,39.7,29.9,69.6,1.18,0.79,1.97,1.04,1.83,La Liga,2018-2019,14218303985450920
21,Chelsea,24,27.3,62.8,38,418,3420,38.0,61,52,56,5,5,49.0,0.0,1.61,1.37,2.97,1.47,2.84,58.2,54.4,45.0,99.4,1.53,1.18,2.72,1.43,2.62,Premier League,2018-2019,58172670324373785
22,Chievo,36,28.3,43.1,38,418,3420,38.0,25,17,21,4,6,110.0,7.0,0.66,0.45,1.11,0.55,1.0,35.6,31.3,22.8,54.1,0.94,0.6,1.54,0.82,1.42,Serie A,2018-2019,83748145049842906
23,Crystal Palace,26,27.4,45.0,38,418,3420,38.0,48,33,38,10,11,58.0,2.0,1.26,0.87,2.13,1.0,1.87,50.9,42.9,31.1,74.0,1.34,0.82,2.16,1.13,1.95,Premier League,2018-2019,15352059381074619
24,Dijon,26,27.1,47.9,38,418,3420,38.0,29,21,26,3,4,75.0,7.0,0.76,0.55,1.32,0.68,1.24,39.5,36.4,25.7,62.1,1.04,0.68,1.72,0.96,1.63,Ligue 1,2018-2019,59239312409540653
25,Dortmund,23,24.8,58.0,34,374,3060,34.0,80,60,76,4,4,40.0,3.0,2.35,1.76,4.12,2.24,4.0,58.4,55.4,42.3,97.8,1.72,1.24,2.96,1.63,2.88,Bundesliga,2018-2019,6921931827204601
26,Düsseldorf,24,26.9,43.1,34,374,3060,34.0,48,35,43,5,7,67.0,1.0,1.41,1.03,2.44,1.26,2.29,46.7,41.4,34.0,75.4,1.37,1.0,2.37,1.22,2.22,Bundesliga,2018-2019,6414184432322702
27,Eibar,25,28.5,54.1,38,418,3420,38.0,46,26,39,7,8,81.0,2.0,1.21,0.68,1.89,1.03,1.71,50.7,44.8,31.7,76.5,1.34,0.84,2.17,1.18,2.01,La Liga,2018-2019,67267904110326262
28,Eint Frankfurt,30,26.4,47.3,34,374,3060,34.0,60,42,56,4,4,58.0,3.0,1.76,1.24,3.0,1.65,2.88,55.4,52.4,38.4,90.8,1.63,1.13,2.76,1.54,2.67,Bundesliga,2018-2019,37929111009288632
29,Empoli,29,26.4,47.9,38,418,3420,38.0,48,36,44,4,7,73.0,3.0,1.26,0.95,2.21,1.16,2.11,52.0,46.7,34.0,80.6,1.37,0.89,2.26,1.23,2.12,Serie A,2018-2019,77726683749984272
30,Espanyol,25,27.7,49.5,38,418,3420,38.0,44,26,40,4,4,90.0,2.0,1.16,0.68,1.84,1.05,1.74,48.8,45.8,32.6,78.4,1.28,0.86,2.14,1.2,2.06,La Liga,2018-2019,71314269182841176
31,Everton,23,25.7,51.5,38,418,3420,38.0,53,34,51,2,5,56.0,4.0,1.39,0.89,2.29,1.34,2.24,47.3,43.3,30.4,73.7,1.24,0.8,2.04,1.14,1.94,Premier League,2018-2019,57482013681231466
32,Fiorentina,27,24.1,50.7,38,418,3420,38.0,45,24,40,5,6,89.0,5.0,1.18,0.63,1.82,1.05,1.68,52.4,47.9,33.8,81.7,1.38,0.89,2.27,1.26,2.15,Serie A,2018-2019,24325362613855847
33,Freiburg,28,25.8,44.2,34,374,3060,34.0,44,25,39,5,6,54.0,3.0,1.29,0.74,2.03,1.15,1.88,42.2,37.6,25.9,63.5,1.24,0.76,2.0,1.11,1.87,Bundesliga,2018-2019,17577284562417651
34,Frosinone,33,26.4,41.1,38,418,3420,38.0,28,21,24,4,5,99.0,2.0,0.74,0.55,1.29,0.63,1.18,35.5,31.7,24.7,56.4,0.93,0.65,1.58,0.84,1.49,Serie A,2018-2019,87953309350363757
35,Fulham,28,26.0,48.6,38,418,3420,38.0,33,24,31,2,3,70.0,2.0,0.87,0.63,1.5,0.82,1.45,39.0,36.7,28.2,64.9,1.03,0.74,1.77,0.97,1.71,Premier League,2018-2019,19227944656237519
36,Genoa,31,26.0,43.1,38,418,3420,38.0,37,26,33,4,5,95.0,7.0,0.97,0.68,1.66,0.87,1.55,43.6,39.8,27.1,66.9,1.15,0.71,1.86,1.05,1.76,Serie A,2018-2019,87033800759594150
37,Getafe,26,27.5,40.8,38,418,3420,38.0,47,34,41,6,6,107.0,7.0,1.24,0.89,2.13,1.08,1.97,44.7,40.2,29.0,69.2,1.18,0.76,1.94,1.06,1.82,La Liga,2018-2019,23789167582387071
38,Girona,26,26.6,48.0,38,418,3420,38.0,37,23,31,6,6,81.0,4.0,0.97,0.61,1.58,0.82,1.42,38.6,34.5,25.1,59.6,1.01,0.66,1.67,0.91,1.57,La Liga,2018-2019,12545195302828957
39,Guingamp,30,26.0,44.2,38,418,3420,38.0,28,21,23,5,6,58.0,5.0,0.74,0.55,1.29,0.61,1.16,39.9,35.3,27.0,62.2,1.05,0.71,1.76,0.93,1.64,Ligue 1,2018-2019,16872092436156260
40,Hannover 96,32,26.3,46.3,34,374,3060,34.0,30,20,27,3,3,61.0,4.0,0.88,0.59,1.47,0.79,1.38,33.7,31.4,23.6,55.0,0.99,0.69,1.69,0.92,1.62,Bundesliga,2018-2019,10121335889457780
41,Hertha BSC,26,25.9,48.1,34,374,3060,34.0,49,32,45,4,4,64.0,5.0,1.44,0.94,2.38,1.32,2.26,47.9,44.9,34.3,79.3,1.41,1.01,2.42,1.32,2.33,Bundesliga,2018-2019,59737400018465050
42,Hoffenheim,29,25.5,53.6,34,374,3060,34.0,69,49,63,6,7,67.0,2.0,2.03,1.44,3.47,1.85,3.29,73.1,68.0,49.5,117.5,2.15,1.46,3.61,2.0,3.46,Bundesliga,2018-2019,29322720181807625
43,Huddersfield,31,26.2,47.0,38,418,3420,38.0,20,13,19,1,1,56.0,4.0,0.53,0.34,0.87,0.5,0.84,29.4,28.6,21.0,49.6,0.77,0.55,1.33,0.75,1.31,Premier League,2018-2019,70397411865897550
44,Huesca,30,26.7,44.7,38,418,3420,38.0,43,28,37,6,7,113.0,3.0,1.13,0.74,1.87,0.97,1.71,45.9,40.6,26.2,66.8,1.21,0.69,1.9,1.07,1.76,La Liga,2018-2019,16593090704373522
45,Inter,23,27.7,59.6,38,418,3420,38.0,57,36,49,8,9,73.0,3.0,1.5,0.95,2.45,1.29,2.24,64.1,57.2,44.1,101.3,1.69,1.16,2.85,1.51,2.67,Serie A,2018-2019,53198597771575973
46,Juventus,31,28.0,56.2,38,418,3420,38.0,66,44,59,7,8,76.0,4.0,1.74,1.16,2.89,1.55,2.71,58.2,52.1,37.0,89.1,1.53,0.97,2.5,1.37,2.35,Serie A,2018-2019,19371054131726661
47,Lazio,30,27.9,50.8,38,418,3420,38.0,54,35,48,6,6,89.0,4.0,1.42,0.92,2.34,1.26,2.18,56.4,52.0,38.9,90.9,1.49,1.02,2.51,1.37,2.39,Serie A,2018-2019,90751438076496109
48,Leganés,29,26.6,42.8,38,418,3420,38.0,36,25,33,3,5,104.0,4.0,0.95,0.66,1.61,0.87,1.53,37.4,33.8,24.5,58.3,0.99,0.64,1.63,0.89,1.53,La Liga,2018-2019,20237473683555152
49,Leicester City,25,25.9,51.1,38,418,3420,38.0,48,34,43,5,7,60.0,5.0,1.26,0.89,2.16,1.13,2.03,49.6,44.5,35.1,79.6,1.31,0.92,2.23,1.17,2.09,Premier League,2018-2019,18776461863573874
50,Levante,26,26.3,45.6,38,418,3420,38.0,56,39,51,5,7,107.0,7.0,1.47,1.03,2.5,1.34,2.37,49.9,44.5,35.1,79.6,1.31,0.92,2.24,1.17,2.1,La Liga,2018-2019,1566092639264277
51,Leverkusen,21,25.3,59.9,34,374,3060,34.0,68,51,64,4,5,50.0,1.0,2.0,1.5,3.5,1.88,3.38,62.1,58.4,42.6,100.9,1.83,1.25,3.08,1.72,2.97,Bundesliga,2018-2019,36794408106212849
52,Lille,25,24.1,51.4,38,418,3420,38.0,66,49,55,11,13,70.0,4.0,1.74,1.29,3.03,1.45,2.74,58.4,48.5,38.3,86.8,1.54,1.01,2.55,1.28,2.28,Ligue 1,2018-2019,85603837513355486
53,Liverpool,23,26.1,61.7,38,418,3420,38.0,86,55,79,7,7,39.0,2.0,2.26,1.45,3.71,2.08,3.53,74.7,69.4,48.9,118.4,1.97,1.29,3.25,1.83,3.12,Premier League,2018-2019,41956650829873911
54,Lyon,25,24.4,60.3,38,418,3420,38.0,70,54,65,5,10,55.0,3.0,1.84,1.42,3.26,1.71,3.13,73.8,66.5,51.6,118.0,1.94,1.36,3.3,1.75,3.11,Ligue 1,2018-2019,87005642993871754
55,M'Gladbach,22,26.5,53.1,34,374,3060,34.0,53,43,49,4,7,43.0,0.0,1.56,1.26,2.82,1.44,2.71,51.1,45.8,34.7,80.4,1.5,1.02,2.52,1.35,2.37,Bundesliga,2018-2019,81611584009946193
56,Mainz 05,28,24.2,46.1,34,374,3060,34.0,44,30,41,3,3,56.0,0.0,1.29,0.88,2.18,1.21,2.09,48.5,46.2,32.6,78.8,1.43,0.96,2.38,1.36,2.32,Bundesliga,2018-2019,71158960989778912
57,Manchester City,21,26.7,67.8,38,418,3420,38.0,91,71,88,3,4,44.0,1.0,2.39,1.87,4.26,2.32,4.18,82.0,79.0,61.2,140.2,2.16,1.61,3.77,2.08,3.69,Premier League,2018-2019,74026506610392765
58,Manchester Utd,28,26.3,54.5,38,418,3420,38.0,65,40,56,9,12,75.0,4.0,1.71,1.05,2.76,1.47,2.53,59.4,50.2,38.3,88.5,1.56,1.01,2.57,1.32,2.33,Premier League,2018-2019,29078730489839024
59,Marseille,24,26.9,55.2,38,418,3420,38.0,59,45,55,4,5,82.0,8.0,1.55,1.18,2.74,1.45,2.63,52.6,48.8,33.5,82.4,1.38,0.88,2.27,1.29,2.17,Ligue 1,2018-2019,66190039714113630
60,Milan,23,24.8,54.2,38,418,3420,38.0,52,35,49,3,4,80.0,5.0,1.37,0.92,2.29,1.29,2.21,48.1,45.0,34.3,79.3,1.26,0.9,2.17,1.18,2.09,Serie A,2018-2019,59378513948613436
61,Monaco,42,25.6,49.9,38,418,3420,38.0,38,25,34,4,5,91.0,6.0,1.0,0.66,1.66,0.89,1.55,48.7,45.0,30.9,75.9,1.28,0.81,2.1,1.18,2.0,Ligue 1,2018-2019,79093238158793616
62,Montpellier,25,28.0,48.1,38,418,3420,38.0,50,28,47,3,3,60.0,4.0,1.32,0.74,2.05,1.24,1.97,45.2,43.0,31.8,74.8,1.19,0.84,2.03,1.13,1.97,Ligue 1,2018-2019,32434714471076965
63,Nantes,33,25.9,49.9,38,418,3420,38.0,47,28,41,6,8,72.0,6.0,1.24,0.74,1.97,1.08,1.82,47.7,41.6,27.3,68.9,1.25,0.72,1.97,1.09,1.81,Ligue 1,2018-2019,25802633648495862
64,Napoli,26,27.0,59.4,38,418,3420,38.0,73,54,70,3,4,72.0,5.0,1.92,1.42,3.34,1.84,3.26,68.1,65.4,53.8,119.2,1.79,1.42,3.21,1.72,3.14,Serie A,2018-2019,10516137814401134
65,Newcastle Utd,24,26.9,40.4,38,418,3420,38.0,41,33,40,1,3,57.0,2.0,1.08,0.87,1.95,1.05,1.92,39.6,37.3,26.7,64.0,1.04,0.7,1.75,0.98,1.69,Premier League,2018-2019,29528772732587842
66,Nice,30,24.2,54.8,38,418,3420,38.0,27,18,22,5,9,72.0,5.0,0.71,0.47,1.18,0.58,1.05,44.2,37.4,28.9,66.3,1.16,0.76,1.92,0.99,1.75,Ligue 1,2018-2019,11720969662561653
67,Nîmes,23,24.1,45.6,38,418,3420,38.0,55,37,51,4,6,69.0,5.0,1.45,0.97,2.42,1.34,2.32,47.9,43.3,32.5,75.8,1.26,0.86,2.12,1.14,2.0,Ligue 1,2018-2019,83514802313158576
68,Nürnberg,27,24.9,42.3,34,374,3060,34.0,25,16,23,2,6,58.0,4.0,0.74,0.47,1.21,0.68,1.15,33.0,28.5,18.7,47.2,0.97,0.55,1.52,0.84,1.39,Bundesliga,2018-2019,10689243141507842
69,Paris S-G,30,26.2,63.4,38,418,3420,38.0,103,72,93,10,12,64.0,4.0,2.71,1.89,4.61,2.45,4.34,91.0,82.0,63.9,145.9,2.4,1.68,4.08,2.16,3.84,Ligue 1,2018-2019,11177590892093073
70,Parma,31,29.4,37.3,38,418,3420,38.0,40,22,36,4,5,82.0,3.0,1.05,0.58,1.63,0.95,1.53,38.6,34.8,22.6,57.3,1.02,0.59,1.61,0.92,1.51,Serie A,2018-2019,62695319081093388
71,Rayo Vallecano,29,26.6,48.7,38,418,3420,38.0,40,24,35,5,5,101.0,8.0,1.05,0.63,1.68,0.92,1.55,40.8,37.0,26.2,63.2,1.07,0.69,1.76,0.97,1.66,La Liga,2018-2019,75203699329351977
72,RB Leipzig,23,24.0,49.3,34,374,3060,34.0,63,41,58,5,7,61.0,1.0,1.85,1.21,3.06,1.71,2.91,60.8,55.5,41.6,97.1,1.79,1.22,3.01,1.63,2.85,Bundesliga,2018-2019,68159208261559796
73,Real Madrid,27,27.1,60.0,38,418,3420,38.0,61,39,52,9,9,79.0,6.0,1.61,1.03,2.63,1.37,2.39,61.3,54.8,42.9,97.6,1.61,1.13,2.74,1.44,2.57,La Liga,2018-2019,29627131003986350
74,Real Sociedad,30,24.9,51.6,38,418,3420,38.0,44,27,36,8,10,80.0,4.0,1.16,0.71,1.87,0.95,1.66,46.5,39.3,29.2,68.5,1.22,0.77,1.99,1.03,1.8,La Liga,2018-2019,57299950304530590
75,Reims,27,26.2,43.5,38,418,3420,38.0,39,27,37,2,2,67.0,2.0,1.03,0.71,1.74,0.97,1.68,40.6,39.1,28.4,67.5,1.07,0.75,1.82,1.03,1.78,Ligue 1,2018-2019,67732085073987538
76,Rennes,28,25.7,50.6,38,418,3420,38.0,53,34,46,7,10,68.0,3.0,1.39,0.89,2.29,1.21,2.11,52.2,44.7,31.5,76.2,1.37,0.83,2.2,1.18,2.0,Ligue 1,2018-2019,96819424452761337
77,Roma,26,27.5,51.7,38,418,3420,38.0,66,41,60,6,6,88.0,2.0,1.74,1.08,2.82,1.58,2.66,64.3,59.8,43.5,103.2,1.69,1.14,2.84,1.57,2.72,Serie A,2018-2019,764736481564168
78,Saint-Étienne,29,27.8,52.6,38,418,3420,38.0,56,40,51,5,5,63.0,7.0,1.47,1.05,2.53,1.34,2.39,55.8,52.0,35.5,87.5,1.47,0.93,2.4,1.37,2.3,Ligue 1,2018-2019,56226069621228236
79,Sampdoria,24,26.1,55.3,38,418,3420,38.0,60,41,50,10,12,89.0,3.0,1.58,1.08,2.66,1.32,2.39,49.8,40.8,31.9,72.7,1.31,0.84,2.15,1.07,1.91,Serie A,2018-2019,89407679695143145
80,Sassuolo,29,25.4,54.0,38,418,3420,38.0,50,33,45,5,5,87.0,8.0,1.32,0.87,2.18,1.18,2.05,46.4,42.7,31.0,73.7,1.22,0.82,2.04,1.12,1.94,Serie A,2018-2019,79200252522790650
81,Schalke 04,32,25.8,45.4,34,374,3060,34.0,37,23,30,7,9,72.0,5.0,1.09,0.68,1.76,0.88,1.56,43.1,36.3,25.9,62.2,1.27,0.76,2.03,1.07,1.83,Bundesliga,2018-2019,24345039935475884
82,Sevilla,27,27.9,52.2,38,418,3420,38.0,61,47,56,5,6,114.0,6.0,1.61,1.24,2.84,1.47,2.71,63.5,58.8,43.7,102.5,1.67,1.15,2.82,1.55,2.7,La Liga,2018-2019,22702270477938803
83,Southampton,30,25.4,43.9,38,418,3420,38.0,44,27,40,4,5,73.0,3.0,1.16,0.71,1.87,1.05,1.76,46.1,42.5,27.5,70.0,1.21,0.72,1.94,1.12,1.84,Premier League,2018-2019,21037626007536306
84,SPAL,28,27.8,50.6,38,418,3420,38.0,44,30,37,7,8,112.0,3.0,1.16,0.79,1.95,0.97,1.76,41.5,35.5,23.5,59.0,1.09,0.62,1.71,0.93,1.55,Serie A,2018-2019,73622612860183040
85,Strasbourg,26,26.2,50.2,38,418,3420,38.0,57,43,52,5,7,70.0,4.0,1.5,1.13,2.63,1.37,2.5,42.2,36.8,27.7,64.5,1.11,0.73,1.84,0.97,1.7,Ligue 1,2018-2019,92234479374253707
86,Stuttgart,26,26.3,45.9,34,374,3060,34.0,32,26,31,1,1,64.0,5.0,0.94,0.76,1.71,0.91,1.68,39.0,38.3,28.3,66.6,1.15,0.83,1.98,1.13,1.96,Bundesliga,2018-2019,81761661302668293
87,Torino,25,27.6,51.4,38,418,3420,38.0,50,31,45,5,6,88.0,4.0,1.32,0.82,2.13,1.18,2.0,49.3,44.8,33.6,78.4,1.3,0.88,2.18,1.18,2.06,Serie A,2018-2019,21846272194836439
88,Tottenham,28,26.8,58.9,38,418,3420,38.0,66,47,62,4,4,57.0,3.0,1.74,1.24,2.97,1.63,2.87,57.9,54.9,38.0,93.0,1.52,1.0,2.53,1.45,2.45,Premier League,2018-2019,22006624071753704
89,Toulouse,29,25.5,48.0,38,418,3420,38.0,35,16,28,7,11,75.0,5.0,0.92,0.42,1.34,0.74,1.16,44.0,35.7,25.8,61.5,1.16,0.68,1.83,0.94,1.62,Ligue 1,2018-2019,94523000561782573
90,Udinese,31,25.3,42.4,38,418,3420,38.0,38,30,35,3,8,90.0,4.0,1.0,0.79,1.79,0.92,1.71,41.5,35.2,27.2,62.3,1.09,0.71,1.81,0.93,1.64,Serie A,2018-2019,48393495896639342
91,Valencia,25,26.4,47.1,38,418,3420,38.0,50,38,45,5,7,88.0,3.0,1.32,1.0,2.32,1.18,2.18,57.3,52.0,42.9,94.9,1.51,1.13,2.64,1.37,2.5,La Liga,2018-2019,65158650443085242
92,Valladolid,28,27.4,47.0,38,418,3420,38.0,31,19,27,4,7,92.0,0.0,0.82,0.5,1.32,0.71,1.21,40.5,35.1,26.1,61.3,1.06,0.69,1.75,0.92,1.61,La Liga,2018-2019,44089518275887893
93,Villarreal,26,27.1,48.3,38,418,3420,38.0,47,34,44,3,6,115.0,3.0,1.24,0.89,2.13,1.16,2.05,50.7,46.6,35.8,82.4,1.33,0.94,2.28,1.23,2.17,La Liga,2018-2019,63335634096533483
94,Watford,25,28.5,47.1,38,418,3420,38.0,51,39,50,1,1,79.0,4.0,1.34,1.03,2.37,1.32,2.34,48.1,47.4,34.1,81.5,1.27,0.9,2.16,1.25,2.14,Premier League,2018-2019,73743918793554398
95,Werder Bremen,24,27.1,52.2,34,374,3060,34.0,57,38,53,4,4,61.0,3.0,1.68,1.12,2.79,1.56,2.68,49.5,46.6,33.9,80.5,1.46,1.0,2.45,1.37,2.37,Bundesliga,2018-2019,59303898890876434
96,West Ham,26,27.6,48.7,38,418,3420,38.0,51,33,46,5,5,59.0,1.0,1.34,0.87,2.21,1.21,2.08,48.2,44.5,32.4,76.9,1.27,0.85,2.12,1.17,2.02,Premier League,2018-2019,57680956417459581
97,Wolfsburg,25,25.4,53.3,34,374,3060,34.0,59,38,54,5,5,62.0,0.0,1.74,1.12,2.85,1.59,2.71,46.2,42.7,31.6,74.3,1.36,0.93,2.29,1.25,2.19,Bundesliga,2018-2019,85159484018358879
98,Wolves,21,26.1,46.9,38,418,3420,38.0,46,35,42,4,4,73.0,1.0,1.21,0.92,2.13,1.11,2.03,49.0,45.9,33.7,79.7,1.29,0.89,2.18,1.21,2.1,Premier League,2018-2019,24001928852251903
1,Alavés,30,25.5,39.8,38,418,3420,38.0,40,31,39,1,3,105.0,4.0,1.05,0.82,1.87,1.03,1.84,38.8,36.6,26.0,62.5,1.02,0.68,1.7,0.96,1.64,La Liga,2017-2018,37745278530914180
2,Amiens,30,27.5,43.4,38,418,3420,38.0,36,20,33,3,4,0.0,0.0,0.95,0.53,1.47,0.87,1.39,35.3,32.2,23.5,55.7,0.93,0.62,1.55,0.85,1.47,Ligue 1,2017-2018,20069478421376018
3,Angers,27,27.1,44.9,38,418,3420,38.0,41,23,37,4,4,0.0,0.0,1.08,0.61,1.68,0.97,1.58,45.6,42.6,30.8,73.4,1.2,0.81,2.01,1.12,1.93,Ligue 1,2017-2018,66587352409382849
4,Arsenal,30,26.8,61.5,38,418,3420,38.0,73,61,69,4,5,0.0,0.0,1.92,1.61,3.53,1.82,3.42,68.4,64.6,51.3,115.9,1.8,1.35,3.15,1.7,3.05,Premier League,2017-2018,5838645288327307
5,Atalanta,25,25.7,55.2,38,418,3420,38.0,57,38,52,5,9,0.0,0.0,1.5,1.0,2.5,1.37,2.37,67.4,60.7,43.5,104.2,1.77,1.14,2.92,1.6,2.74,Serie A,2017-2018,87465877057901989
6,Athletic Club,26,26.7,49.7,38,418,3420,38.0,39,25,33,6,8,93.0,0.0,1.03,0.66,1.68,0.87,1.53,45.6,39.8,30.0,69.8,1.2,0.79,1.99,1.05,1.84,La Liga,2017-2018,4823083458145023
7,Atlético Madrid,26,26.6,47.3,38,418,3420,38.0,57,41,53,4,5,93.0,5.0,1.5,1.08,2.58,1.39,2.47,47.8,44.2,32.6,76.7,1.26,0.86,2.12,1.16,2.02,La Liga,2017-2018,74713976168286555
8,Augsburg,27,26.6,45.6,34,374,3060,34.0,41,30,37,4,4,0.0,0.0,1.21,0.88,2.09,1.09,1.97,44.8,41.8,31.1,72.9,1.32,0.91,2.23,1.23,2.14,Bundesliga,2017-2018,82828683183786310
9,Barcelona,25,27.7,63.1,38,418,3420,38.0,96,74,93,3,5,67.0,2.0,2.53,1.95,4.47,2.45,4.39,78.3,75.2,58.6,133.8,2.06,1.54,3.6,1.98,3.52,La Liga,2017-2018,81744823723090567
10,Bayern Munich,28,27.4,65.9,34,374,3060,34.0,90,72,84,6,8,0.0,0.0,2.65,2.12,4.76,2.47,4.59,77.7,71.8,56.2,128.0,2.29,1.65,3.94,2.11,3.77,Bundesliga,2017-2018,7510926916741648
11,Benevento,41,26.0,47.7,38,418,3420,38.0,32,23,30,2,3,0.0,0.0,0.84,0.61,1.45,0.79,1.39,39.1,36.9,27.6,64.5,1.03,0.73,1.75,0.97,1.7,Serie A,2017-2018,38159059008947812
12,Betis,29,27.1,57.7,38,418,3420,38.0,56,43,54,2,3,90.0,3.0,1.47,1.13,2.61,1.42,2.55,41.1,39.1,31.3,70.4,1.08,0.82,1.91,1.03,1.85,La Liga,2017-2018,9423348454032625
13,Bologna,30,26.8,47.2,38,418,3420,38.0,37,18,35,2,3,0.0,0.0,0.97,0.47,1.45,0.92,1.39,37.1,34.9,23.3,58.2,0.98,0.61,1.59,0.92,1.53,Serie A,2017-2018,23275147453355121
14,Bordeaux,31,25.1,50.7,38,418,3420,38.0,52,31,48,4,6,0.0,0.0,1.37,0.82,2.18,1.26,2.08,52.7,47.9,36.7,84.6,1.39,0.97,2.35,1.26,2.23,Ligue 1,2017-2018,12683680850395737
15,Bournemouth,22,26.9,47.8,38,418,3420,38.0,45,36,42,3,3,0.0,0.0,1.18,0.95,2.13,1.11,2.05,44.8,42.6,32.2,74.8,1.18,0.85,2.03,1.12,1.97,Premier League,2017-2018,36088947257895306
16,Brighton,24,27.5,43.7,38,418,3420,38.0,33,25,28,5,7,0.0,0.0,0.87,0.66,1.53,0.74,1.39,37.2,31.8,23.0,54.8,0.98,0.6,1.58,0.84,1.44,Premier League,2017-2018,49072214318111932
17,Burnley,24,27.5,43.9,38,418,3420,38.0,35,26,35,0,0,0.0,0.0,0.92,0.68,1.61,0.92,1.61,34.5,34.5,23.8,58.3,0.91,0.63,1.53,0.91,1.53,Premier League,2017-2018,21823480134907726
18,Caen,26,27.3,45.5,38,418,3420,38.0,25,19,20,5,8,0.0,0.0,0.66,0.5,1.16,0.53,1.03,42.2,36.2,28.0,64.2,1.11,0.74,1.85,0.95,1.69,Ligue 1,2017-2018,21277886218272520
19,Cagliari,29,27.1,45.2,38,418,3420,38.0,33,21,29,4,7,0.0,0.0,0.87,0.55,1.42,0.76,1.32,40.1,34.8,25.4,60.1,1.05,0.67,1.72,0.91,1.58,Serie A,2017-2018,32968728316179674
20,Celta Vigo,23,25.7,56.1,38,418,3420,38.0,57,45,55,2,3,85.0,1.0,1.5,1.18,2.68,1.45,2.63,52.0,49.7,36.0,85.7,1.37,0.95,2.32,1.31,2.26,La Liga,2017-2018,14218303985450920
21,Chelsea,26,26.7,55.4,38,418,3420,38.0,60,42,57,3,3,0.0,0.0,1.58,1.11,2.68,1.5,2.61,57.9,55.7,42.2,97.9,1.52,1.11,2.64,1.46,2.58,Premier League,2017-2018,58172670324373785
22,Chievo,25,30.3,44.3,38,418,3420,38.0,36,20,35,1,2,0.0,0.0,0.95,0.53,1.47,0.92,1.45,32.3,30.8,22.2,53.0,0.85,0.58,1.43,0.81,1.39,Serie A,2017-2018,83748145049842906
23,Crotone,29,25.6,40.1,38,418,3420,38.0,38,21,36,2,3,0.0,0.0,1.0,0.55,1.55,0.95,1.5,36.2,33.8,24.0,57.8,0.95,0.63,1.58,0.89,1.52,Serie A,2017-2018,33431629624225246
24,Crystal Palace,28,27.1,45.3,38,418,3420,38.0,44,26,36,8,10,0.0,0.0,1.16,0.68,1.84,0.95,1.63,56.1,48.9,33.7,82.6,1.48,0.89,2.36,1.29,2.17,Premier League,2017-2018,15352059381074619
25,Dijon,26,26.6,48.4,38,418,3420,38.0,52,28,47,5,5,0.0,0.0,1.37,0.74,2.11,1.24,1.97,42.9,39.2,26.1,65.2,1.13,0.69,1.81,1.03,1.72,Ligue 1,2017-2018,59239312409540653
26,Dortmund,30,25.9,59.0,34,374,3060,34.0,62,44,59,3,6,0.0,0.0,1.82,1.29,3.12,1.74,3.03,63.7,59.2,43.3,102.5,1.87,1.27,3.15,1.74,3.02,Bundesliga,2017-2018,6921931827204601
27,Eibar,27,27.4,52.4,38,418,3420,38.0,43,31,41,2,3,84.0,3.0,1.13,0.82,1.95,1.08,1.89,39.9,37.6,25.4,63.0,1.05,0.67,1.72,0.99,1.66,La Liga,2017-2018,67267904110326262
28,Eint Frankfurt,28,26.4,48.4,34,374,3060,34.0,44,34,42,2,2,0.0,0.0,1.29,1.0,2.29,1.24,2.24,43.5,41.9,31.8,73.8,1.28,0.94,2.21,1.23,2.17,Bundesliga,2017-2018,37929111009288632
29,Espanyol,25,26.8,46.8,38,418,3420,38.0,34,24,32,2,3,87.0,1.0,0.89,0.63,1.53,0.84,1.47,42.9,40.5,28.5,69.0,1.13,0.75,1.88,1.07,1.82,La Liga,2017-2018,71314269182841176
30,Everton,30,26.7,45.9,38,418,3420,38.0,42,26,37,5,8,0.0,0.0,1.11,0.68,1.79,0.97,1.66,41.4,35.2,24.3,59.6,1.09,0.64,1.73,0.93,1.57,Premier League,2017-2018,57482013681231466
31,Fiorentina,27,25.0,52.6,38,418,3420,38.0,53,32,46,7,8,0.0,0.0,1.39,0.84,2.24,1.21,2.05,57.2,51.3,37.1,88.3,1.51,0.98,2.48,1.35,2.32,Serie A,2017-2018,24325362613855847
32,Freiburg,29,24.8,44.5,34,374,3060,34.0,32,21,26,6,10,0.0,0.0,0.94,0.62,1.56,0.76,1.38,41.3,33.7,24.1,57.8,1.21,0.71,1.92,0.99,1.7,Bundesliga,2017-2018,17577284562417651
33,Genoa,33,27.9,46.3,38,418,3420,38.0,31,18,27,4,5,0.0,0.0,0.82,0.47,1.29,0.71,1.18,43.3,39.5,31.8,71.3,1.14,0.84,1.98,1.04,1.88,Serie A,2017-2018,87033800759594150
34,Getafe,32,28.2,39.4,38,418,3420,38.0,41,27,36,5,12,130.0,5.0,1.08,0.71,1.79,0.95,1.66,46.4,37.1,26.0,63.1,1.22,0.68,1.9,0.98,1.66,La Liga,2017-2018,23789167582387071
35,Girona,25,26.3,46.8,38,418,3420,38.0,50,31,44,6,8,102.0,0.0,1.32,0.82,2.13,1.16,1.97,48.9,42.8,30.9,73.7,1.29,0.81,2.1,1.13,1.94,La Liga,2017-2018,12545195302828957
36,Guingamp,23,27.2,49.7,38,418,3420,38.0,46,23,40,6,7,0.0,0.0,1.21,0.61,1.82,1.05,1.66,45.6,40.5,26.0,66.5,1.2,0.68,1.88,1.07,1.75,Ligue 1,2017-2018,16872092436156260
37,Hamburger SV,29,25.0,49.1,34,374,3060,34.0,28,18,25,3,5,0.0,0.0,0.82,0.53,1.35,0.74,1.26,37.0,33.3,24.8,58.1,1.09,0.73,1.82,0.98,1.71,Bundesliga,2017-2018,42905483414913667
38,Hannover 96,26,26.4,47.1,34,374,3060,34.0,44,26,40,4,5,0.0,0.0,1.29,0.76,2.06,1.18,1.94,46.0,42.1,32.2,74.3,1.35,0.95,2.3,1.24,2.19,Bundesliga,2017-2018,10121335889457780
39,Hellas Verona,32,25.9,41.8,38,418,3420,38.0,30,19,23,7,7,0.0,0.0,0.79,0.5,1.29,0.61,1.11,34.5,29.4,20.9,50.3,0.91,0.55,1.46,0.77,1.32,Serie A,2017-2018,45227680351245381
40,Hertha BSC,25,26.4,45.9,34,374,3060,34.0,43,32,39,4,5,0.0,0.0,1.26,0.94,2.21,1.15,2.09,39.9,36.1,27.0,63.0,1.17,0.79,1.97,1.06,1.85,Bundesliga,2017-2018,59737400018465050
41,Hoffenheim,26,25.0,51.3,34,374,3060,34.0,64,47,60,4,5,0.0,0.0,1.88,1.38,3.26,1.76,3.15,51.7,47.9,38.7,86.5,1.52,1.14,2.66,1.41,2.55,Bundesliga,2017-2018,29322720181807625
42,Huddersfield,25,26.4,45.7,38,418,3420,38.0,25,19,23,2,2,0.0,0.0,0.66,0.5,1.16,0.61,1.11,31.7,30.2,21.9,52.1,0.83,0.58,1.41,0.79,1.37,Premier League,2017-2018,70397411865897550
43,Inter,22,27.6,56.9,38,418,3420,38.0,64,34,58,6,7,0.0,0.0,1.68,0.89,2.58,1.53,2.42,60.8,55.6,44.4,100.0,1.6,1.17,2.77,1.46,2.63,Serie A,2017-2018,53198597771575973
44,Juventus,24,29.2,57.1,38,418,3420,38.0,82,39,78,4,8,0.0,0.0,2.16,1.03,3.18,2.05,3.08,59.8,54.0,38.3,92.2,1.57,1.01,2.58,1.42,2.43,Serie A,2017-2018,19371054131726661
45,Köln,31,25.3,47.5,34,374,3060,34.0,33,24,30,3,3,0.0,0.0,0.97,0.71,1.68,0.88,1.59,42.2,40.0,28.7,68.7,1.24,0.84,2.09,1.18,2.02,Bundesliga,2017-2018,39731782814123330
46,La Coruña,32,28.2,46.6,38,418,3420,38.0,38,30,35,3,5,99.0,2.0,1.0,0.79,1.79,0.92,1.71,49.2,45.4,34.3,79.7,1.3,0.9,2.2,1.2,2.1,La Liga,2017-2018,31828180925314031
47,Las Palmas,36,27.0,55.1,38,418,3420,38.0,24,15,18,6,8,88.0,3.0,0.63,0.39,1.03,0.47,0.87,38.0,31.9,23.6,55.6,1.0,0.62,1.62,0.84,1.46,La Liga,2017-2018,33189055458748528
48,Lazio,24,26.5,51.1,38,418,3420,38.0,86,51,77,9,11,0.0,0.0,2.26,1.34,3.61,2.03,3.37,63.5,55.2,42.4,97.7,1.67,1.12,2.79,1.45,2.57,Serie A,2017-2018,90751438076496109
49,Leganés,28,27.8,42.5,38,418,3420,38.0,32,23,30,2,3,102.0,5.0,0.84,0.61,1.45,0.79,1.39,40.0,37.7,28.2,66.0,1.05,0.74,1.8,0.99,1.74,La Liga,2017-2018,20237473683555152
50,Leicester City,27,27.2,47.9,38,418,3420,38.0,53,38,48,5,6,0.0,0.0,1.39,1.0,2.39,1.26,2.26,48.1,43.6,31.9,75.5,1.27,0.84,2.11,1.15,1.99,Premier League,2017-2018,18776461863573874
51,Levante,33,25.7,42.5,38,418,3420,38.0,43,28,38,5,5,108.0,6.0,1.13,0.74,1.87,1.0,1.74,42.4,38.6,29.0,67.6,1.12,0.76,1.88,1.02,1.78,La Liga,2017-2018,1566092639264277
52,Leverkusen,24,24.0,54.6,34,374,3060,34.0,58,46,55,3,5,0.0,0.0,1.71,1.35,3.06,1.62,2.97,59.2,55.4,43.6,99.0,1.74,1.28,3.02,1.63,2.91,Bundesliga,2017-2018,36794408106212849
53,Lille,25,22.6,53.5,38,418,3420,38.0,41,28,39,2,2,0.0,0.0,1.08,0.74,1.82,1.03,1.76,37.7,36.2,30.4,66.6,0.99,0.8,1.79,0.95,1.75,Ligue 1,2017-2018,85603837513355486
54,Liverpool,27,25.6,60.5,38,418,3420,38.0,82,58,80,2,3,0.0,0.0,2.16,1.53,3.68,2.11,3.63,72.7,70.4,50.0,120.5,1.91,1.32,3.23,1.85,3.17,Premier League,2017-2018,41956650829873911
55,Lyon,26,24.4,55.6,38,418,3420,38.0,85,48,79,6,7,0.0,0.0,2.24,1.26,3.5,2.08,3.34,67.0,61.9,45.4,107.4,1.76,1.2,2.96,1.63,2.83,Ligue 1,2017-2018,87005642993871754
56,M'Gladbach,27,25.7,52.0,34,374,3060,34.0,46,26,40,6,7,0.0,0.0,1.35,0.76,2.12,1.18,1.94,51.4,46.6,35.6,82.1,1.51,1.05,2.56,1.37,2.42,Bundesliga,2017-2018,81611584009946193
57,Mainz 05,27,25.3,44.3,34,374,3060,34.0,38,27,34,4,4,0.0,0.0,1.12,0.79,1.91,1.0,1.79,35.3,32.3,24.2,56.5,1.04,0.71,1.75,0.95,1.66,Bundesliga,2017-2018,71158960989778912
58,Málaga,37,27.2,44.0,38,418,3420,38.0,24,15,20,4,6,99.0,8.0,0.63,0.39,1.03,0.53,0.92,33.4,28.8,21.1,50.0,0.88,0.56,1.43,0.76,1.31,La Liga,2017-2018,79809637287620621
59,Manchester City,25,26.4,71.1,38,418,3420,38.0,103,85,97,6,8,0.0,0.0,2.71,2.24,4.95,2.55,4.79,86.4,80.4,63.3,143.7,2.27,1.67,3.94,2.11,3.78,Premier League,2017-2018,74026506610392765
60,Manchester Utd,27,26.7,54.8,38,418,3420,38.0,67,53,66,1,3,0.0,0.0,1.76,1.39,3.16,1.74,3.13,60.7,58.2,43.8,102.1,1.6,1.15,2.75,1.53,2.69,Premier League,2017-2018,29078730489839024
61,Marseille,26,27.2,58.0,38,418,3420,38.0,79,44,74,5,8,0.0,0.0,2.08,1.16,3.24,1.95,3.11,72.1,66.1,47.0,113.1,1.9,1.24,3.13,1.74,2.98,Ligue 1,2017-2018,66190039714113630
62,Metz,36,27.4,45.5,38,418,3420,38.0,33,25,30,3,4,0.0,0.0,0.87,0.66,1.53,0.79,1.45,37.9,35.0,27.4,62.4,1.0,0.72,1.72,0.92,1.64,Ligue 1,2017-2018,14635757597311544
63,Milan,23,25.0,55.9,38,418,3420,38.0,54,28,50,4,6,0.0,0.0,1.42,0.74,2.16,1.32,2.05,54.2,49.8,36.3,86.1,1.43,0.95,2.38,1.31,2.27,Serie A,2017-2018,59378513948613436
64,Monaco,32,25.8,50.9,38,418,3420,38.0,83,39,76,7,8,0.0,0.0,2.18,1.03,3.21,2.0,3.03,61.5,55.6,40.2,95.8,1.62,1.06,2.67,1.46,2.52,Ligue 1,2017-2018,79093238158793616
65,Montpellier,23,26.4,46.9,38,418,3420,38.0,36,26,36,0,2,0.0,0.0,0.95,0.68,1.63,0.95,1.63,42.4,40.8,30.6,71.4,1.11,0.81,1.92,1.07,1.88,Ligue 1,2017-2018,32434714471076965
66,Nantes,30,25.6,43.9,38,418,3420,38.0,36,18,32,4,5,0.0,0.0,0.95,0.47,1.42,0.84,1.32,43.3,39.5,28.5,68.1,1.14,0.75,1.89,1.04,1.79,Ligue 1,2017-2018,25802633648495862
67,Napoli,23,28.0,63.2,38,418,3420,38.0,73,45,67,6,8,0.0,0.0,1.92,1.18,3.11,1.76,2.95,66.6,60.4,48.5,108.9,1.75,1.28,3.03,1.59,2.87,Serie A,2017-2018,10516137814401134
68,Newcastle Utd,27,25.6,41.7,38,418,3420,38.0,38,29,38,0,1,0.0,0.0,1.0,0.76,1.76,1.0,1.76,45.3,44.5,30.6,75.1,1.19,0.8,2.0,1.17,1.98,Premier League,2017-2018,29528772732587842
69,Nice,31,25.0,58.0,38,418,3420,38.0,52,29,44,8,10,0.0,0.0,1.37,0.76,2.13,1.16,1.92,51.7,44.3,32.6,76.8,1.36,0.86,2.22,1.17,2.02,Ligue 1,2017-2018,11720969662561653
70,Paris S-G,26,26.1,66.5,38,418,3420,38.0,100,69,93,7,9,0.0,0.0,2.63,1.82,4.45,2.45,4.26,89.2,82.7,65.0,147.7,2.35,1.71,4.06,2.18,3.89,Ligue 1,2017-2018,11177590892093073
71,RB Leipzig,23,23.4,54.9,34,374,3060,34.0,57,43,53,4,5,0.0,0.0,1.68,1.26,2.94,1.56,2.82,54.2,50.5,39.3,89.8,1.59,1.16,2.75,1.49,2.64,Bundesliga,2017-2018,68159208261559796
72,Real Madrid,24,27.1,60.5,38,418,3420,38.0,91,65,83,8,10,65.0,4.0,2.39,1.71,4.11,2.18,3.89,83.3,75.6,59.4,135.0,2.19,1.56,3.76,1.99,3.55,La Liga,2017-2018,29627131003986350
73,Real Sociedad,27,25.9,56.8,38,418,3420,38.0,64,47,60,4,5,60.0,5.0,1.68,1.24,2.92,1.58,2.82,55.0,51.2,38.6,89.9,1.45,1.02,2.46,1.35,2.36,La Liga,2017-2018,57299950304530590
74,Rennes,28,24.2,50.2,38,418,3420,38.0,48,31,42,6,8,0.0,0.0,1.26,0.82,2.08,1.11,1.92,49.4,43.5,32.1,75.6,1.3,0.85,2.15,1.14,1.99,Ligue 1,2017-2018,96819424452761337
75,Roma,27,27.4,58.0,38,418,3420,38.0,56,37,53,3,6,0.0,0.0,1.47,0.97,2.45,1.39,2.37,69.3,64.9,48.7,113.7,1.82,1.28,3.11,1.71,2.99,Serie A,2017-2018,764736481564168
76,Saint-Étienne,30,26.6,51.3,38,418,3420,38.0,45,28,38,7,11,0.0,0.0,1.18,0.74,1.92,1.0,1.74,52.0,44.1,32.9,77.0,1.37,0.87,2.24,1.16,2.03,Ligue 1,2017-2018,56226069621228236
77,Sampdoria,27,27.0,53.4,38,418,3420,38.0,56,33,49,7,8,0.0,0.0,1.47,0.87,2.34,1.29,2.16,51.3,45.2,32.8,78.1,1.35,0.86,2.21,1.19,2.05,Serie A,2017-2018,89407679695143145
78,Sassuolo,28,27.2,43.2,38,418,3420,38.0,28,16,24,4,10,0.0,0.0,0.74,0.42,1.16,0.63,1.05,49.4,41.8,29.2,71.1,1.3,0.77,2.07,1.1,1.87,Serie A,2017-2018,79200252522790650
79,Schalke 04,24,26.1,46.7,34,374,3060,34.0,50,33,40,10,10,0.0,0.0,1.47,0.97,2.44,1.18,2.15,47.8,40.2,30.4,70.6,1.41,0.9,2.3,1.18,2.08,Bundesliga,2017-2018,24345039935475884
80,Sevilla,31,27.1,54.5,38,418,3420,38.0,48,35,44,4,5,97.0,3.0,1.26,0.92,2.18,1.16,2.08,56.5,52.8,39.8,92.6,1.49,1.05,2.54,1.39,2.44,La Liga,2017-2018,22702270477938803
81,Southampton,26,26.2,51.5,38,418,3420,38.0,36,23,33,3,3,0.0,0.0,0.95,0.61,1.55,0.87,1.47,42.2,39.9,31.7,71.6,1.11,0.83,1.94,1.05,1.88,Premier League,2017-2018,21037626007536306
82,SPAL,29,26.7,45.1,38,418,3420,38.0,37,14,32,5,6,0.0,0.0,0.97,0.37,1.34,0.84,1.21,37.9,33.3,20.1,53.4,1.0,0.53,1.53,0.88,1.4,Serie A,2017-2018,73622612860183040
83,Stoke City,30,27.5,41.3,38,418,3420,38.0,34,28,34,0,3,0.0,0.0,0.89,0.74,1.63,0.89,1.63,37.5,35.3,25.8,61.1,0.99,0.68,1.67,0.93,1.61,Premier League,2017-2018,55848606059653975
84,Strasbourg,25,27.2,49.2,38,418,3420,38.0,43,28,36,7,7,0.0,0.0,1.13,0.74,1.87,0.95,1.68,45.4,40.1,28.2,68.3,1.19,0.74,1.94,1.05,1.8,Ligue 1,2017-2018,92234479374253707
85,Stuttgart,26,25.6,46.7,34,374,3060,34.0,35,22,34,1,3,0.0,0.0,1.03,0.65,1.68,1.0,1.65,39.6,37.4,24.1,61.5,1.17,0.71,1.87,1.1,1.81,Bundesliga,2017-2018,81761661302668293
86,Swansea City,26,27.2,45.2,38,418,3420,38.0,27,20,26,1,1,0.0,0.0,0.71,0.53,1.24,0.68,1.21,30.5,29.8,18.4,48.2,0.8,0.48,1.29,0.78,1.27,Premier League,2017-2018,11897392087106032
87,Torino,27,28.1,51.0,38,418,3420,38.0,53,36,53,0,2,0.0,0.0,1.39,0.95,2.34,1.39,2.34,47.1,45.5,34.8,80.3,1.24,0.92,2.15,1.2,2.11,Serie A,2017-2018,21846272194836439
88,Tottenham,25,25.8,61.9,38,418,3420,38.0,70,51,68,2,3,0.0,0.0,1.84,1.34,3.18,1.79,3.13,67.3,65.0,47.9,113.0,1.77,1.26,3.03,1.71,2.97,Premier League,2017-2018,22006624071753704
89,Toulouse,25,23.9,45.2,38,418,3420,38.0,35,24,27,8,11,0.0,0.0,0.92,0.63,1.55,0.71,1.34,46.0,37.8,28.3,66.1,1.21,0.75,1.96,0.99,1.74,Ligue 1,2017-2018,94523000561782573
90,Troyes,25,26.7,42.6,38,418,3420,38.0,30,19,28,2,3,0.0,0.0,0.79,0.5,1.29,0.74,1.24,36.9,34.6,24.7,59.3,0.97,0.65,1.62,0.91,1.56,Ligue 1,2017-2018,57069542099991496
91,Udinese,27,26.5,44.7,38,418,3420,38.0,45,27,38,7,7,0.0,0.0,1.18,0.71,1.89,1.0,1.71,43.6,38.3,29.8,68.1,1.15,0.78,1.93,1.01,1.79,Serie A,2017-2018,48393495896639342
92,Valencia,25,24.8,48.9,38,418,3420,38.0,63,45,55,8,8,103.0,5.0,1.66,1.18,2.84,1.45,2.63,56.0,49.9,38.4,88.3,1.47,1.01,2.48,1.31,2.32,La Liga,2017-2018,65158650443085242
93,Villarreal,32,26.6,50.5,38,418,3420,38.0,56,45,52,4,5,113.0,6.0,1.47,1.18,2.66,1.37,2.55,52.2,48.4,38.6,87.0,1.37,1.02,2.39,1.27,2.29,La Liga,2017-2018,63335634096533483
94,Watford,29,27.9,49.6,38,418,3420,38.0,42,27,39,3,6,0.0,0.0,1.11,0.71,1.82,1.03,1.74,47.4,42.6,29.8,72.4,1.25,0.78,2.03,1.12,1.9,Premier League,2017-2018,73743918793554398
95,Werder Bremen,25,26.3,47.5,34,374,3060,34.0,34,27,34,0,0,0.0,0.0,1.0,0.79,1.79,1.0,1.79,39.9,39.9,30.4,70.2,1.17,0.89,2.07,1.17,2.07,Bundesliga,2017-2018,59303898890876434
96,West Brom,24,29.1,40.6,38,418,3420,38.0,31,24,30,1,1,0.0,0.0,0.82,0.63,1.45,0.79,1.42,34.4,33.7,23.3,56.9,0.91,0.61,1.52,0.89,1.5,Premier League,2017-2018,26775906631723373
97,West Ham,27,28.0,45.0,38,418,3420,38.0,48,29,46,2,4,0.0,0.0,1.26,0.76,2.03,1.21,1.97,39.9,36.8,25.3,62.1,1.05,0.67,1.72,0.97,1.64,Premier League,2017-2018,57680956417459581
98,Wolfsburg,29,25.1,49.2,34,374,3060,34.0,36,26,35,1,6,0.0,0.0,1.06,0.76,1.82,1.03,1.79,39.2,34.4,25.2,59.6,1.15,0.74,1.89,1.01,1.75,Bundesliga,2017-2018,85159484018358879
