Rk,Squad,# Pl,90s,Goals GA,Goals PKA,Goals FK,Goals CK,Goals OG,Expected PSxG,Expected PSxG/SoT,Expected PSxG+/-,Expected /90,Launched Cmp,Launched Att,Launched Cmp%,Passes Att,Passes Thr,Passes Launch%,Passes AvgLen,Goal Kicks Att,Goal Kicks Launch%,Goal Kicks AvgLen,Crosses Opp,Crosses Stp,Crosses Stp%,Sweeper #OPA,Sweeper #OPA/90,Sweeper AvgDist,League,Season,TeamID
1,Alavés,2,11.0,14,2,0,4,0,12.7,0.28,-1.3,-0.12,125,230,54.3,233,22,67.8,49.9,112,64.3,49.0,135,12,8.9,3,0.27,12.0,La Liga,2021-2022,37745278530914180
2,Angers,1,12.0,15,3,1,5,0,12.0,0.25,-3.0,-0.25,49,114,43.0,226,77,32.3,35.2,94,43.6,39.7,126,16,12.7,7,0.58,14.4,Ligue 1,2021-2022,66587352409382849
3,Arminia,1,10.0,16,3,0,3,0,16.2,0.29,0.2,0.02,142,296,48.0,449,32,52.6,44.8,91,65.9,54.0,90,7,7.8,11,1.1,16.9,Bundesliga,2021-2022,60726784699523350
4,Arsenal,2,10.0,13,0,0,1,0,13.2,0.29,0.2,0.02,59,172,34.3,258,53,43.4,38.2,80,75.0,55.9,95,8,8.4,6,0.6,14.9,Premier League,2021-2022,5838645288327307
5,Aston Villa,2,10.0,19,0,1,4,1,14.1,0.29,-3.9,-0.39,66,161,41.0,270,40,44.4,39.2,83,49.4,42.4,64,5,7.8,13,1.3,16.5,Premier League,2021-2022,14348480492050895
6,Atalanta,2,11.0,14,2,0,1,0,13.1,0.32,-0.9,-0.08,67,130,51.5,267,59,31.1,33.5,72,65.3,49.6,82,9,11.0,8,0.73,15.3,Serie A,2021-2022,87465877057901989
7,Athletic Club,2,11.0,7,2,0,0,0,6.9,0.19,-0.1,-0.01,52,129,40.3,195,48,47.2,40.9,90,41.1,40.3,112,5,4.5,7,0.64,13.0,La Liga,2021-2022,4823083458145023
8,Atlético Madrid,1,11.0,10,3,1,2,1,6.5,0.22,-2.5,-0.22,54,131,41.2,215,54,44.2,40.4,72,50.0,42.0,72,7,9.7,3,0.27,14.3,La Liga,2021-2022,74713976168286555
9,Augsburg,1,10.0,19,2,0,0,2,15.8,0.31,-1.2,-0.12,71,192,37.0,270,42,47.8,40.4,80,78.8,58.6,74,7,9.5,9,0.9,14.3,Bundesliga,2021-2022,82828683183786310
10,Barcelona,2,11.0,12,0,1,3,0,11.1,0.31,-0.9,-0.08,59,111,53.2,356,50,25.3,29.8,66,31.8,34.6,72,5,6.9,6,0.55,14.0,La Liga,2021-2022,81744823723090567
11,Bayern Munich,1,10.0,10,0,0,1,0,8.7,0.25,-1.3,-0.13,67,116,57.8,413,72,25.4,31.0,58,19.0,28.5,81,5,6.2,24,2.4,22.0,Bundesliga,2021-2022,7510926916741648
12,Betis,2,12.0,15,1,0,1,1,15.3,0.36,1.3,0.11,66,156,42.3,288,44,42.4,38.7,74,45.9,41.1,111,3,2.7,9,0.75,15.4,La Liga,2021-2022,9423348454032625
13,Bochum,1,10.0,18,0,1,1,1,19.2,0.35,2.2,0.22,160,356,44.9,398,23,72.1,51.8,86,80.2,56.6,89,11,12.4,20,2.0,18.0,Bundesliga,2021-2022,26656491983030423
14,Bologna,1,11.0,22,5,0,2,1,18.5,0.32,-2.5,-0.25,61,128,47.7,231,44,45.0,38.0,69,34.8,33.9,86,5,5.8,2,0.2,11.4,Serie A,2021-2022,23275147453355121
15,Bordeaux,1,12.0,24,3,0,3,0,21.9,0.3,-2.1,-0.17,90,226,39.8,322,43,48.8,40.6,87,79.3,56.1,89,7,7.9,13,1.08,16.0,Ligue 1,2021-2022,12683680850395737
16,Brentford,2,10.0,12,0,0,1,0,11.6,0.34,-0.4,-0.04,86,236,36.4,374,53,47.6,40.7,85,68.2,51.0,82,9,11.0,15,1.5,15.4,Premier League,2021-2022,27125852983275500
17,Brest,1,12.0,20,1,0,2,2,13.4,0.26,-4.6,-0.38,98,205,47.8,302,72,45.7,40.1,93,72.0,54.2,97,9,9.3,5,0.42,13.9,Ligue 1,2021-2022,27328509848090670
18,Brighton,1,10.0,11,2,0,1,0,10.0,0.24,-1.0,-0.1,67,189,35.4,406,51,35.0,36.8,67,70.1,56.0,85,16,18.8,12,1.2,15.5,Premier League,2021-2022,49072214318111932
19,Burnley,1,10.0,16,0,1,2,0,13.1,0.3,-2.9,-0.29,87,222,39.2,218,43,70.6,53.2,76,89.5,66.1,100,13,13.0,14,1.4,16.5,Premier League,2021-2022,21823480134907726
20,Cádiz,1,12.0,19,4,0,5,0,18.5,0.31,-0.5,-0.04,101,271,37.3,233,26,75.5,55.4,110,86.4,65.9,128,7,5.5,3,0.25,13.4,La Liga,2021-2022,1007679934589500
21,Cagliari,2,11.0,24,3,3,4,0,19.6,0.37,-2.4,-0.24,91,216,42.1,264,34,55.7,42.9,94,73.4,52.3,115,8,7.0,5,0.5,14.6,Serie A,2021-2022,32968728316179674
22,Celta Vigo,1,12.0,14,1,0,1,0,17.3,0.34,3.3,0.3,91,200,45.5,310,36,49.4,42.2,70,67.1,52.2,62,7,11.3,14,1.27,18.5,La Liga,2021-2022,14218303985450920
23,Chelsea,2,10.0,3,2,0,1,0,5.8,0.14,2.8,0.28,36,83,43.4,237,37,27.0,29.8,61,31.1,28.8,86,8,9.3,4,0.4,14.1,Premier League,2021-2022,58172670324373785
24,Clermont Foot,1,12.0,23,2,0,2,1,16.0,0.31,-6.0,-0.5,30,110,27.3,247,46,30.4,33.2,85,41.2,34.8,74,3,4.1,4,0.33,12.3,Ligue 1,2021-2022,54976968050746588
25,Crystal Palace,1,10.0,14,0,1,6,0,10.8,0.26,-3.2,-0.32,56,125,44.8,252,56,34.5,33.4,69,55.1,40.0,80,6,7.5,4,0.4,12.9,Premier League,2021-2022,15352059381074619
26,Dortmund,2,10.0,15,2,1,4,1,15.4,0.33,1.4,0.14,42,108,38.9,318,39,27.0,31.6,57,38.6,35.6,63,7,11.1,10,1.0,16.0,Bundesliga,2021-2022,6921931827204601
27,Eint Frankfurt,1,10.0,15,0,0,3,0,16.3,0.32,1.3,0.13,76,204,37.3,304,40,48.0,37.7,92,63.0,50.5,77,2,2.6,13,1.3,16.3,Bundesliga,2021-2022,37929111009288632
28,Elche,1,12.0,15,0,0,1,0,14.0,0.26,-1.0,-0.08,79,218,36.2,288,62,52.1,41.7,119,57.1,44.2,121,7,5.8,10,0.83,15.5,La Liga,2021-2022,30674441257210497
29,Empoli,1,11.0,21,1,0,2,3,17.2,0.3,-0.8,-0.07,40,112,35.7,258,57,29.5,31.7,95,37.9,37.2,118,9,7.6,8,0.73,13.6,Serie A,2021-2022,77726683749984272
30,Espanyol,1,12.0,13,0,0,0,1,12.6,0.24,0.6,0.05,60,167,35.9,281,57,41.6,37.7,116,43.1,37.4,140,11,7.9,11,0.92,14.9,La Liga,2021-2022,71314269182841176
31,Everton,2,10.0,16,0,0,3,1,11.7,0.31,-1.3,-0.15,59,192,30.7,190,33,67.4,50.7,84,76.2,62.3,87,7,8.0,4,0.44,13.4,Premier League,2021-2022,57482013681231466
32,Fiorentina,2,11.0,13,2,0,1,0,13.2,0.33,0.2,0.02,90,177,50.8,492,45,31.9,33.3,55,36.4,38.1,63,7,11.1,17,1.55,17.0,Serie A,2021-2022,24325362613855847
33,Freiburg,1,10.0,7,1,0,0,1,10.3,0.26,4.3,0.43,91,230,39.6,341,43,48.7,43.8,84,76.2,63.8,86,6,7.0,8,0.8,15.3,Bundesliga,2021-2022,17577284562417651
34,Genoa,1,11.0,22,3,0,3,1,19.1,0.32,-1.9,-0.17,76,175,43.4,292,35,51.7,40.7,56,42.9,35.6,89,7,7.9,3,0.27,12.8,Serie A,2021-2022,87033800759594150
35,Getafe,1,12.0,18,2,0,4,0,16.2,0.33,-1.8,-0.15,115,254,45.3,260,31,69.6,49.5,90,81.1,56.8,104,12,11.5,9,0.75,14.2,La Liga,2021-2022,23789167582387071
36,Granada,2,11.0,14,2,0,1,0,16.4,0.27,2.4,0.24,81,222,36.5,254,49,57.9,44.2,98,76.5,53.2,119,6,5.0,17,1.7,16.2,La Liga,2021-2022,45137124328012624
37,Greuther Fürth,2,10.0,27,3,0,5,3,21.3,0.37,-2.7,-0.27,83,222,37.4,308,37,53.9,44.9,81,69.1,53.6,86,5,5.8,15,1.5,17.4,Bundesliga,2021-2022,11035944553035865
38,Hellas Verona,2,11.0,20,2,0,1,2,17.8,0.32,-0.2,-0.02,77,211,36.5,261,54,60.5,44.6,77,68.8,48.5,98,6,6.1,4,0.36,13.7,Serie A,2021-2022,45227680351245381
39,Hertha BSC,1,10.0,23,3,1,3,0,20.3,0.42,-2.7,-0.27,66,172,38.4,268,55,39.9,36.3,93,69.9,53.5,111,2,1.8,5,0.5,13.0,Bundesliga,2021-2022,59737400018465050
40,Hoffenheim,1,10.0,15,0,0,2,0,15.0,0.35,0.0,0.0,50,147,34.0,370,54,33.0,33.2,78,32.1,31.3,77,5,6.5,13,1.3,14.9,Bundesliga,2021-2022,29322720181807625
41,Inter,1,11.0,12,3,0,2,0,11.3,0.21,-0.7,-0.06,65,122,53.3,305,49,34.1,31.6,56,32.1,30.7,87,3,3.4,2,0.18,11.5,Serie A,2021-2022,53198597771575973
42,Juventus,2,11.0,15,1,0,4,0,15.2,0.35,0.2,0.01,50,105,47.6,249,48,34.5,34.9,71,26.8,29.4,101,7,6.9,3,0.27,12.7,Serie A,2021-2022,19371054131726661
43,Köln,1,10.0,18,0,0,4,1,17.5,0.38,0.5,0.05,68,122,55.7,307,35,32.6,34.9,67,32.8,35.4,71,3,4.2,10,1.0,16.2,Bundesliga,2021-2022,39731782814123330
44,Lazio,1,11.0,19,2,0,2,0,17.6,0.39,-1.4,-0.13,77,149,51.7,331,53,36.3,34.1,78,37.2,33.7,102,4,3.9,8,0.73,14.2,Serie A,2021-2022,90751438076496109
45,Leeds United,1,10.0,17,1,0,4,1,14.6,0.27,-1.4,-0.14,42,116,36.2,316,73,28.5,29.7,87,29.9,31.4,56,8,14.3,14,1.4,16.1,Premier League,2021-2022,34570153325607342
46,Leicester City,1,10.0,17,2,0,2,1,11.9,0.23,-4.1,-0.41,67,177,37.9,304,48,46.1,39.2,91,40.7,38.7,94,8,8.5,6,0.6,13.1,Premier League,2021-2022,18776461863573874
47,Lens,1,12.0,14,2,1,0,0,13.8,0.32,-0.2,-0.02,56,140,40.0,256,64,39.8,36.8,74,51.4,43.5,92,15,16.3,6,0.5,13.3,Ligue 1,2021-2022,74951719010833888
48,Levante,3,12.0,23,1,0,5,0,14.7,0.25,-5.3,-0.48,62,140,44.3,243,49,44.0,39.3,72,45.8,37.1,99,4,4.0,8,0.73,14.3,La Liga,2021-2022,1566092639264277
49,Leverkusen,1,10.0,16,1,1,1,0,17.8,0.29,1.8,0.18,61,167,36.5,319,58,37.0,35.3,83,59.0,48.3,80,5,6.3,10,1.0,16.1,Bundesliga,2021-2022,36794408106212849
50,Lille,2,12.0,18,2,1,4,0,15.9,0.28,-2.1,-0.17,61,152,40.1,250,52,42.4,37.7,84,54.8,45.2,107,10,9.3,10,0.83,16.0,Ligue 1,2021-2022,85603837513355486
51,Liverpool,2,10.0,8,0,0,1,0,8.3,0.28,0.3,0.03,59,100,59.0,305,51,23.6,30.2,58,48.3,40.2,80,8,10.0,13,1.3,16.4,Premier League,2021-2022,41956650829873911
52,Lorient,1,12.0,18,2,2,2,0,17.1,0.3,-0.9,-0.07,45,200,22.5,200,40,56.0,45.4,107,82.2,62.7,120,4,3.3,2,0.17,12.9,Ligue 1,2021-2022,37325341301512527
53,Lyon,2,12.0,17,4,1,1,2,17.4,0.22,2.4,0.2,54,101,53.5,294,62,26.2,31.4,89,27.0,31.2,103,5,4.9,10,0.83,15.6,Ligue 1,2021-2022,87005642993871754
54,M'Gladbach,1,10.0,13,0,1,1,1,12.9,0.32,0.9,0.09,57,131,43.5,341,45,31.1,32.8,62,40.3,39.1,65,5,7.7,12,1.2,15.5,Bundesliga,2021-2022,81611584009946193
55,Mainz 05,1,10.0,10,1,0,0,0,10.3,0.32,0.3,0.03,42,136,30.9,240,54,41.3,37.6,77,48.1,44.9,85,6,7.1,13,1.3,16.7,Bundesliga,2021-2022,71158960989778912
56,Mallorca,2,12.0,17,1,1,0,1,12.0,0.26,-4.0,-0.33,78,213,36.6,274,49,56.6,44.7,101,57.4,43.5,109,10,9.2,9,0.75,14.6,La Liga,2021-2022,96459977719332900
57,Manchester City,2,10.0,6,1,0,0,0,5.1,0.24,-0.9,-0.09,40,75,53.3,257,55,24.1,29.9,47,27.7,33.3,53,4,7.5,15,1.5,17.2,Premier League,2021-2022,74026506610392765
58,Manchester Utd,1,10.0,15,0,0,2,1,15.3,0.37,1.3,0.13,34,65,52.3,152,31,23.7,30.3,77,37.7,35.4,75,4,5.3,2,0.2,13.4,Premier League,2021-2022,29078730489839024
59,Marseille,2,12.0,12,2,0,3,1,10.5,0.25,-0.5,-0.04,50,109,45.9,330,44,26.1,29.3,85,27.1,30.8,71,7,9.9,7,0.58,15.4,Ligue 1,2021-2022,66190039714113630
60,Metz,2,12.0,27,2,0,2,2,21.4,0.36,-3.6,-0.3,95,226,42.0,252,70,57.5,46.4,94,86.2,61.1,104,18,17.3,12,1.0,15.5,Ligue 1,2021-2022,14635757597311544
61,Milan,2,11.0,10,2,0,0,1,11.0,0.23,2.0,0.18,61,143,42.7,304,39,39.5,37.3,65,35.4,39.1,75,7,9.3,11,1.0,15.4,Serie A,2021-2022,59378513948613436
62,Monaco,1,12.0,16,3,0,2,1,14.0,0.31,-1.0,-0.08,48,145,33.1,269,42,38.3,36.5,76,55.3,46.4,72,5,6.9,8,0.67,17.1,Ligue 1,2021-2022,79093238158793616
63,Montpellier,2,12.0,19,0,1,2,1,15.7,0.29,-2.3,-0.19,83,193,43.0,333,66,41.4,36.2,111,49.5,41.6,96,9,9.4,3,0.25,12.8,Ligue 1,2021-2022,32434714471076965
64,Nantes,1,12.0,14,0,0,3,0,13.5,0.28,-0.5,-0.04,61,210,29.0,264,34,49.6,45.2,88,89.8,64.3,84,8,9.5,4,0.33,14.0,Ligue 1,2021-2022,25802633648495862
65,Napoli,2,11.0,3,0,0,1,0,4.7,0.17,1.7,0.16,42,85,49.4,232,36,29.3,31.9,58,29.3,30.2,77,11,14.3,1,0.09,9.7,Serie A,2021-2022,10516137814401134
66,Newcastle Utd,2,10.0,23,3,0,1,0,17.2,0.29,-5.8,-0.58,84,215,39.1,223,30,65.5,49.2,95,72.6,56.3,86,6,7.0,4,0.4,13.9,Premier League,2021-2022,29528772732587842
67,Nice,1,12.0,9,2,0,0,0,12.0,0.28,3.0,0.25,50,130,38.5,231,43,38.1,34.6,68,61.8,48.0,81,5,6.2,7,0.58,14.8,Ligue 1,2021-2022,11720969662561653
68,Norwich City,1,10.0,25,2,0,3,2,20.3,0.36,-2.7,-0.27,77,199,38.7,339,57,45.7,39.9,85,51.8,44.0,94,5,5.3,5,0.5,12.8,Premier League,2021-2022,42809968147687487
69,Osasuna,2,12.0,15,1,0,4,1,11.4,0.25,-2.6,-0.22,136,295,46.1,269,24,79.2,55.5,90,91.1,63.8,136,10,7.4,16,1.33,15.8,La Liga,2021-2022,83352675823776457
70,Paris S-G,2,12.0,11,0,0,2,0,11.3,0.29,0.3,0.02,30,48,62.5,252,66,13.5,25.4,85,16.5,22.9,94,7,7.4,12,1.0,15.3,Ligue 1,2021-2022,11177590892093073
71,Rayo Vallecano,2,12.0,12,4,0,0,1,13.8,0.28,2.8,0.25,63,211,29.9,250,54,57.2,46.5,87,78.2,59.3,88,7,8.0,3,0.27,10.6,La Liga,2021-2022,75203699329351977
72,RB Leipzig,1,10.0,10,2,0,1,0,12.5,0.33,2.5,0.25,65,141,46.1,274,43,41.2,37.0,61,45.9,39.9,72,3,4.2,15,1.5,17.8,Bundesliga,2021-2022,68159208261559796
73,Real Madrid,1,11.0,12,1,0,0,0,11.5,0.28,-0.5,-0.05,30,90,33.3,282,54,23.4,31.5,61,39.3,38.5,92,10,10.9,7,0.64,13.8,La Liga,2021-2022,29627131003986350
74,Real Sociedad,2,12.0,10,2,1,1,0,9.7,0.24,-0.3,-0.02,94,180,52.2,319,47,42.9,36.9,70,61.4,49.1,107,11,10.3,12,1.0,14.7,La Liga,2021-2022,57299950304530590
75,Reims,1,12.0,17,2,0,3,0,13.6,0.28,-3.4,-0.28,56,164,34.1,294,61,42.5,39.4,78,50.0,42.2,113,7,6.2,14,1.17,16.2,Ligue 1,2021-2022,67732085073987538
76,Rennes,2,12.0,11,0,0,2,0,11.1,0.33,0.1,0.01,54,118,45.8,297,69,23.6,28.9,83,57.8,47.2,127,9,7.1,7,0.58,14.3,Ligue 1,2021-2022,96819424452761337
77,Roma,1,11.0,12,1,1,1,0,12.1,0.27,0.1,0.01,64,123,52.0,246,40,41.5,36.3,70,30.0,32.5,81,3,3.7,7,0.64,13.1,Serie A,2021-2022,764736481564168
78,Saint-Étienne,2,12.0,26,1,2,2,1,20.8,0.33,-4.2,-0.35,70,180,38.9,268,57,42.9,38.3,93,69.9,53.7,89,5,5.6,12,1.0,15.5,Ligue 1,2021-2022,56226069621228236
79,Salernitana,1,11.0,23,1,0,4,1,16.1,0.27,-5.9,-0.53,57,156,36.5,177,40,51.4,43.9,90,72.2,53.4,94,5,5.3,6,0.55,14.0,Serie A,2021-2022,63444195793016658
80,Sampdoria,1,11.0,23,1,1,3,1,18.8,0.32,-3.2,-0.29,94,203,46.3,282,39,51.4,41.1,83,69.9,51.0,85,8,9.4,5,0.45,14.9,Serie A,2021-2022,89407679695143145
81,Sassuolo,1,11.0,15,3,0,1,0,11.8,0.25,-3.2,-0.29,95,173,54.9,399,45,36.6,34.1,79,34.2,29.7,105,10,9.5,2,0.18,11.6,Serie A,2021-2022,79200252522790650
82,Sevilla,2,11.0,7,0,0,0,0,7.8,0.22,0.8,0.07,48,129,37.2,288,46,32.3,33.9,71,50.7,44.0,93,8,8.6,14,1.27,15.5,La Liga,2021-2022,22702270477938803
83,Southampton,1,10.0,12,0,0,2,0,13.1,0.36,1.1,0.11,48,154,31.2,234,44,42.7,39.0,72,75.0,56.6,95,15,15.8,2,0.2,12.8,Premier League,2021-2022,21037626007536306
84,Spezia,2,11.0,26,3,0,3,1,23.0,0.34,-2.0,-0.18,56,157,35.7,339,57,37.5,36.9,68,44.1,39.4,82,6,7.3,11,1.0,16.0,Serie A,2021-2022,41730244034743257
85,Strasbourg,1,12.0,16,2,0,3,1,17.0,0.34,2.0,0.17,63,144,43.8,234,41,45.7,38.2,86,43.0,40.5,87,8,9.2,6,0.5,14.5,Ligue 1,2021-2022,92234479374253707
86,Stuttgart,2,10.0,19,1,1,4,0,15.9,0.26,-3.1,-0.31,42,84,50.0,229,46,31.0,31.2,81,16.0,24.0,92,6,6.5,9,0.9,13.9,Bundesliga,2021-2022,81761661302668293
87,Torino,1,11.0,11,2,0,1,0,11.5,0.33,0.5,0.05,91,288,31.6,350,39,66.0,52.9,60,95.0,74.8,55,6,10.9,9,0.82,15.2,Serie A,2021-2022,21846272194836439
88,Tottenham,1,10.0,16,1,0,3,1,15.1,0.34,0.1,0.01,61,140,43.6,172,31,51.2,40.1,88,59.1,44.1,99,3,3.0,4,0.4,13.9,Premier League,2021-2022,22006624071753704
89,Troyes,1,12.0,17,2,0,5,0,17.3,0.3,0.3,0.03,113,244,46.3,338,63,51.8,41.6,105,65.7,47.1,128,10,7.8,7,0.58,12.8,Ligue 1,2021-2022,57069542099991496
90,Udinese,1,11.0,16,3,0,3,1,13.0,0.24,-2.0,-0.18,65,152,42.8,218,23,49.1,40.0,98,45.9,39.1,74,3,4.1,2,0.18,11.5,Serie A,2021-2022,48393495896639342
91,Union Berlin,1,10.0,15,1,0,0,1,13.9,0.34,-0.1,-0.01,62,184,33.7,298,51,46.6,39.8,72,62.5,46.2,84,10,11.9,7,0.7,14.0,Bundesliga,2021-2022,71630543971501382
92,Valencia,2,12.0,17,2,0,2,1,14.0,0.26,-2.0,-0.17,90,208,43.3,246,50,57.7,44.4,84,78.6,58.4,99,6,6.1,2,0.17,12.4,La Liga,2021-2022,65158650443085242
93,Venezia,3,11.0,17,2,0,0,1,19.4,0.35,3.4,0.31,53,123,43.1,273,66,34.1,34.0,84,35.7,33.5,114,9,7.9,4,0.36,12.2,Serie A,2021-2022,94916874898547392
94,Villarreal,2,11.0,12,2,0,0,1,9.9,0.3,-1.1,-0.1,34,89,38.2,316,53,19.3,30.4,81,34.6,36.6,118,12,10.2,10,0.91,17.0,La Liga,2021-2022,63335634096533483
95,Watford,2,10.0,18,1,1,3,1,15.9,0.35,-1.1,-0.11,78,180,43.3,234,47,50.9,43.3,93,65.6,52.7,99,6,6.1,8,0.8,15.9,Premier League,2021-2022,73743918793554398
96,West Ham,1,10.0,11,0,0,1,0,10.5,0.29,-0.5,-0.05,59,130,45.4,178,48,45.5,40.3,72,68.1,51.8,90,6,6.7,1,0.1,11.8,Premier League,2021-2022,57680956417459581
97,Wolfsburg,1,10.0,12,1,0,1,0,12.0,0.34,0.0,0.0,71,142,50.0,332,36,31.6,33.3,72,51.4,43.2,77,4,5.2,8,0.8,14.9,Bundesliga,2021-2022,85159484018358879
98,Wolves,1,10.0,10,3,0,0,0,10.1,0.23,1.1,0.12,42,107,39.3,168,50,44.0,41.6,62,53.2,44.3,66,6,9.1,10,1.11,16.2,Premier League,2021-2022,24001928852251903
1,Alavés,2,38.0,57,3,0,6,0,54.9,0.38,-2.1,-0.05,333,658,50.6,796,113,58.4,45.0,307,62.9,47.3,337,32,9.5,23,0.61,14.7,La Liga,2020-2021,37745278530914180
2,Angers,1,38.0,58,7,0,6,1,49.9,0.33,-7.1,-0.19,177,512,34.6,720,210,43.9,38.9,269,72.9,52.8,318,24,7.5,11,0.29,13.1,Ligue 1,2020-2021,66587352409382849
3,Arminia,1,34.0,52,5,0,6,1,52.1,0.29,1.1,0.03,488,1038,47.0,1720,116,51.1,43.4,246,64.6,51.6,338,28,8.3,34,1.0,15.3,Bundesliga,2020-2021,60726784699523350
4,Arsenal,3,38.0,39,2,0,5,4,41.4,0.31,6.4,0.17,116,352,33.0,998,187,21.6,28.5,236,57.6,46.0,334,30,9.0,23,0.61,14.5,Premier League,2020-2021,5838645288327307
5,Aston Villa,1,38.0,46,5,2,4,1,52.4,0.27,7.4,0.2,289,728,39.7,1041,162,52.7,42.5,254,70.5,52.9,393,33,8.4,21,0.55,13.1,Premier League,2020-2021,14348480492050895
6,Atalanta,2,38.0,47,5,0,5,1,40.9,0.31,-5.1,-0.14,166,379,43.8,869,151,30.6,33.4,174,64.9,50.8,223,14,6.3,38,1.0,16.5,Serie A,2020-2021,87465877057901989
7,Athletic Club,2,38.0,42,5,1,8,1,36.7,0.29,-4.3,-0.11,242,542,44.6,815,207,41.7,38.7,272,74.3,56.5,377,22,5.8,24,0.63,14.3,La Liga,2020-2021,4823083458145023
8,Atlético Madrid,1,38.0,25,1,0,6,3,31.8,0.25,9.8,0.26,269,620,43.4,714,122,59.5,44.6,289,67.5,50.2,327,19,5.8,18,0.47,15.3,La Liga,2020-2021,74713976168286555
9,Augsburg,1,34.0,55,6,0,4,3,51.9,0.27,0.9,0.03,256,653,39.2,1101,215,43.4,37.5,298,58.7,46.8,401,26,6.5,26,0.76,14.4,Bundesliga,2020-2021,82828683183786310
10,Barcelona,2,38.0,38,5,1,5,2,35.8,0.26,-0.2,-0.01,160,288,55.6,1065,185,22.0,29.1,209,25.8,29.9,238,23,9.7,26,0.68,16.7,La Liga,2020-2021,81744823723090567
11,Bayern Munich,2,34.0,44,1,0,6,0,46.1,0.34,2.1,0.06,240,394,60.9,1158,191,30.4,31.9,194,21.6,29.0,238,6,2.5,42,1.24,16.3,Bundesliga,2020-2021,7510926916741648
12,Benevento,2,38.0,75,4,0,12,6,66.1,0.36,-2.9,-0.08,250,673,37.1,988,182,50.8,40.4,279,61.3,45.9,388,39,10.1,22,0.58,14.7,Serie A,2020-2021,38159059008947812
13,Betis,2,38.0,50,8,1,7,3,48.6,0.33,1.6,0.04,238,659,36.1,968,161,52.5,43.0,246,61.4,48.5,331,20,6.0,22,0.58,14.5,La Liga,2020-2021,9423348454032625
14,Bologna,3,38.0,65,7,2,9,2,62.0,0.31,-1.0,-0.03,165,414,39.9,1098,204,30.5,32.0,293,27.0,25.4,312,26,8.3,25,0.66,13.7,Serie A,2020-2021,23275147453355121
15,Bordeaux,1,38.0,57,7,2,6,1,46.6,0.27,-8.4,-0.22,318,690,46.1,1035,144,47.3,39.2,291,68.7,50.5,324,18,5.6,21,0.55,13.8,Ligue 1,2020-2021,12683680850395737
16,Brest,2,38.0,66,9,1,6,2,57.4,0.3,-6.6,-0.17,235,492,47.8,1050,178,37.2,36.8,304,33.2,34.8,369,29,7.9,17,0.45,13.0,Ligue 1,2020-2021,27328509848090670
17,Brighton,2,38.0,46,6,0,9,2,45.6,0.35,1.6,0.04,239,613,39.0,1259,163,38.6,36.7,235,54.0,45.1,313,18,5.8,20,0.53,14.4,Premier League,2020-2021,49072214318111932
18,Burnley,3,38.0,55,3,0,11,1,51.5,0.27,-2.5,-0.07,354,901,39.3,849,134,75.6,53.8,299,86.6,63.2,379,43,11.3,45,1.18,16.4,Premier League,2020-2021,21823480134907726
19,Cádiz,3,38.0,58,9,2,5,1,47.0,0.28,-10.0,-0.26,398,1033,38.5,837,74,83.4,57.9,352,95.2,69.4,397,37,9.3,17,0.45,13.2,La Liga,2020-2021,1007679934589500
20,Cagliari,2,38.0,59,5,1,9,0,60.2,0.28,1.2,0.03,233,546,42.7,765,144,46.7,37.5,304,62.2,44.6,360,33,9.2,15,0.39,12.6,Serie A,2020-2021,32968728316179674
21,Celta Vigo,2,38.0,57,7,2,4,1,50.9,0.35,-5.1,-0.13,216,668,32.3,1032,159,45.1,38.7,316,64.2,49.1,360,27,7.5,27,0.71,15.0,La Liga,2020-2021,14218303985450920
22,Chelsea,3,38.0,36,3,1,5,1,32.9,0.29,-2.1,-0.05,165,346,47.7,1044,166,25.3,29.1,232,35.3,32.5,255,18,7.1,28,0.74,16.0,Premier League,2020-2021,58172670324373785
23,Crotone,3,38.0,92,5,2,10,2,78.4,0.35,-11.6,-0.3,265,634,41.8,1195,173,41.7,35.1,331,41.1,34.1,338,19,5.6,31,0.82,14.8,Serie A,2020-2021,33431629624225246
24,Crystal Palace,2,38.0,66,3,1,9,0,62.6,0.35,-3.4,-0.09,256,739,34.6,779,149,59.2,44.1,322,86.3,61.3,377,27,7.2,17,0.45,13.3,Premier League,2020-2021,15352059381074619
25,Dijon,3,38.0,73,7,1,10,2,66.6,0.33,-4.4,-0.12,221,629,35.1,900,197,44.4,37.8,349,65.6,48.7,382,25,6.5,26,0.68,14.4,Ligue 1,2020-2021,59239312409540653
26,Dortmund,2,34.0,46,6,0,7,1,41.2,0.28,-3.8,-0.11,186,382,48.7,947,175,29.7,32.2,232,43.5,39.2,213,16,7.5,13,0.38,13.8,Bundesliga,2020-2021,6921931827204601
27,Eibar,2,38.0,52,3,0,5,0,49.1,0.34,-2.9,-0.08,344,860,40.0,936,124,67.3,53.5,252,91.3,72.7,264,21,8.0,49,1.29,17.0,La Liga,2020-2021,67267904110326262
28,Eint Frankfurt,2,34.0,53,4,1,7,2,45.5,0.28,-5.5,-0.16,261,658,39.7,1121,170,46.2,37.9,274,51.1,43.1,296,24,8.1,23,0.68,14.7,Bundesliga,2020-2021,37929111009288632
29,Elche,2,38.0,55,6,0,8,1,53.2,0.3,-0.8,-0.02,323,679,47.6,1043,167,43.0,38.4,347,66.3,47.4,361,28,7.8,21,0.55,12.8,La Liga,2020-2021,30674441257210497
30,Everton,3,38.0,48,3,1,5,1,48.5,0.3,1.5,0.04,328,765,42.9,1106,159,52.9,43.2,262,68.7,54.5,348,28,8.0,20,0.53,14.4,Premier League,2020-2021,57482013681231466
31,Fiorentina,2,38.0,59,8,1,11,2,56.6,0.34,-0.4,-0.01,256,632,40.5,858,176,52.9,42.4,292,61.0,47.0,372,24,6.5,17,0.45,14.2,Serie A,2020-2021,24325362613855847
32,Freiburg,2,34.0,52,4,2,3,2,54.5,0.31,4.5,0.13,220,651,33.8,1164,158,36.9,37.3,299,74.2,58.0,277,13,4.7,24,0.71,14.9,Bundesliga,2020-2021,17577284562417651
33,Fulham,2,38.0,53,7,0,5,1,58.6,0.33,6.6,0.17,178,445,40.0,791,165,37.7,33.9,256,57.4,43.0,341,34,10.0,21,0.55,13.9,Premier League,2020-2021,19227944656237519
34,Genoa,3,38.0,58,7,0,7,2,59.1,0.3,3.1,0.08,255,694,36.7,1051,167,50.8,39.8,329,48.6,39.1,393,17,4.3,12,0.32,12.3,Serie A,2020-2021,87033800759594150
35,Getafe,2,38.0,43,7,0,4,3,41.2,0.33,1.2,0.03,388,952,40.8,869,43,83.7,56.6,263,85.6,59.8,280,25,8.9,49,1.29,16.7,La Liga,2020-2021,23789167582387071
36,Granada,3,38.0,65,6,2,4,1,63.2,0.35,-0.8,-0.02,330,890,37.1,940,81,67.2,49.7,316,81.6,59.4,366,16,4.4,42,1.11,16.5,La Liga,2020-2021,45137124328012624
37,Hellas Verona,3,38.0,48,6,1,8,2,42.8,0.28,-3.2,-0.08,228,816,27.9,813,87,66.8,46.1,301,90.7,59.4,319,12,3.8,15,0.39,13.3,Serie A,2020-2021,45227680351245381
38,Hertha BSC,2,34.0,52,7,1,5,1,47.0,0.3,-4.0,-0.12,234,512,45.7,909,148,37.6,36.0,293,58.0,46.7,303,21,6.9,16,0.47,13.5,Bundesliga,2020-2021,59737400018465050
39,Hoffenheim,2,34.0,54,6,1,4,2,53.0,0.33,1.0,0.03,202,484,41.7,1238,193,32.4,32.6,224,37.1,33.7,282,11,3.9,37,1.09,15.2,Bundesliga,2020-2021,29322720181807625
40,Huesca,2,38.0,53,5,1,10,2,46.9,0.3,-4.1,-0.11,227,589,38.5,1092,178,41.8,37.7,292,45.5,40.5,355,24,6.8,22,0.58,14.5,La Liga,2020-2021,16593090704373522
41,Inter,3,38.0,35,5,1,3,1,32.0,0.24,-2.0,-0.05,130,267,48.7,967,161,22.2,28.7,191,27.2,30.3,303,16,5.3,16,0.42,12.0,Serie A,2020-2021,53198597771575973
42,Juventus,3,38.0,38,6,1,4,2,34.2,0.24,-1.8,-0.05,152,279,54.5,1086,174,21.7,29.2,244,17.6,24.8,323,19,5.9,30,0.79,14.6,Serie A,2020-2021,19371054131726661
43,Köln,2,34.0,60,8,1,6,0,53.3,0.3,-6.7,-0.2,278,612,45.4,1128,121,45.0,39.0,221,47.1,40.6,279,9,3.2,23,0.68,14.0,Bundesliga,2020-2021,39731782814123330
44,Lazio,2,38.0,55,10,0,8,2,49.5,0.29,-3.5,-0.09,251,490,51.2,1265,171,34.6,33.7,199,26.1,28.1,295,18,6.1,13,0.34,14.2,Serie A,2020-2021,90751438076496109
45,Leeds United,2,38.0,54,8,1,11,2,59.6,0.27,7.6,0.2,197,435,45.3,1145,290,27.9,30.3,297,38.7,34.0,216,24,11.1,21,0.55,13.7,Premier League,2020-2021,34570153325607342
46,Leicester City,1,38.0,50,4,0,9,2,48.5,0.34,0.5,0.01,226,533,42.4,1009,164,42.4,38.0,209,50.2,42.7,297,24,8.1,14,0.37,13.0,Premier League,2020-2021,18776461863573874
47,Lens,2,38.0,54,11,0,7,3,50.5,0.31,-0.5,-0.01,206,535,38.5,790,138,51.6,41.3,268,47.4,40.0,285,18,6.3,22,0.58,14.8,Ligue 1,2020-2021,74951719010833888
48,Levante,3,38.0,57,3,1,6,2,52.8,0.31,-2.2,-0.06,171,445,38.4,941,196,38.4,36.2,273,30.8,31.5,350,23,6.6,37,0.97,15.1,La Liga,2020-2021,1566092639264277
49,Leverkusen,3,34.0,39,1,1,0,2,36.2,0.32,-0.8,-0.02,224,545,41.1,1404,219,33.7,33.9,208,34.6,32.9,243,25,10.3,36,1.06,16.1,Bundesliga,2020-2021,36794408106212849
50,Lille,1,38.0,23,1,0,7,2,25.8,0.23,4.8,0.13,153,437,35.0,832,191,34.9,35.3,238,61.8,52.2,286,23,8.0,26,0.68,15.5,Ligue 1,2020-2021,85603837513355486
51,Liverpool,3,38.0,42,4,1,6,0,48.0,0.33,6.0,0.16,147,326,45.1,1089,189,23.6,30.7,209,33.0,35.1,266,26,9.8,46,1.21,17.5,Premier League,2020-2021,41956650829873911
52,Lorient,2,38.0,69,10,1,6,1,52.0,0.28,-15.0,-0.39,192,556,34.5,695,151,48.8,40.4,305,71.1,52.3,291,16,5.5,20,0.53,14.1,Ligue 1,2020-2021,37325341301512527
53,Lyon,1,38.0,43,5,2,4,2,43.2,0.3,2.2,0.06,214,407,52.6,926,181,32.7,33.4,250,41.6,36.8,308,16,5.2,39,1.03,17.1,Ligue 1,2020-2021,87005642993871754
54,M'Gladbach,2,34.0,56,6,0,7,0,50.2,0.32,-5.8,-0.17,217,476,45.6,1129,137,33.7,33.0,257,37.0,35.0,296,17,5.7,24,0.71,13.8,Bundesliga,2020-2021,81611584009946193
55,Mainz 05,2,34.0,56,6,1,5,1,49.9,0.29,-5.1,-0.15,175,527,33.2,891,212,42.6,39.1,276,53.3,45.5,328,29,8.8,21,0.62,13.8,Bundesliga,2020-2021,71158960989778912
56,Manchester City,3,38.0,32,8,0,3,1,32.3,0.27,1.3,0.03,141,312,45.2,966,158,24.5,31.4,168,44.6,42.0,196,14,7.1,23,0.61,15.6,Premier League,2020-2021,74026506610392765
57,Manchester Utd,2,38.0,44,4,1,9,2,42.1,0.29,0.1,0.0,135,328,41.2,642,141,35.7,34.2,266,37.2,34.4,300,18,6.0,23,0.61,14.6,Premier League,2020-2021,29078730489839024
58,Marseille,2,38.0,47,3,1,8,1,45.3,0.34,-0.7,-0.02,203,563,36.1,1056,194,37.5,35.2,293,57.0,44.4,375,27,7.2,23,0.61,14.0,Ligue 1,2020-2021,66190039714113630
59,Metz,2,38.0,49,12,1,6,1,49.7,0.28,2.7,0.07,282,649,43.5,819,216,51.4,42.0,318,71.7,53.7,351,42,12.0,39,1.03,16.5,Ligue 1,2020-2021,14635757597311544
60,Milan,2,38.0,41,3,2,9,1,42.6,0.3,2.6,0.07,185,436,42.4,1049,147,32.8,32.1,223,41.3,35.8,338,30,8.9,22,0.58,14.5,Serie A,2020-2021,59378513948613436
61,Monaco,3,38.0,42,5,1,2,1,31.5,0.29,-9.5,-0.25,229,553,41.4,1078,137,39.6,35.9,243,51.9,43.7,266,14,5.3,43,1.13,18.2,Ligue 1,2020-2021,79093238158793616
62,Montpellier,2,38.0,62,12,0,6,2,63.2,0.29,3.2,0.08,343,703,48.8,970,217,48.7,40.0,325,71.1,53.4,362,37,10.2,16,0.42,13.3,Ligue 1,2020-2021,32434714471076965
63,Nantes,1,38.0,55,10,2,8,1,52.3,0.27,-1.7,-0.04,218,675,32.3,869,128,53.4,44.5,258,81.8,57.8,327,24,7.3,25,0.66,14.9,Ligue 1,2020-2021,25802633648495862
64,Napoli,2,38.0,41,5,1,3,1,36.0,0.28,-4.0,-0.1,136,272,50.0,994,146,23.6,29.0,152,24.3,27.2,266,26,9.8,18,0.47,14.2,Serie A,2020-2021,10516137814401134
65,Newcastle Utd,2,38.0,62,4,1,5,3,56.5,0.29,-2.5,-0.07,263,718,36.6,812,152,57.0,45.4,341,74.8,55.6,400,35,8.8,12,0.32,12.2,Premier League,2020-2021,29528772732587842
66,Nice,1,38.0,53,7,0,12,0,48.5,0.26,-4.5,-0.12,129,347,37.2,924,170,25.8,29.6,302,36.1,34.7,356,25,7.0,17,0.45,13.3,Ligue 1,2020-2021,11720969662561653
67,Nîmes,1,38.0,71,6,1,7,0,63.8,0.29,-7.2,-0.19,298,800,37.3,1287,144,46.3,40.5,300,68.0,50.4,362,19,5.2,27,0.71,14.5,Ligue 1,2020-2021,83514802313158576
68,Osasuna,3,38.0,48,5,0,6,2,51.2,0.33,5.2,0.14,487,1041,46.8,991,92,76.3,54.0,301,94.7,65.1,429,35,8.2,55,1.45,16.1,La Liga,2020-2021,83352675823776457
69,Paris S-G,3,38.0,28,1,0,3,1,33.2,0.25,6.2,0.16,117,222,52.7,763,163,23.2,29.0,228,19.7,27.5,267,10,3.7,19,0.5,13.3,Ligue 1,2020-2021,11177590892093073
70,Parma,2,38.0,83,3,0,12,3,65.6,0.35,-14.4,-0.38,367,667,55.0,1214,186,44.6,38.2,281,44.8,39.0,429,26,6.1,12,0.32,12.8,Serie A,2020-2021,62695319081093388
71,RB Leipzig,2,34.0,32,3,0,3,0,26.5,0.3,-5.5,-0.16,140,288,48.6,1047,176,24.5,30.4,171,18.7,27.2,195,12,6.2,54,1.59,18.6,Bundesliga,2020-2021,68159208261559796
72,Real Madrid,1,38.0,28,7,0,3,1,29.8,0.22,2.8,0.07,136,351,38.7,1074,234,24.1,32.2,233,39.5,39.2,286,27,9.4,24,0.63,15.0,La Liga,2020-2021,29627131003986350
73,Real Sociedad,1,38.0,38,3,0,5,1,32.4,0.3,-4.6,-0.12,232,561,41.4,988,128,42.7,38.1,215,64.7,52.0,291,17,5.8,26,0.68,15.7,La Liga,2020-2021,57299950304530590
74,Reims,2,38.0,50,5,0,8,1,49.8,0.28,0.8,0.02,249,739,33.7,1151,170,45.1,40.4,355,62.0,49.4,365,21,5.8,23,0.61,14.1,Ligue 1,2020-2021,67732085073987538
75,Rennes,3,38.0,40,3,0,4,0,41.0,0.31,1.0,0.03,205,468,43.8,982,193,32.6,32.4,260,56.9,45.4,277,27,9.7,46,1.21,16.6,Ligue 1,2020-2021,96819424452761337
76,Roma,3,38.0,55,5,2,5,3,49.5,0.28,-2.5,-0.07,172,406,42.4,1030,203,31.7,32.7,222,35.6,34.0,255,11,4.3,32,0.84,15.8,Serie A,2020-2021,764736481564168
77,Saint-Étienne,3,38.0,54,6,4,6,2,48.4,0.33,-3.6,-0.1,187,516,36.2,857,186,38.4,37.5,279,67.0,51.0,307,20,6.5,14,0.37,13.5,Ligue 1,2020-2021,56226069621228236
78,Sampdoria,2,38.0,54,7,1,6,1,52.2,0.27,-0.8,-0.02,256,617,41.5,1024,182,43.8,38.2,266,63.5,47.0,393,30,7.6,15,0.39,12.7,Serie A,2020-2021,89407679695143145
79,Sassuolo,2,38.0,56,4,0,4,1,57.6,0.3,2.6,0.07,185,410,45.1,1136,163,30.6,30.8,243,25.5,25.5,331,29,8.8,26,0.68,15.9,Serie A,2020-2021,79200252522790650
80,Schalke 04,3,34.0,86,7,1,18,5,71.8,0.29,-9.2,-0.27,188,575,32.7,981,187,40.1,36.1,303,60.1,45.0,319,16,5.0,28,0.82,14.5,Bundesliga,2020-2021,24345039935475884
81,Sevilla,2,38.0,33,4,0,4,2,29.4,0.23,-1.6,-0.04,219,460,47.6,1017,165,33.3,34.5,225,53.8,42.2,324,34,10.5,26,0.68,15.4,La Liga,2020-2021,22702270477938803
82,Sheffield Utd,1,38.0,63,3,0,8,3,61.9,0.29,1.9,0.05,290,859,33.8,860,124,70.0,52.8,281,91.5,69.7,336,32,9.5,22,0.58,15.3,Premier League,2020-2021,93216768512646707
83,Southampton,2,38.0,68,8,1,5,1,56.7,0.3,-10.3,-0.27,198,678,29.2,1108,153,46.8,37.6,235,67.7,48.1,327,29,8.9,27,0.71,15.1,Premier League,2020-2021,21037626007536306
84,Spezia,3,38.0,72,9,1,7,0,64.6,0.34,-7.4,-0.19,353,787,44.9,1622,190,42.6,38.1,201,47.8,42.6,290,26,9.0,37,0.97,15.7,Serie A,2020-2021,41730244034743257
85,Strasbourg,3,38.0,58,6,2,7,1,49.2,0.31,-7.8,-0.21,309,674,45.8,838,145,52.7,41.7,299,77.6,57.1,316,21,6.6,7,0.18,11.9,Ligue 1,2020-2021,92234479374253707
86,Stuttgart,2,34.0,55,5,1,3,1,50.7,0.27,-3.3,-0.1,140,348,40.2,967,205,29.7,30.2,285,21.4,25.4,299,21,7.0,17,0.5,13.3,Bundesliga,2020-2021,81761661302668293
87,Torino,3,38.0,69,9,1,7,0,52.4,0.3,-16.6,-0.44,224,562,39.9,912,130,44.2,37.6,307,51.8,40.4,351,21,6.0,21,0.55,13.2,Serie A,2020-2021,21846272194836439
88,Tottenham,1,38.0,45,10,0,3,3,47.0,0.28,5.0,0.13,202,489,41.3,799,158,46.3,37.3,268,44.4,36.7,366,18,4.9,16,0.42,13.4,Premier League,2020-2021,22006624071753704
89,Udinese,4,38.0,58,14,2,2,0,59.3,0.32,1.3,0.03,205,454,45.2,823,180,40.5,35.8,271,44.6,37.2,318,28,8.8,15,0.39,12.9,Serie A,2020-2021,48393495896639342
90,Union Berlin,2,34.0,43,4,0,8,2,42.8,0.31,1.8,0.05,232,566,41.0,997,115,41.9,37.9,236,62.7,45.5,267,18,6.7,11,0.32,13.2,Bundesliga,2020-2021,71630543971501382
91,Valencia,2,38.0,53,5,3,7,2,51.3,0.27,0.3,0.01,335,723,46.3,876,146,54.8,41.9,338,71.9,53.6,448,29,6.5,23,0.61,13.1,La Liga,2020-2021,65158650443085242
92,Valladolid,2,38.0,57,6,1,5,0,55.6,0.33,-1.4,-0.04,267,851,31.4,880,129,65.7,49.2,331,82.5,62.9,392,24,6.1,20,0.53,13.6,La Liga,2020-2021,44089518275887893
93,Villarreal,2,38.0,45,7,0,4,2,37.6,0.25,-4.4,-0.12,225,494,45.5,1099,205,31.2,33.5,304,49.7,43.4,450,42,9.3,21,0.55,13.7,La Liga,2020-2021,63335634096533483
94,Werder Bremen,1,34.0,57,4,0,7,3,47.4,0.28,-6.6,-0.19,242,521,46.4,865,165,42.7,37.6,283,53.7,43.4,360,21,5.8,22,0.65,14.1,Bundesliga,2020-2021,59303898890876434
95,West Brom,2,38.0,76,7,2,14,3,77.0,0.3,4.0,0.1,344,990,34.7,1012,171,71.1,51.2,307,87.9,61.1,358,26,7.3,26,0.68,14.5,Premier League,2020-2021,26775906631723373
96,West Ham,2,38.0,47,3,0,7,4,48.4,0.32,5.4,0.14,294,705,41.7,775,146,61.2,46.2,293,78.8,56.3,389,27,6.9,12,0.32,12.4,Premier League,2020-2021,57680956417459581
97,Wolfsburg,2,34.0,37,3,1,5,1,38.1,0.31,2.1,0.06,251,567,44.3,1098,163,38.3,36.4,221,66.1,51.9,277,23,8.3,34,1.0,15.6,Bundesliga,2020-2021,85159484018358879
98,Wolves,2,38.0,52,7,1,10,3,45.7,0.28,-3.3,-0.09,206,459,44.9,555,140,51.9,40.2,270,63.3,44.8,383,22,5.7,6,0.16,11.4,Premier League,2020-2021,24001928852251903
1,Alavés,3,38.0,59,12,3,3,0,57.0,0.32,-2.0,-0.05,401,881,45.5,787,110,71.5,50.4,348,91.4,62.5,356,22,6.2,18,0.47,14.0,La Liga,2019-2020,37745278530914180
2,Amiens,1,28.0,50,1,1,13,1,41.0,0.29,-8.0,-0.29,231,521,44.3,567,95,55.7,43.6,254,80.7,55.4,269,15,5.6,11,0.39,13.7,Ligue 1,2019-2020,20069478421376018
3,Angers,2,28.0,33,3,1,1,1,25.9,0.27,-6.1,-0.22,162,412,39.3,528,124,47.3,39.8,222,73.0,52.4,215,17,7.9,22,0.79,14.8,Ligue 1,2019-2020,66587352409382849
4,Arsenal,2,38.0,48,7,0,9,0,58.0,0.27,10.0,0.26,128,433,29.6,971,220,29.7,32.7,312,46.5,41.4,353,23,6.5,21,0.55,13.3,Premier League,2019-2020,5838645288327307
5,Aston Villa,4,38.0,67,5,1,10,1,59.8,0.32,-6.2,-0.16,279,723,38.6,850,170,55.2,44.4,343,74.1,55.5,391,26,6.6,19,0.5,13.1,Premier League,2019-2020,14348480492050895
6,Atalanta,3,38.0,48,6,2,4,3,40.1,0.27,-4.9,-0.13,200,455,44.0,886,202,34.3,35.6,237,63.7,50.8,238,19,8.0,44,1.16,16.1,Serie A,2019-2020,87465877057901989
7,Athletic Club,2,38.0,38,5,2,4,2,43.1,0.33,7.1,0.19,363,871,41.7,978,168,61.8,47.1,298,89.6,65.6,384,29,7.6,18,0.47,13.7,La Liga,2019-2020,4823083458145023
8,Atlético Madrid,2,38.0,27,3,1,4,3,25.2,0.22,1.2,0.03,263,659,39.9,651,112,64.2,46.9,315,76.5,56.5,349,19,5.4,18,0.47,14.0,La Liga,2019-2020,74713976168286555
9,Augsburg,2,34.0,63,0,0,4,3,59.0,0.38,-1.0,-0.03,233,684,34.1,956,153,50.5,43.2,303,66.3,53.0,343,27,7.9,27,0.79,14.8,Bundesliga,2019-2020,82828683183786310
10,Barcelona,2,38.0,38,6,2,1,0,36.3,0.27,-1.7,-0.05,209,348,60.1,1247,182,22.5,28.6,234,28.6,30.4,279,13,4.7,28,0.74,15.0,La Liga,2019-2020,81744823723090567
11,Bayern Munich,2,34.0,32,3,0,6,1,34.0,0.28,3.0,0.09,225,383,58.7,1309,207,26.1,30.0,189,22.2,28.8,205,14,6.8,55,1.62,19.0,Bundesliga,2019-2020,7510926916741648
12,Betis,2,38.0,60,11,1,4,1,52.6,0.3,-6.4,-0.17,208,540,38.5,1065,169,38.9,36.2,281,44.8,40.4,354,24,6.8,29,0.76,15.2,La Liga,2019-2020,9423348454032625
13,Bologna,2,38.0,65,6,2,6,1,58.7,0.3,-5.3,-0.14,199,449,44.3,879,220,37.1,35.1,296,41.6,34.6,323,46,14.2,16,0.42,13.1,Serie A,2019-2020,23275147453355121
14,Bordeaux,1,28.0,34,2,0,4,1,31.2,0.27,-1.8,-0.07,207,446,46.4,642,96,48.0,38.8,244,56.6,43.7,273,16,5.9,16,0.57,14.5,Ligue 1,2019-2020,12683680850395737
15,Bournemouth,2,38.0,65,5,4,5,0,64.3,0.33,-0.7,-0.02,206,668,30.8,859,189,53.1,44.5,297,71.4,58.5,328,20,6.1,17,0.45,14.2,Premier League,2019-2020,36088947257895306
16,Brescia,3,38.0,79,9,1,10,3,76.0,0.3,0.0,0.0,205,520,39.4,721,213,47.2,40.4,366,49.2,41.7,450,30,6.7,16,0.42,13.1,Serie A,2019-2020,24926529561002350
17,Brest,2,28.0,37,4,0,5,0,43.4,0.28,6.4,0.23,189,469,40.3,828,150,43.5,39.3,241,45.2,39.2,321,28,8.7,19,0.68,14.3,Ligue 1,2019-2020,27328509848090670
18,Brighton,1,38.0,54,2,0,8,3,54.5,0.32,3.5,0.09,272,527,51.6,1188,232,33.8,33.8,274,45.6,38.7,314,24,7.6,19,0.5,13.9,Premier League,2019-2020,49072214318111932
19,Burnley,1,38.0,50,4,0,8,1,47.2,0.27,-1.8,-0.05,285,916,31.1,875,168,73.0,54.4,305,90.8,69.9,373,53,14.2,35,0.92,16.5,Premier League,2019-2020,21823480134907726
20,Cagliari,3,38.0,56,7,0,3,3,54.9,0.27,1.9,0.05,227,608,37.3,765,145,54.2,42.8,363,53.2,43.9,446,31,7.0,11,0.29,11.4,Serie A,2019-2020,32968728316179674
21,Celta Vigo,3,38.0,49,5,3,3,0,46.4,0.3,-2.6,-0.07,236,638,37.0,791,132,51.8,41.7,341,66.9,52.5,393,26,6.6,13,0.34,14.5,La Liga,2019-2020,14218303985450920
22,Chelsea,2,38.0,54,2,2,11,3,41.4,0.35,-9.6,-0.25,174,407,42.8,1024,160,30.5,32.3,227,41.9,38.8,258,18,7.0,23,0.61,15.4,Premier League,2019-2020,58172670324373785
23,Crystal Palace,2,38.0,50,0,1,7,2,55.6,0.34,7.6,0.2,256,762,33.6,844,169,59.4,45.2,312,83.7,62.5,366,33,9.0,17,0.45,13.1,Premier League,2019-2020,15352059381074619
24,Dijon,2,28.0,37,1,2,5,2,35.4,0.27,0.4,0.02,230,522,44.1,809,166,44.5,38.6,249,65.1,48.5,281,35,12.5,10,0.36,13.2,Ligue 1,2019-2020,59239312409540653
25,Dortmund,2,34.0,41,3,0,8,3,37.4,0.36,-0.6,-0.02,125,344,36.3,918,195,29.0,32.7,229,34.1,34.9,242,17,7.0,31,0.91,15.0,Bundesliga,2019-2020,6921931827204601
26,Düsseldorf,2,34.0,67,3,1,9,4,56.3,0.31,-6.7,-0.2,296,657,45.1,996,157,49.9,42.2,254,63.0,52.2,250,13,5.2,25,0.74,14.6,Bundesliga,2019-2020,6414184432322702
27,Eibar,2,38.0,56,4,2,3,1,47.9,0.35,-7.1,-0.19,311,922,33.7,886,97,74.7,58.3,269,96.7,76.1,303,21,6.9,51,1.34,17.1,La Liga,2019-2020,67267904110326262
28,Eint Frankfurt,3,34.0,60,3,1,5,2,54.4,0.3,-3.6,-0.11,296,642,46.1,1155,142,45.5,38.0,231,50.6,42.6,268,24,9.0,28,0.82,14.9,Bundesliga,2019-2020,37929111009288632
29,Espanyol,2,38.0,58,6,0,6,2,50.8,0.29,-5.2,-0.14,237,721,32.9,899,133,55.6,44.6,317,69.7,51.8,315,27,8.6,31,0.82,14.6,La Liga,2019-2020,71314269182841176
30,Everton,1,38.0,56,3,3,6,3,48.7,0.32,-4.3,-0.11,313,784,39.9,1100,179,55.6,45.8,273,63.0,53.4,315,25,7.9,23,0.61,14.6,Premier League,2019-2020,57482013681231466
31,Fiorentina,3,38.0,48,9,2,6,0,49.3,0.28,1.3,0.03,166,472,35.2,835,231,40.7,37.3,282,46.8,40.9,373,25,6.7,19,0.5,12.8,Serie A,2019-2020,24325362613855847
32,Freiburg,3,34.0,47,3,0,6,0,48.6,0.25,1.6,0.05,262,692,37.9,1088,167,41.1,38.4,367,66.8,55.5,315,18,5.7,13,0.38,13.0,Bundesliga,2019-2020,17577284562417651
33,Genoa,2,38.0,73,7,3,8,2,69.1,0.34,-1.9,-0.05,235,614,38.3,1052,178,46.3,39.6,342,37.1,36.8,392,20,5.1,12,0.32,12.0,Serie A,2019-2020,87033800759594150
34,Getafe,1,38.0,37,5,0,2,1,38.1,0.33,2.1,0.05,369,987,37.4,871,41,86.3,58.8,259,90.7,61.4,262,30,11.5,49,1.29,17.0,La Liga,2019-2020,23789167582387071
35,Granada,2,38.0,45,4,1,5,0,44.9,0.28,-0.1,0.0,378,979,38.6,1081,136,66.3,49.2,326,80.4,59.7,362,40,11.0,44,1.16,15.6,La Liga,2019-2020,45137124328012624
36,Hellas Verona,2,38.0,51,9,2,10,1,49.1,0.26,-0.9,-0.02,207,755,27.4,708,88,65.3,47.6,344,85.2,59.4,380,18,4.7,9,0.24,12.1,Serie A,2019-2020,45227680351245381
37,Hertha BSC,3,34.0,59,7,3,9,2,49.6,0.27,-7.4,-0.22,341,739,46.1,936,146,57.2,42.9,270,75.6,53.5,338,31,9.2,22,0.65,13.5,Bundesliga,2019-2020,59737400018465050
38,Hoffenheim,2,34.0,53,6,0,4,2,48.4,0.26,-2.6,-0.08,183,490,37.3,1171,204,32.1,32.8,294,38.8,36.7,355,19,5.4,41,1.21,15.4,Bundesliga,2019-2020,29322720181807625
39,Inter,2,38.0,36,3,0,6,1,35.7,0.28,0.7,0.02,158,308,51.3,917,201,24.4,29.6,288,29.2,30.3,370,22,5.9,12,0.32,11.8,Serie A,2019-2020,53198597771575973
40,Juventus,3,38.0,43,9,1,6,0,42.3,0.22,-0.7,-0.02,131,239,54.8,723,196,26.1,31.4,253,19.8,26.0,295,12,4.1,29,0.76,15.3,Serie A,2019-2020,19371054131726661
41,Köln,1,34.0,69,4,1,11,2,53.1,0.32,-13.9,-0.41,311,630,49.4,892,99,53.9,42.2,298,50.0,40.7,270,18,6.7,14,0.41,14.1,Bundesliga,2019-2020,39731782814123330
42,Lazio,1,38.0,42,7,1,8,1,45.6,0.27,4.6,0.12,202,453,44.6,931,149,40.7,34.5,292,25.3,27.2,282,15,5.3,17,0.45,13.9,Serie A,2019-2020,90751438076496109
43,Lecce,2,38.0,85,11,1,13,3,90.2,0.34,8.2,0.22,171,418,40.9,757,221,37.1,35.1,375,36.5,31.9,443,25,5.6,13,0.34,13.3,Serie A,2019-2020,92912790925867566
44,Leganés,2,38.0,51,6,2,8,1,45.2,0.3,-4.8,-0.13,279,798,35.0,827,167,65.2,50.4,293,88.4,66.6,342,39,11.4,41,1.08,16.5,La Liga,2019-2020,20237473683555152
45,Leicester City,1,38.0,41,8,0,7,2,42.2,0.28,3.2,0.08,239,488,49.0,936,151,39.9,37.4,242,47.5,40.8,293,10,3.4,27,0.71,15.7,Premier League,2019-2020,18776461863573874
46,Levante,2,38.0,53,3,1,9,2,58.9,0.27,7.9,0.21,211,579,36.4,824,202,49.9,41.6,357,47.1,40.8,412,27,6.6,31,0.82,14.1,La Liga,2019-2020,1566092639264277
47,Leverkusen,1,34.0,44,2,1,6,0,48.7,0.35,4.7,0.14,261,604,43.2,1362,205,37.0,35.7,234,42.7,38.9,218,21,9.6,29,0.85,15.8,Bundesliga,2019-2020,36794408106212849
48,Lille,1,28.0,27,4,1,1,3,24.2,0.26,0.2,0.01,158,425,37.2,562,142,49.1,41.7,200,74.5,58.8,200,23,11.5,9,0.32,13.8,Ligue 1,2019-2020,85603837513355486
49,Liverpool,2,38.0,33,1,1,2,1,31.6,0.29,-0.4,-0.01,198,397,49.9,1001,181,29.7,33.4,238,42.0,39.2,288,24,8.3,44,1.16,16.4,Premier League,2019-2020,41956650829873911
50,Lyon,2,28.0,27,2,1,2,3,25.9,0.25,1.9,0.07,142,285,49.8,685,155,29.9,32.0,192,41.7,38.2,227,18,7.9,17,0.61,14.9,Ligue 1,2019-2020,87005642993871754
51,M'Gladbach,1,34.0,40,1,1,3,0,44.3,0.28,4.3,0.13,230,486,47.3,1260,167,30.2,33.1,285,37.2,36.4,286,14,4.9,31,0.91,14.3,Bundesliga,2019-2020,81611584009946193
52,Mainz 05,2,34.0,65,3,2,8,1,60.1,0.33,-3.9,-0.12,223,624,35.7,967,221,44.0,39.2,315,63.2,51.1,342,31,9.1,34,1.0,16.2,Bundesliga,2019-2020,71158960989778912
53,Mallorca,3,38.0,65,15,2,8,1,61.4,0.28,-2.6,-0.07,266,720,36.9,932,189,56.1,43.4,321,61.4,50.4,373,37,9.9,25,0.66,13.7,La Liga,2019-2020,96459977719332900
54,Manchester City,2,38.0,35,3,1,4,1,33.7,0.3,-0.3,-0.01,146,295,49.5,1028,174,22.5,29.9,167,38.3,37.2,207,15,7.2,39,1.03,17.3,Premier League,2019-2020,74026506610392765
55,Manchester Utd,1,38.0,36,3,1,8,1,37.1,0.28,2.1,0.05,120,311,38.6,669,148,33.8,34.3,265,32.1,33.9,285,15,5.3,11,0.29,13.3,Premier League,2019-2020,29078730489839024
56,Marseille,2,28.0,29,4,0,2,3,29.3,0.27,3.3,0.12,141,414,34.1,739,141,43.2,39.5,156,60.9,48.1,206,15,7.3,19,0.68,14.6,Ligue 1,2019-2020,66190039714113630
57,Metz,2,28.0,35,4,0,6,0,37.7,0.26,2.7,0.1,235,666,35.3,711,117,66.0,49.4,220,89.5,64.6,292,36,12.3,28,1.0,15.7,Ligue 1,2019-2020,14635757597311544
58,Milan,3,38.0,46,5,1,7,1,50.3,0.29,5.3,0.14,237,501,47.3,936,183,38.8,34.6,279,49.5,39.0,323,31,9.6,22,0.58,14.8,Serie A,2019-2020,59378513948613436
59,Monaco,1,28.0,44,6,0,8,1,41.1,0.28,-1.9,-0.07,175,378,46.3,639,136,39.9,36.6,209,58.9,45.1,250,26,10.4,12,0.43,14.3,Ligue 1,2019-2020,79093238158793616
60,Montpellier,3,28.0,34,3,1,4,2,30.8,0.21,-1.2,-0.04,238,458,52.0,747,170,42.0,37.3,230,62.6,48.3,244,22,9.0,28,1.0,16.0,Ligue 1,2019-2020,32434714471076965
61,Nantes,2,28.0,31,3,0,4,0,28.4,0.26,-2.6,-0.09,168,495,33.9,706,133,48.6,41.0,198,76.8,55.0,231,15,6.5,23,0.82,15.8,Ligue 1,2019-2020,25802633648495862
62,Napoli,2,38.0,50,7,1,5,1,45.7,0.3,-3.3,-0.09,103,242,42.6,847,143,23.6,28.2,221,19.0,24.2,280,19,6.8,15,0.39,12.9,Serie A,2019-2020,10516137814401134
63,Newcastle Utd,1,38.0,58,2,2,11,2,66.0,0.34,10.0,0.26,295,778,37.9,756,121,63.6,48.4,337,88.1,64.4,384,20,5.2,14,0.37,12.3,Premier League,2019-2020,29528772732587842
64,Nice,2,28.0,38,5,0,7,2,46.6,0.32,10.6,0.38,90,226,39.8,620,148,23.2,28.0,226,36.3,35.0,284,18,6.3,9,0.32,13.6,Ligue 1,2019-2020,11720969662561653
65,Nîmes,2,28.0,44,4,1,5,1,39.7,0.32,-3.3,-0.12,161,479,33.6,587,82,52.3,42.7,215,80.0,56.8,203,16,7.9,17,0.61,15.0,Ligue 1,2019-2020,83514802313158576
66,Norwich City,3,38.0,75,4,1,13,3,70.9,0.33,-1.1,-0.03,271,765,35.4,1261,190,45.4,39.7,350,55.1,44.8,403,28,6.9,18,0.47,14.1,Premier League,2019-2020,42809968147687487
67,Osasuna,3,38.0,54,5,3,5,0,49.5,0.33,-4.5,-0.12,345,934,36.9,899,141,74.1,52.7,304,88.2,62.8,341,28,8.2,29,0.76,14.9,La Liga,2019-2020,83352675823776457
68,Paderborn 07,2,34.0,74,4,3,8,2,68.4,0.37,-3.6,-0.1,226,463,48.8,1187,224,31.5,32.6,284,31.3,32.6,302,14,4.6,21,0.62,14.3,Bundesliga,2019-2020,13210847894253626
69,Paris S-G,4,27.0,24,0,0,1,1,20.6,0.25,-2.4,-0.09,71,146,48.6,501,94,21.4,29.2,168,23.2,29.2,150,9,6.0,15,0.56,15.7,Ligue 1,2019-2020,11177590892093073
70,Parma,2,38.0,57,7,1,10,0,57.9,0.25,0.9,0.02,287,586,49.0,868,130,49.5,40.9,368,42.4,34.1,424,14,3.3,8,0.21,12.8,Serie A,2019-2020,62695319081093388
71,RB Leipzig,2,34.0,37,2,0,8,0,39.4,0.32,2.4,0.07,172,416,41.3,1111,192,30.0,32.9,236,35.2,35.0,256,20,7.8,50,1.47,17.2,Bundesliga,2019-2020,68159208261559796
72,Real Madrid,2,38.0,25,2,0,5,0,27.5,0.25,2.5,0.07,106,347,30.5,971,226,25.3,32.5,248,40.7,40.5,324,26,8.0,27,0.71,14.7,La Liga,2019-2020,29627131003986350
73,Real Sociedad,2,38.0,48,7,2,4,1,41.5,0.25,-5.5,-0.14,271,576,47.0,1125,138,35.9,35.2,243,70.8,51.9,291,24,8.2,34,0.89,16.8,La Liga,2019-2020,57299950304530590
74,Reims,2,28.0,21,2,1,3,0,28.9,0.28,7.9,0.28,145,399,36.3,815,123,35.2,36.1,210,53.3,44.7,260,26,10.0,16,0.57,13.9,Ligue 1,2019-2020,67732085073987538
75,Rennes,2,28.0,24,3,1,4,1,25.4,0.23,2.4,0.09,242,472,51.3,723,119,46.5,39.2,199,68.3,48.3,260,25,9.6,18,0.64,14.1,Ligue 1,2019-2020,96819424452761337
76,Roma,3,38.0,51,9,1,5,0,49.0,0.28,-2.0,-0.05,205,445,46.1,1025,214,34.8,33.5,247,35.6,34.8,296,20,6.8,28,0.74,14.5,Serie A,2019-2020,764736481564168
77,Saint-Étienne,3,28.0,45,5,0,2,0,42.1,0.33,-2.9,-0.1,151,424,35.6,602,105,49.0,40.0,210,61.4,46.2,197,9,4.6,11,0.39,13.4,Ligue 1,2019-2020,56226069621228236
78,Sampdoria,2,38.0,65,8,0,11,4,58.3,0.3,-2.7,-0.07,211,587,35.9,791,141,49.6,41.0,307,63.5,46.9,414,32,7.7,20,0.53,14.2,Serie A,2019-2020,89407679695143145
79,Sassuolo,3,38.0,63,8,1,9,4,59.1,0.3,0.1,0.0,160,390,41.0,948,169,32.6,31.7,256,31.6,28.7,348,28,8.0,23,0.61,14.6,Serie A,2019-2020,79200252522790650
80,Schalke 04,2,34.0,58,6,2,10,2,54.9,0.31,-1.1,-0.03,224,620,36.1,1059,140,42.9,38.9,267,62.2,47.9,303,16,5.3,21,0.62,14.1,Bundesliga,2019-2020,24345039935475884
81,Sevilla,2,38.0,34,3,3,3,1,30.1,0.24,-2.9,-0.08,220,501,43.9,811,179,40.3,37.2,280,62.1,48.6,300,23,7.7,18,0.47,14.2,La Liga,2019-2020,22702270477938803
82,Sheffield Utd,2,38.0,39,1,0,2,0,42.5,0.3,3.5,0.09,262,892,29.4,814,103,77.6,58.7,269,96.7,75.7,296,23,7.8,17,0.45,13.7,Premier League,2019-2020,93216768512646707
83,Southampton,2,38.0,60,3,1,5,1,58.6,0.34,-0.4,-0.01,244,746,32.7,815,98,65.0,48.5,256,84.4,61.1,339,26,7.7,22,0.58,15.2,Premier League,2019-2020,21037626007536306
84,SPAL,3,38.0,74,7,3,5,3,70.0,0.29,-4.0,-0.1,270,639,42.3,920,202,46.5,38.1,354,59.6,45.4,397,29,7.3,16,0.42,13.3,Serie A,2019-2020,73622612860183040
85,Strasbourg,1,27.0,32,6,0,3,0,32.5,0.3,0.5,0.02,216,484,44.6,646,127,53.9,43.9,203,67.0,53.9,229,21,9.2,10,0.37,12.7,Ligue 1,2019-2020,92234479374253707
86,Torino,3,38.0,68,10,3,10,3,68.3,0.3,3.3,0.09,312,645,48.4,893,121,47.3,39.5,358,62.3,44.5,394,25,6.3,15,0.39,13.3,Serie A,2019-2020,21846272194836439
87,Tottenham,2,38.0,47,5,1,4,2,52.7,0.28,7.7,0.2,214,573,37.3,795,140,47.9,39.8,289,66.4,50.8,357,20,5.6,16,0.42,12.7,Premier League,2019-2020,22006624071753704
88,Toulouse,3,28.0,58,3,1,4,1,48.4,0.32,-8.6,-0.31,243,650,37.4,743,97,58.8,44.4,285,74.7,53.4,308,24,7.8,27,0.96,16.3,Ligue 1,2019-2020,94523000561782573
89,Udinese,1,38.0,51,8,2,6,0,53.9,0.25,2.9,0.08,218,491,44.4,819,171,40.9,36.3,359,43.5,36.6,363,38,10.5,15,0.39,12.2,Serie A,2019-2020,48393495896639342
90,Union Berlin,2,34.0,58,3,0,10,1,53.8,0.3,-3.2,-0.09,420,910,46.2,1116,124,61.4,47.3,276,81.5,60.4,299,28,9.4,24,0.71,15.3,Bundesliga,2019-2020,71630543971501382
91,Valencia,2,38.0,53,7,3,7,1,50.7,0.25,-1.3,-0.03,246,668,36.8,878,194,48.4,39.2,338,71.9,55.4,442,28,6.3,18,0.47,12.8,La Liga,2019-2020,65158650443085242
92,Valladolid,3,38.0,43,7,2,5,0,49.3,0.32,6.3,0.17,266,837,31.8,794,129,67.5,49.0,366,82.2,59.7,395,20,5.1,14,0.37,12.0,La Liga,2019-2020,44089518275887893
93,Villarreal,2,38.0,49,8,0,10,2,46.4,0.24,-0.6,-0.02,189,506,37.4,867,165,38.3,36.4,324,53.7,44.2,400,22,5.5,19,0.5,13.6,La Liga,2019-2020,63335634096533483
94,Watford,1,38.0,64,8,3,7,3,58.3,0.31,-2.7,-0.07,322,975,33.0,909,121,77.4,54.3,292,92.8,67.6,367,37,10.1,44,1.16,15.6,Premier League,2019-2020,73743918793554398
95,Werder Bremen,2,34.0,69,1,1,13,3,50.4,0.28,-15.6,-0.46,254,598,42.5,929,170,45.9,39.3,305,56.4,44.8,375,14,3.7,24,0.71,14.3,Bundesliga,2019-2020,59303898890876434
96,West Ham,4,38.0,62,5,2,7,3,58.7,0.3,-0.3,-0.01,326,815,40.0,776,129,70.1,50.4,292,92.8,64.5,372,16,4.3,12,0.32,11.7,Premier League,2019-2020,57680956417459581
97,Wolfsburg,2,34.0,46,5,1,5,0,46.0,0.31,0.0,0.0,281,619,45.4,1012,161,47.4,40.0,240,57.9,48.1,290,21,7.2,30,0.88,15.4,Bundesliga,2019-2020,85159484018358879
98,Wolves,1,38.0,40,1,1,7,1,40.2,0.32,1.2,0.03,282,583,48.4,580,124,59.7,44.6,282,84.0,55.6,349,15,4.3,8,0.21,12.4,Premier League,2019-2020,24001928852251903
1,Alavés,2,38.0,50,6,3,2,2,47.2,0.27,-0.8,-0.02,349,847,41.2,823,98,68.7,48.1,320,88.1,59.3,407,31,7.6,31,0.82,14.8,La Liga,2018-2019,37745278530914180
2,Amiens,1,38.0,54,6,3,8,2,49.1,0.28,-0.9,-0.02,303,813,37.3,827,85,63.2,48.1,322,90.1,62.1,362,24,6.6,21,0.55,14.6,Ligue 1,2018-2019,20069478421376018
3,Angers,2,38.0,49,3,0,4,1,48.2,0.28,0.2,0.01,268,631,42.5,731,179,53.8,43.3,294,81.0,56.1,400,34,8.5,35,0.92,14.9,Ligue 1,2018-2019,66587352409382849
4,Arsenal,2,38.0,51,7,1,5,2,55.6,0.29,6.6,0.17,172,536,32.1,1090,223,33.8,35.8,280,60.0,49.9,329,22,6.7,23,0.61,14.5,Premier League,2018-2019,5838645288327307
5,Atalanta,3,38.0,46,4,3,6,3,41.3,0.29,-1.7,-0.04,199,491,40.5,802,175,35.7,35.3,261,78.5,56.6,297,28,9.4,33,0.87,15.9,Serie A,2018-2019,87465877057901989
6,Athletic Club,2,38.0,45,5,0,6,0,39.5,0.31,-5.5,-0.15,394,875,45.0,909,116,69.3,50.7,264,92.8,68.5,359,29,8.1,28,0.74,15.6,La Liga,2018-2019,4823083458145023
7,Atlético Madrid,2,38.0,29,5,0,3,2,38.2,0.26,11.2,0.29,233,613,38.0,582,103,61.2,46.4,292,88.0,62.1,365,36,9.9,12,0.32,14.1,La Liga,2018-2019,74713976168286555
8,Augsburg,3,34.0,71,1,2,12,2,58.9,0.32,-10.1,-0.3,206,533,38.6,844,141,46.1,39.3,268,53.7,46.3,287,19,6.6,23,0.68,13.9,Bundesliga,2018-2019,82828683183786310
9,Barcelona,2,38.0,36,2,0,3,1,38.5,0.29,3.5,0.09,156,300,52.0,953,206,21.5,28.9,222,42.8,39.4,319,36,11.3,33,0.87,16.6,La Liga,2018-2019,81744823723090567
10,Bayern Munich,2,34.0,32,5,1,3,1,23.4,0.29,-7.6,-0.22,158,333,47.4,1014,165,29.7,31.9,156,20.5,33.1,160,9,5.6,38,1.12,17.9,Bundesliga,2018-2019,7510926916741648
11,Betis,2,38.0,52,4,2,10,0,49.8,0.29,-2.2,-0.06,174,413,42.1,1134,193,26.2,29.6,273,42.5,39.5,295,26,8.8,42,1.11,16.5,La Liga,2018-2019,9423348454032625
12,Bologna,1,38.0,56,4,1,5,1,50.4,0.28,-4.6,-0.12,265,607,43.7,783,221,48.5,40.8,343,66.2,51.3,406,41,10.1,9,0.24,12.3,Serie A,2018-2019,23275147453355121
13,Bordeaux,2,38.0,42,6,1,11,0,45.2,0.27,3.2,0.08,283,634,44.6,866,125,47.0,40.9,319,71.2,53.5,372,17,4.6,25,0.66,14.0,Ligue 1,2018-2019,12683680850395737
14,Bournemouth,3,38.0,70,5,2,8,3,57.7,0.33,-9.3,-0.25,209,548,38.1,750,193,44.5,39.7,313,68.4,53.5,366,27,7.4,17,0.45,14.0,Premier League,2018-2019,36088947257895306
15,Brighton,2,38.0,60,10,1,6,0,56.6,0.31,-3.4,-0.09,361,870,41.5,769,107,68.7,49.6,361,94.7,64.6,353,20,5.7,11,0.29,13.0,Premier League,2018-2019,49072214318111932
16,Burnley,2,38.0,68,2,2,10,4,61.3,0.3,-2.7,-0.07,361,976,37.0,836,92,78.1,56.1,349,92.6,69.3,432,23,5.3,29,0.76,14.5,Premier League,2018-2019,21823480134907726
17,Caen,1,38.0,54,6,4,5,2,59.2,0.3,7.2,0.19,369,825,44.7,907,167,63.1,46.2,315,80.3,58.5,346,36,10.4,21,0.55,14.0,Ligue 1,2018-2019,21277886218272520
18,Cagliari,1,38.0,54,8,1,5,2,56.5,0.25,4.5,0.12,356,766,46.5,891,172,53.5,42.0,361,80.1,58.2,449,34,7.6,11,0.29,12.9,Serie A,2018-2019,32968728316179674
19,Cardiff City,1,38.0,69,4,1,12,0,71.1,0.33,2.1,0.06,335,1119,29.9,883,50,90.8,61.9,320,99.1,70.3,293,20,6.8,35,0.92,15.6,Premier League,2018-2019,69924771535350567
20,Celta Vigo,2,38.0,62,6,3,5,1,54.9,0.31,-6.1,-0.16,272,698,39.0,913,156,48.2,41.4,344,75.0,58.2,393,19,4.8,29,0.76,15.7,La Liga,2018-2019,14218303985450920
21,Chelsea,2,38.0,39,1,0,6,0,37.6,0.3,-1.4,-0.04,199,346,57.5,940,177,22.9,29.1,273,48.0,41.9,265,21,7.9,22,0.58,15.4,Premier League,2018-2019,58172670324373785
22,Chievo,3,38.0,75,2,2,10,2,65.4,0.3,-7.6,-0.2,302,666,45.3,772,127,54.1,41.8,343,72.3,47.5,419,17,4.1,9,0.24,11.9,Serie A,2018-2019,83748145049842906
23,Crystal Palace,3,38.0,53,4,1,8,1,47.1,0.27,-4.9,-0.13,261,803,32.5,794,147,62.3,48.6,347,88.8,65.7,400,25,6.3,18,0.47,13.4,Premier League,2018-2019,15352059381074619
24,Dijon,2,38.0,61,3,2,7,1,54.0,0.31,-5.0,-0.13,325,717,45.3,968,175,47.5,40.3,329,78.1,56.9,344,41,11.9,30,0.79,15.6,Ligue 1,2018-2019,59239312409540653
25,Dortmund,2,34.0,44,4,1,8,0,40.8,0.3,-3.2,-0.09,174,494,35.2,894,175,37.8,36.3,237,65.8,51.3,298,18,6.0,26,0.76,15.5,Bundesliga,2018-2019,6921931827204601
26,Düsseldorf,2,34.0,65,7,1,8,0,57.1,0.31,-7.9,-0.23,256,622,41.2,715,150,48.5,40.9,330,83.3,59.6,344,27,7.8,5,0.15,12.8,Bundesliga,2018-2019,6414184432322702
27,Eibar,2,38.0,50,3,2,3,1,45.6,0.35,-3.4,-0.09,338,870,38.9,898,109,72.5,53.7,234,93.6,71.4,285,25,8.8,59,1.55,16.8,La Liga,2018-2019,67267904110326262
28,Eint Frankfurt,2,34.0,48,1,1,6,1,49.7,0.3,2.7,0.08,375,814,46.1,1029,109,59.7,43.6,231,86.6,61.9,291,28,9.6,24,0.71,15.1,Bundesliga,2018-2019,37929111009288632
29,Empoli,3,38.0,70,6,0,8,2,64.7,0.27,-3.3,-0.09,193,512,37.7,847,229,41.4,37.8,345,46.7,43.5,440,30,6.8,18,0.47,13.2,Serie A,2018-2019,77726683749984272
30,Espanyol,1,38.0,50,6,5,8,2,50.0,0.28,2.0,0.05,255,602,42.4,874,129,43.2,38.4,329,68.1,50.3,452,30,6.6,6,0.16,12.5,La Liga,2018-2019,71314269182841176
31,Everton,1,38.0,46,2,2,11,2,47.8,0.34,3.8,0.1,290,784,37.0,980,156,59.3,49.0,290,70.0,60.2,277,25,9.0,32,0.84,15.3,Premier League,2018-2019,57482013681231466
32,Fiorentina,3,38.0,45,5,1,6,3,39.5,0.25,-2.5,-0.07,204,565,36.1,884,185,45.0,39.9,296,56.4,47.1,390,29,7.4,34,0.89,15.1,Serie A,2018-2019,24325362613855847
33,Freiburg,2,34.0,61,7,0,12,0,55.5,0.3,-5.5,-0.16,296,721,41.1,965,137,47.3,40.9,332,79.8,64.0,346,16,4.6,19,0.56,13.6,Bundesliga,2018-2019,17577284562417651
34,Frosinone,2,38.0,69,5,3,10,1,60.2,0.27,-7.8,-0.21,201,620,32.4,950,244,40.9,38.3,353,65.4,51.0,428,37,8.6,11,0.29,12.1,Serie A,2018-2019,87953309350363757
35,Fulham,3,38.0,81,5,1,9,2,76.9,0.33,-2.1,-0.06,343,799,42.9,843,138,59.7,44.8,354,83.6,59.1,393,27,6.9,19,0.5,13.1,Premier League,2018-2019,19227944656237519
36,Genoa,3,38.0,57,5,0,11,2,55.8,0.32,0.8,0.02,275,807,34.1,763,114,66.4,51.4,339,88.5,65.0,385,23,6.0,17,0.45,13.4,Serie A,2018-2019,87033800759594150
37,Getafe,2,38.0,35,4,1,2,3,38.6,0.27,6.6,0.17,365,979,37.3,818,56,87.3,57.6,279,95.0,64.3,326,32,9.8,27,0.71,15.2,La Liga,2018-2019,23789167582387071
38,Girona,2,38.0,53,8,2,7,2,60.5,0.28,9.5,0.25,241,622,38.7,872,187,47.2,41.0,320,65.6,51.5,395,30,7.6,15,0.39,13.0,La Liga,2018-2019,12545195302828957
39,Guingamp,2,38.0,68,3,2,4,0,51.3,0.3,-16.7,-0.44,291,740,39.3,727,123,64.8,48.7,301,89.4,64.3,299,24,8.0,18,0.47,13.9,Ligue 1,2018-2019,16872092436156260
40,Hannover 96,3,34.0,72,6,1,12,1,63.1,0.27,-6.9,-0.2,325,677,48.0,986,150,50.8,40.5,300,58.7,46.3,362,18,5.0,31,0.91,15.1,Bundesliga,2018-2019,10121335889457780
41,Hertha BSC,2,34.0,57,4,1,6,2,52.5,0.32,-2.5,-0.07,407,904,45.0,978,109,63.8,45.7,306,91.5,63.9,288,33,11.5,16,0.47,13.8,Bundesliga,2018-2019,59737400018465050
42,Hoffenheim,2,34.0,52,7,0,5,1,54.2,0.3,3.2,0.09,225,483,46.6,1084,186,33.7,33.1,247,47.8,43.4,308,26,8.4,46,1.35,16.8,Bundesliga,2018-2019,29322720181807625
43,Huddersfield,3,38.0,76,7,3,8,1,63.8,0.33,-11.2,-0.29,384,897,42.8,1075,105,62.5,47.2,278,80.9,60.9,280,28,10.0,23,0.61,14.1,Premier League,2018-2019,70397411865897550
44,Huesca,3,38.0,65,9,2,2,3,58.3,0.31,-3.7,-0.1,335,862,38.9,774,76,74.8,53.3,306,92.5,65.9,348,19,5.5,13,0.34,13.3,La Liga,2018-2019,16593090704373522
45,Inter,1,38.0,33,3,1,3,3,35.4,0.26,5.4,0.14,172,360,47.8,895,201,27.6,30.1,256,44.1,39.1,337,16,4.7,13,0.34,12.6,Serie A,2018-2019,53198597771575973
46,Juventus,3,38.0,30,2,1,4,1,32.7,0.28,3.7,0.1,201,392,51.3,713,165,36.6,35.7,279,47.0,42.5,305,24,7.9,23,0.61,14.3,Serie A,2018-2019,19371054131726661
47,Lazio,3,38.0,46,5,2,6,1,44.6,0.27,-0.4,-0.01,231,551,41.9,915,176,44.8,38.4,265,53.2,45.4,355,22,6.2,21,0.55,15.0,Serie A,2018-2019,90751438076496109
48,Leganés,2,38.0,43,3,2,3,1,43.3,0.32,1.3,0.03,356,849,41.9,870,110,66.9,50.7,303,88.1,65.5,393,28,7.1,22,0.58,14.4,La Liga,2018-2019,20237473683555152
49,Leicester City,1,38.0,48,5,0,7,0,45.2,0.3,-2.8,-0.07,348,716,48.6,920,119,51.8,42.2,315,75.9,57.6,346,29,8.4,15,0.39,13.6,Premier League,2018-2019,18776461863573874
50,Levante,3,38.0,66,8,1,9,3,67.4,0.28,4.4,0.12,249,637,39.1,652,173,56.3,44.5,390,69.2,51.7,393,30,7.6,19,0.5,13.1,La Liga,2018-2019,1566092639264277
51,Leverkusen,2,34.0,54,4,2,11,2,46.5,0.31,-3.5,-0.1,252,549,45.9,1221,167,35.6,35.5,205,55.6,45.6,249,22,8.8,29,0.85,16.0,Bundesliga,2018-2019,36794408106212849
52,Lille,1,38.0,34,6,1,4,0,35.3,0.25,2.3,0.06,199,593,33.6,825,199,46.3,40.3,270,78.1,59.4,319,37,11.6,24,0.63,14.8,Ligue 1,2018-2019,85603837513355486
53,Liverpool,1,38.0,22,0,0,5,0,27.8,0.29,5.8,0.15,197,397,49.6,1055,196,27.2,32.5,213,51.6,46.3,272,22,8.1,39,1.03,16.7,Premier League,2018-2019,41956650829873911
54,Lyon,2,38.0,47,5,2,3,3,39.3,0.25,-4.7,-0.12,172,383,44.9,903,184,30.9,32.7,262,39.7,40.4,282,17,6.0,19,0.5,15.0,Ligue 1,2018-2019,87005642993871754
55,M'Gladbach,1,34.0,43,3,0,3,0,51.9,0.33,9.9,0.29,225,539,41.7,1334,190,31.6,33.6,262,45.0,42.2,290,25,8.6,26,0.76,14.6,Bundesliga,2018-2019,81611584009946193
56,Mainz 05,2,34.0,57,3,1,8,0,54.3,0.32,-2.7,-0.08,227,639,35.5,877,158,46.2,40.7,298,78.5,60.1,337,22,6.5,27,0.79,15.3,Bundesliga,2018-2019,71158960989778912
57,Manchester City,1,38.0,23,4,1,5,0,27.5,0.32,4.5,0.12,148,290,51.0,912,176,21.9,30.0,187,48.1,47.8,182,17,9.3,27,0.71,16.8,Premier League,2018-2019,74026506610392765
58,Manchester Utd,1,38.0,54,6,2,7,3,49.6,0.27,-1.4,-0.04,321,686,46.8,772,145,54.0,44.5,332,81.0,60.6,307,18,5.9,13,0.34,12.4,Premier League,2018-2019,29078730489839024
59,Marseille,2,38.0,53,10,1,2,0,45.7,0.28,-6.3,-0.16,207,535,38.7,967,167,42.1,38.1,241,53.1,45.9,253,19,7.5,27,0.71,14.2,Ligue 1,2018-2019,66190039714113630
60,Milan,2,38.0,36,4,1,5,1,39.4,0.27,4.4,0.12,219,424,51.7,960,213,28.8,30.7,316,46.8,40.1,400,35,8.8,16,0.42,13.8,Serie A,2018-2019,59378513948613436
61,Monaco,3,38.0,57,5,0,7,2,48.4,0.3,-6.6,-0.17,168,430,39.1,741,166,37.4,36.2,255,60.0,47.9,327,24,7.3,11,0.29,13.5,Ligue 1,2018-2019,79093238158793616
62,Montpellier,2,38.0,42,3,1,7,3,41.2,0.28,2.2,0.06,344,769,44.7,1020,170,56.6,44.3,278,69.1,52.4,312,22,7.1,26,0.68,15.4,Ligue 1,2018-2019,32434714471076965
63,Nantes,3,38.0,48,4,2,10,1,44.0,0.3,-3.0,-0.08,253,614,41.2,845,159,45.2,39.5,307,75.6,56.3,302,20,6.6,30,0.79,16.7,Ligue 1,2018-2019,25802633648495862
64,Napoli,3,38.0,36,4,1,4,0,36.4,0.24,0.4,0.01,130,384,33.9,774,149,32.0,33.0,271,50.2,43.6,316,26,8.2,11,0.29,13.6,Serie A,2018-2019,10516137814401134
65,Newcastle Utd,1,38.0,48,6,2,10,1,49.2,0.33,2.2,0.06,276,740,37.3,854,145,54.6,43.9,322,85.1,62.5,412,36,8.7,23,0.61,13.2,Premier League,2018-2019,29528772732587842
66,Nice,2,38.0,35,3,0,5,1,43.6,0.26,9.6,0.25,171,403,42.4,893,216,25.6,30.4,313,55.6,45.1,395,20,5.1,16,0.42,13.2,Ligue 1,2018-2019,11720969662561653
67,Nîmes,1,38.0,58,4,0,4,0,60.5,0.32,2.5,0.07,248,716,34.6,823,162,57.2,44.9,290,84.5,60.5,289,21,7.3,20,0.53,14.7,Ligue 1,2018-2019,83514802313158576
68,Nürnberg,2,34.0,68,2,1,8,2,60.6,0.34,-5.4,-0.16,256,706,36.3,1028,137,47.4,41.1,333,65.8,54.7,415,41,9.9,12,0.35,12.4,Bundesliga,2018-2019,10689243141507842
69,Paris S-G,2,38.0,35,5,1,3,4,36.9,0.25,5.9,0.16,113,201,56.2,673,170,18.4,26.3,237,32.5,35.2,275,10,3.6,26,0.68,14.2,Ligue 1,2018-2019,11177590892093073
70,Parma,2,38.0,61,8,1,9,4,55.2,0.24,-1.8,-0.05,351,800,43.9,774,135,54.4,44.5,466,81.3,55.7,582,39,6.7,10,0.26,11.1,Serie A,2018-2019,62695319081093388
71,Rayo Vallecano,2,38.0,70,7,0,11,2,62.2,0.31,-5.8,-0.15,309,649,47.6,887,194,51.2,41.8,293,66.6,51.2,418,29,6.9,16,0.42,13.6,La Liga,2018-2019,75203699329351977
72,RB Leipzig,2,34.0,30,5,1,4,1,33.6,0.27,5.6,0.16,262,633,41.4,817,128,54.0,44.1,224,85.7,61.2,253,15,5.9,42,1.24,16.9,Bundesliga,2018-2019,68159208261559796
73,Real Madrid,3,38.0,46,6,0,6,0,43.0,0.3,-3.0,-0.08,146,389,37.5,912,230,30.3,34.2,244,46.3,45.0,275,26,9.5,19,0.5,14.6,La Liga,2018-2019,29627131003986350
74,Real Sociedad,2,38.0,46,2,1,11,2,41.6,0.28,-2.4,-0.06,272,593,45.9,1133,143,35.2,34.9,285,68.1,50.5,430,41,9.5,37,0.97,16.4,La Liga,2018-2019,57299950304530590
75,Reims,1,38.0,42,7,1,3,2,44.3,0.27,4.3,0.11,300,714,42.0,843,123,57.2,46.1,287,80.8,58.5,420,33,7.9,15,0.39,13.3,Ligue 1,2018-2019,67732085073987538
76,Rennes,2,38.0,52,4,0,10,1,43.8,0.27,-7.2,-0.19,238,547,43.5,750,152,46.3,40.2,277,72.2,54.8,365,16,4.4,30,0.79,16.1,Ligue 1,2018-2019,96819424452761337
77,Roma,2,38.0,48,4,0,9,1,48.6,0.28,1.6,0.04,247,548,45.1,871,195,40.9,37.1,299,64.2,50.7,368,18,4.9,16,0.42,12.8,Serie A,2018-2019,764736481564168
78,Saint-Étienne,2,38.0,41,7,0,7,1,46.9,0.27,6.9,0.18,202,635,31.8,895,161,48.7,39.9,314,63.4,48.1,304,21,6.9,15,0.39,13.5,Ligue 1,2018-2019,56226069621228236
79,Sampdoria,2,38.0,51,7,2,6,1,52.0,0.32,2.0,0.05,157,458,34.3,912,194,32.7,32.1,310,51.6,42.1,402,34,8.5,25,0.66,14.9,Serie A,2018-2019,89407679695143145
80,Sassuolo,2,38.0,60,4,0,13,2,52.1,0.31,-5.9,-0.16,244,569,42.9,934,170,43.4,36.8,311,52.7,41.6,382,24,6.3,18,0.47,13.8,Serie A,2018-2019,79200252522790650
81,Schalke 04,2,34.0,55,5,1,4,1,53.8,0.33,-0.2,-0.01,243,553,43.9,790,125,47.1,40.8,251,72.1,53.9,283,22,7.8,20,0.59,15.6,Bundesliga,2018-2019,24345039935475884
82,Sevilla,3,38.0,47,6,2,4,1,49.4,0.3,3.4,0.09,220,669,32.9,869,210,50.1,41.2,296,79.1,59.9,331,28,8.5,21,0.55,14.6,La Liga,2018-2019,22702270477938803
83,Southampton,3,38.0,65,2,0,8,3,54.9,0.31,-7.1,-0.19,219,724,30.2,703,98,67.9,50.8,284,87.0,64.5,355,28,7.9,20,0.53,14.0,Premier League,2018-2019,21037626007536306
84,SPAL,4,38.0,56,5,0,11,0,52.8,0.28,-3.2,-0.08,256,638,40.1,1023,178,43.5,38.7,330,58.5,46.7,325,19,5.8,15,0.4,13.4,Serie A,2018-2019,73622612860183040
85,Strasbourg,2,38.0,48,7,3,4,1,44.0,0.25,-3.0,-0.08,276,705,39.1,820,186,52.0,43.7,339,82.3,61.7,356,28,7.9,21,0.55,14.1,Ligue 1,2018-2019,92234479374253707
86,Stuttgart,1,34.0,70,2,2,6,5,59.0,0.33,-6.0,-0.18,246,746,33.0,908,124,58.6,45.2,300,71.3,57.6,310,13,4.2,34,1.0,16.0,Bundesliga,2018-2019,81761661302668293
87,Torino,2,38.0,37,3,0,5,0,45.4,0.3,8.4,0.22,337,749,45.0,887,130,54.9,42.7,319,82.1,54.4,345,30,8.7,24,0.63,15.0,Serie A,2018-2019,21846272194836439
88,Tottenham,3,38.0,39,3,1,7,3,50.5,0.32,14.5,0.38,247,548,45.1,1072,187,35.9,35.6,287,56.8,46.9,338,14,4.1,17,0.45,14.3,Premier League,2018-2019,22006624071753704
89,Toulouse,2,38.0,58,5,3,6,0,50.8,0.27,-6.2,-0.16,285,721,39.5,952,171,49.9,41.8,363,67.8,53.0,405,31,7.7,27,0.71,14.1,Ligue 1,2018-2019,94523000561782573
90,Udinese,2,38.0,53,9,0,7,1,53.6,0.28,1.6,0.04,322,751,42.9,729,131,57.9,42.8,405,81.2,55.3,443,31,7.0,17,0.45,12.6,Serie A,2018-2019,48393495896639342
91,Valencia,2,38.0,35,7,2,7,2,39.7,0.24,6.7,0.18,219,589,37.2,634,175,52.8,43.3,302,84.1,60.6,431,30,7.0,12,0.32,13.1,La Liga,2018-2019,65158650443085242
92,Valladolid,2,38.0,51,6,1,8,2,51.9,0.3,2.9,0.08,288,876,32.9,894,170,63.2,46.8,347,89.6,65.5,421,23,5.5,13,0.34,12.5,La Liga,2018-2019,44089518275887893
93,Villarreal,2,38.0,52,3,2,5,3,54.8,0.28,5.8,0.15,239,565,42.3,692,146,51.0,42.6,300,70.7,54.6,458,44,9.6,27,0.71,14.8,La Liga,2018-2019,63335634096533483
94,Watford,1,38.0,59,4,2,7,3,56.3,0.32,0.3,0.01,366,979,37.4,944,106,73.7,52.8,307,92.2,68.2,380,35,9.2,48,1.26,15.7,Premier League,2018-2019,73743918793554398
95,Werder Bremen,3,34.0,49,4,2,5,0,47.1,0.28,-1.9,-0.06,259,570,45.4,936,166,42.6,38.2,308,55.5,45.9,316,18,5.7,16,0.47,14.0,Bundesliga,2018-2019,59303898890876434
96,West Ham,1,38.0,55,4,0,10,1,65.4,0.33,11.4,0.3,323,871,37.1,928,155,62.9,49.4,308,93.2,68.2,367,36,9.8,17,0.45,13.5,Premier League,2018-2019,57680956417459581
97,Wolfsburg,2,34.0,50,4,3,3,0,57.0,0.33,7.0,0.2,297,640,46.4,1265,187,38.0,37.9,273,58.2,50.9,330,34,10.3,25,0.74,14.2,Bundesliga,2018-2019,85159484018358879
98,Wolves,3,38.0,46,3,1,7,4,39.6,0.28,-2.4,-0.06,257,601,42.8,592,110,60.5,43.9,293,82.9,56.9,308,21,6.8,13,0.34,12.6,Premier League,2018-2019,24001928852251903
1,Alavés,2,38.0,50,7,2,7,2,53.8,0.28,5.8,0.15,253,596,42.4,540,71,70.2,47.4,232,93.5,62.3,418,22,5.3,9,0.24,12.9,La Liga,2017-2018,37745278530914180
2,Amiens,2,38.0,42,4,0,2,0,51.7,0.27,9.7,0.25,248,740,33.5,751,73,62.5,47.3,277,97.8,65.5,486,39,8.0,21,0.55,14.9,Ligue 1,2017-2018,20069478421376018
3,Angers,3,38.0,52,7,1,4,3,43.0,0.27,-6.0,-0.16,169,472,35.8,603,136,50.2,41.5,182,92.9,64.5,367,31,8.4,31,0.82,17.0,Ligue 1,2017-2018,66587352409382849
4,Arsenal,2,38.0,51,5,0,9,0,53.5,0.34,2.5,0.07,206,525,39.2,930,245,39.1,37.7,251,64.1,51.7,340,37,10.9,28,0.74,14.7,Premier League,2017-2018,5838645288327307
5,Atalanta,3,38.0,39,1,2,4,0,33.5,0.27,-5.5,-0.14,230,497,46.3,735,184,39.7,36.8,254,80.7,56.8,300,16,5.3,20,0.53,14.8,Serie A,2017-2018,87465877057901989
6,Athletic Club,2,38.0,49,3,3,5,3,51.1,0.29,5.1,0.13,362,760,47.6,927,88,65.3,47.3,170,91.2,64.5,357,30,8.4,19,0.5,15.2,La Liga,2017-2018,4823083458145023
7,Atlético Madrid,2,38.0,22,1,1,2,1,33.0,0.23,12.0,0.32,153,457,33.5,506,71,60.1,45.1,185,82.7,58.2,390,30,7.7,10,0.26,14.0,La Liga,2017-2018,74713976168286555
8,Augsburg,2,34.0,46,2,2,11,1,46.1,0.27,1.1,0.03,285,605,47.1,926,148,48.6,40.8,260,59.6,48.0,266,22,8.3,26,0.76,14.6,Bundesliga,2017-2018,82828683183786310
9,Barcelona,2,38.0,29,2,0,1,0,37.0,0.26,8.0,0.21,149,317,47.0,935,130,27.2,30.1,107,58.9,47.3,297,28,9.4,22,0.58,15.9,La Liga,2017-2018,81744823723090567
10,Bayern Munich,3,34.0,28,1,1,2,3,28.0,0.27,3.0,0.09,158,387,40.8,909,156,35.2,34.1,153,43.8,41.5,188,14,7.4,29,0.85,16.8,Bundesliga,2017-2018,7510926916741648
11,Benevento,3,38.0,89,10,1,10,2,77.2,0.35,-4.8,-0.13,236,636,37.1,959,200,45.6,39.7,312,63.8,49.8,424,51,12.0,30,0.79,14.5,Serie A,2017-2018,38159059008947812
12,Betis,3,38.0,61,3,0,8,4,47.6,0.29,-9.4,-0.25,206,544,37.9,1109,119,39.7,35.9,160,65.0,47.7,367,34,9.3,21,0.55,14.4,La Liga,2017-2018,9423348454032625
13,Bologna,3,38.0,52,3,1,6,3,48.4,0.28,-0.6,-0.02,412,826,49.9,1072,167,52.2,42.3,342,77.8,54.6,454,31,6.8,37,0.97,15.0,Serie A,2017-2018,23275147453355121
14,Bordeaux,2,38.0,48,4,4,6,1,37.8,0.25,-9.2,-0.24,175,542,32.3,777,99,48.6,42.5,183,89.6,65.2,362,29,8.0,21,0.55,14.3,Ligue 1,2017-2018,12683680850395737
15,Bournemouth,1,38.0,61,2,2,8,1,57.5,0.33,-2.5,-0.07,233,668,34.9,823,227,48.8,41.5,329,80.9,58.5,389,35,9.0,8,0.21,13.2,Premier League,2017-2018,36088947257895306
16,Brighton,1,38.0,54,1,1,15,5,56.1,0.32,7.1,0.19,376,913,41.2,821,118,70.9,50.4,352,94.0,63.5,383,19,5.0,15,0.39,12.6,Premier League,2017-2018,49072214318111932
17,Burnley,2,38.0,39,3,0,5,1,47.9,0.29,9.9,0.26,398,1104,36.1,1003,139,79.0,58.3,331,94.3,71.9,421,45,10.7,22,0.58,14.5,Premier League,2017-2018,21823480134907726
18,Caen,2,38.0,52,5,0,6,4,44.7,0.27,-3.3,-0.09,326,713,45.7,775,84,67.7,50.1,200,94.0,64.4,381,33,8.7,18,0.47,14.3,Ligue 1,2017-2018,21277886218272520
19,Cagliari,3,38.0,61,8,4,4,1,60.0,0.32,0.0,0.0,287,660,43.5,696,152,53.7,41.7,338,84.6,58.0,412,36,8.7,15,0.39,13.4,Serie A,2017-2018,32968728316179674
20,Celta Vigo,3,38.0,60,4,0,8,1,52.0,0.3,-7.0,-0.18,208,612,34.0,1037,89,46.0,39.7,165,81.8,60.2,374,43,11.5,19,0.5,14.7,La Liga,2017-2018,14218303985450920
21,Chelsea,2,38.0,38,2,0,2,2,33.1,0.28,-2.9,-0.08,190,493,38.5,1032,216,34.0,36.1,261,54.4,48.6,306,24,7.8,21,0.55,14.1,Premier League,2017-2018,58172670324373785
22,Chievo,1,38.0,59,4,2,13,4,55.9,0.28,0.9,0.02,257,653,39.4,774,170,51.0,39.7,361,71.5,46.2,434,16,3.7,14,0.37,12.6,Serie A,2017-2018,83748145049842906
23,Crotone,1,38.0,66,6,3,11,0,64.5,0.3,-1.5,-0.04,304,884,34.4,781,95,72.3,51.6,338,94.4,62.3,428,21,4.9,26,0.68,14.4,Serie A,2017-2018,33431629624225246
24,Crystal Palace,2,38.0,55,2,1,12,2,48.3,0.28,-4.7,-0.12,322,852,37.8,778,114,72.0,53.4,316,92.4,68.1,406,23,5.7,24,0.63,13.4,Premier League,2017-2018,15352059381074619
25,Dijon,1,38.0,73,11,2,7,3,74.7,0.32,4.7,0.12,285,650,43.8,1153,171,45.8,40.2,182,67.0,52.6,446,47,10.5,48,1.26,16.9,Ligue 1,2017-2018,59239312409540653
26,Dortmund,2,34.0,47,2,1,4,0,51.6,0.34,4.6,0.14,188,543,34.6,1061,170,36.4,36.2,227,69.2,55.4,275,27,9.8,39,1.15,17.5,Bundesliga,2017-2018,6921931827204601
27,Eibar,3,38.0,50,4,2,4,4,43.7,0.32,-2.3,-0.06,284,772,36.8,830,75,75.4,56.2,150,97.3,77.0,277,39,14.1,62,1.63,17.8,La Liga,2017-2018,67267904110326262
28,Eint Frankfurt,1,34.0,45,2,2,8,2,41.0,0.3,-2.0,-0.06,282,704,40.1,1060,164,50.8,41.5,216,76.9,58.9,301,24,8.0,35,1.03,15.2,Bundesliga,2017-2018,37929111009288632
29,Espanyol,2,38.0,42,4,0,5,2,50.7,0.29,10.7,0.28,194,548,35.4,619,132,56.1,43.9,213,94.4,64.4,373,40,10.7,18,0.47,14.3,La Liga,2017-2018,71314269182841176
30,Everton,1,38.0,58,3,0,7,0,59.6,0.33,1.6,0.04,322,985,32.7,991,155,67.9,54.1,339,92.0,72.5,367,23,6.3,32,0.84,15.0,Premier League,2017-2018,57482013681231466
31,Fiorentina,2,38.0,46,2,3,6,0,46.7,0.3,0.7,0.02,162,420,38.6,785,190,37.7,35.4,243,51.0,42.6,338,41,12.1,12,0.32,13.7,Serie A,2017-2018,24325362613855847
32,Freiburg,2,34.0,56,4,1,9,4,46.7,0.3,-5.3,-0.16,345,850,40.6,1074,124,53.3,43.1,312,89.1,66.2,354,23,6.5,32,0.94,18.0,Bundesliga,2017-2018,17577284562417651
33,Genoa,2,38.0,43,4,1,2,2,45.1,0.25,4.1,0.11,330,807,40.9,890,115,58.0,44.0,328,88.7,60.1,376,21,5.6,20,0.53,13.9,Serie A,2017-2018,87033800759594150
34,Getafe,2,38.0,33,2,0,5,0,35.3,0.26,2.3,0.06,258,800,32.3,694,68,76.8,55.8,268,99.6,70.1,365,52,14.2,22,0.58,14.6,La Liga,2017-2018,23789167582387071
35,Girona,2,38.0,59,4,3,1,3,49.9,0.28,-6.1,-0.16,233,620,37.6,663,97,67.4,48.3,186,93.0,66.1,320,29,9.1,20,0.53,14.2,La Liga,2017-2018,12545195302828957
36,Guingamp,1,38.0,59,5,0,7,1,55.0,0.29,-3.0,-0.08,195,558,34.9,719,110,52.2,43.6,209,87.6,65.5,394,39,9.9,16,0.42,15.3,Ligue 1,2017-2018,16872092436156260
37,Hamburger SV,2,34.0,53,3,1,5,1,52.8,0.37,0.8,0.02,206,645,31.9,988,119,48.0,40.8,244,70.1,54.8,252,18,7.1,31,0.91,16.0,Bundesliga,2017-2018,42905483414913667
38,Hannover 96,2,34.0,54,2,1,12,0,52.7,0.3,-1.3,-0.04,291,633,46.0,947,168,49.0,38.6,278,60.8,45.0,329,13,4.0,23,0.68,15.1,Bundesliga,2017-2018,10121335889457780
39,Hellas Verona,2,38.0,78,6,4,10,2,82.9,0.3,6.9,0.18,384,928,41.4,1024,232,58.4,44.2,382,86.4,59.6,487,50,10.3,22,0.58,13.8,Serie A,2017-2018,45227680351245381
40,Hertha BSC,2,34.0,46,6,0,8,1,40.1,0.25,-4.9,-0.14,324,853,38.0,968,96,65.1,46.7,261,85.4,61.2,317,20,6.3,17,0.5,13.4,Bundesliga,2017-2018,59737400018465050
41,Hoffenheim,1,34.0,48,3,1,9,3,41.2,0.27,-3.8,-0.11,219,620,35.3,1175,174,40.8,35.9,230,61.3,48.7,311,20,6.4,37,1.09,15.6,Bundesliga,2017-2018,29322720181807625
42,Huddersfield,1,38.0,57,4,0,6,1,56.2,0.34,-0.8,-0.02,411,963,42.7,1080,108,65.1,50.3,307,84.7,63.1,287,25,8.7,34,0.89,15.4,Premier League,2017-2018,70397411865897550
43,Inter,1,38.0,30,2,1,2,4,33.1,0.26,7.1,0.19,167,321,52.0,781,234,24.7,28.5,268,47.8,39.1,369,21,5.7,10,0.26,12.9,Serie A,2017-2018,53198597771575973
44,Juventus,3,38.0,24,3,1,4,2,28.0,0.27,6.0,0.16,195,383,50.9,791,148,35.1,35.1,186,56.5,44.4,297,20,6.7,16,0.42,13.6,Serie A,2017-2018,19371054131726661
45,Köln,1,34.0,70,8,0,7,0,71.8,0.33,1.8,0.05,293,755,38.8,774,82,66.3,48.9,279,86.7,61.7,370,28,7.6,33,0.97,15.7,Bundesliga,2017-2018,39731782814123330
46,La Coruña,5,38.0,76,4,3,12,3,62.1,0.33,-10.9,-0.29,168,467,36.0,541,103,55.8,42.9,196,84.2,61.5,402,36,9.0,14,0.37,14.4,La Liga,2017-2018,31828180925314031
47,Las Palmas,2,38.0,74,5,1,8,1,67.7,0.3,-5.3,-0.14,189,499,37.9,1034,170,38.0,35.4,162,65.4,52.1,328,39,11.9,39,1.03,15.6,La Liga,2017-2018,33189055458748528
48,Lazio,1,38.0,49,9,2,5,2,51.2,0.29,4.2,0.11,248,509,48.7,854,163,45.8,37.9,250,47.2,43.2,290,12,4.1,23,0.61,15.2,Serie A,2017-2018,90751438076496109
49,Leganés,3,38.0,51,6,4,5,0,46.7,0.26,-4.3,-0.11,294,846,34.8,787,69,80.1,55.2,219,98.6,69.6,333,32,9.6,29,0.76,15.6,La Liga,2017-2018,20237473683555152
50,Leicester City,3,38.0,60,2,3,11,2,49.4,0.3,-8.6,-0.23,361,922,39.2,969,129,65.6,50.1,310,92.3,68.8,343,23,6.7,43,1.13,16.2,Premier League,2017-2018,18776461863573874
51,Levante,3,38.0,58,5,1,8,3,61.2,0.33,6.2,0.16,248,621,39.9,590,73,69.0,49.9,227,94.3,64.1,412,44,10.7,25,0.66,14.1,La Liga,2017-2018,1566092639264277
52,Leverkusen,2,34.0,44,5,2,3,0,37.7,0.3,-6.3,-0.18,220,590,37.3,1014,137,44.2,38.6,231,61.5,50.2,229,12,5.2,33,0.97,18.0,Bundesliga,2017-2018,36794408106212849
53,Lille,2,38.0,64,4,1,5,3,61.3,0.31,-2.7,-0.07,124,333,37.2,802,143,27.7,31.7,157,70.7,57.6,351,38,10.8,38,1.0,16.2,Ligue 1,2017-2018,85603837513355486
54,Liverpool,2,38.0,38,4,0,6,0,36.6,0.33,-1.4,-0.04,152,461,33.0,1020,205,34.8,35.2,202,52.5,45.8,286,29,10.1,28,0.74,14.8,Premier League,2017-2018,41956650829873911
55,Lyon,2,38.0,43,5,2,3,3,39.3,0.23,-0.7,-0.02,114,309,36.9,742,119,32.1,34.7,132,53.8,48.7,409,35,8.6,20,0.53,14.7,Ligue 1,2017-2018,87005642993871754
56,M'Gladbach,2,34.0,52,4,0,6,1,50.8,0.29,-0.2,-0.01,233,610,38.2,1134,146,39.4,36.4,257,63.4,49.3,356,28,7.9,22,0.65,14.5,Bundesliga,2017-2018,81611584009946193
57,Mainz 05,3,34.0,52,5,1,10,1,49.7,0.34,-1.3,-0.04,212,614,34.5,802,143,51.1,41.7,255,80.0,59.2,297,21,7.1,34,1.0,15.4,Bundesliga,2017-2018,71158960989778912
58,Málaga,2,38.0,61,6,1,3,0,58.2,0.33,-2.8,-0.07,262,669,39.2,633,63,69.7,50.8,243,93.8,66.8,376,41,10.9,15,0.39,12.4,La Liga,2017-2018,79809637287620621
59,Manchester City,2,38.0,27,0,1,1,2,23.8,0.29,-1.2,-0.03,162,297,54.5,1004,169,20.1,28.7,170,55.9,49.2,171,18,10.5,51,1.34,17.9,Premier League,2017-2018,74026506610392765
60,Manchester Utd,2,38.0,28,1,1,5,2,36.0,0.25,10.0,0.26,265,676,39.2,812,147,54.6,44.2,299,77.9,59.2,308,20,6.5,13,0.34,13.3,Premier League,2017-2018,29078730489839024
61,Marseille,2,38.0,47,4,2,5,2,44.1,0.28,-0.9,-0.02,158,412,38.3,750,127,41.3,37.2,143,71.3,53.4,311,28,9.0,17,0.45,14.6,Ligue 1,2017-2018,66190039714113630
62,Metz,3,38.0,76,3,1,10,2,69.3,0.31,-4.7,-0.12,207,583,35.5,694,138,56.1,44.3,206,94.2,65.9,406,32,7.9,27,0.71,15.2,Ligue 1,2017-2018,14635757597311544
63,Milan,1,38.0,42,2,0,4,1,40.8,0.3,-0.2,-0.01,192,402,47.8,892,136,33.0,31.5,194,55.7,42.2,305,23,7.5,14,0.37,14.4,Serie A,2017-2018,59378513948613436
64,Monaco,3,38.0,45,5,1,4,1,45.1,0.27,1.1,0.03,144,417,34.5,586,104,49.7,41.9,179,70.4,54.6,421,36,8.6,23,0.61,15.5,Ligue 1,2017-2018,79093238158793616
65,Montpellier,1,38.0,33,5,1,4,0,37.9,0.28,4.9,0.13,217,510,42.5,761,178,52.0,41.4,161,70.8,51.8,336,46,13.7,18,0.47,16.0,Ligue 1,2017-2018,32434714471076965
66,Nantes,2,38.0,41,3,0,8,0,33.2,0.23,-7.8,-0.21,164,507,32.3,665,123,47.1,40.8,215,90.2,64.6,438,52,11.9,14,0.37,13.7,Ligue 1,2017-2018,25802633648495862
67,Napoli,2,38.0,29,2,2,4,0,26.4,0.25,-2.6,-0.07,176,365,48.2,899,152,30.3,33.3,196,47.4,41.7,228,11,4.8,31,0.82,16.6,Serie A,2017-2018,10516137814401134
68,Newcastle Utd,3,38.0,47,4,0,3,3,48.5,0.31,4.5,0.12,313,833,37.6,877,115,62.8,47.8,337,83.7,60.7,400,35,8.8,26,0.68,13.8,Premier League,2017-2018,29528772732587842
69,Nice,2,38.0,52,3,2,1,3,49.0,0.29,0.0,0.0,97,272,35.7,552,110,25.5,29.4,169,77.5,55.2,415,20,4.8,9,0.24,13.3,Ligue 1,2017-2018,11720969662561653
70,Paris S-G,2,38.0,29,3,2,6,0,32.7,0.24,3.7,0.1,52,101,51.5,559,101,13.6,24.0,85,29.4,33.6,347,27,7.8,31,0.82,16.2,Ligue 1,2017-2018,11177590892093073
71,RB Leipzig,2,34.0,53,5,0,9,0,52.1,0.33,-0.9,-0.03,233,564,41.3,903,147,45.7,39.5,200,75.5,55.5,284,24,8.5,36,1.06,17.4,Bundesliga,2017-2018,68159208261559796
72,Real Madrid,3,38.0,44,2,0,9,2,45.2,0.3,3.2,0.08,86,223,38.6,611,126,25.7,32.0,99,66.7,52.8,300,29,9.7,24,0.63,14.9,La Liga,2017-2018,29627131003986350
73,Real Sociedad,3,38.0,59,6,2,9,1,49.0,0.3,-9.0,-0.24,243,529,45.9,1192,89,38.1,35.4,114,65.8,48.1,329,37,11.2,29,0.76,15.5,La Liga,2017-2018,57299950304530590
74,Rennes,3,38.0,44,5,1,7,2,50.0,0.3,8.0,0.21,169,521,32.4,644,93,55.7,45.4,181,89.5,65.1,375,42,11.2,36,0.95,17.2,Ligue 1,2017-2018,96819424452761337
75,Roma,2,38.0,28,3,0,2,0,39.2,0.26,11.2,0.3,251,455,55.2,1024,209,35.6,35.1,187,48.1,45.0,316,25,7.9,50,1.32,17.3,Serie A,2017-2018,764736481564168
76,Saint-Étienne,2,38.0,50,6,3,4,1,53.3,0.28,4.3,0.11,185,524,35.3,811,100,46.9,38.9,175,82.3,55.3,406,38,9.4,15,0.4,14.3,Ligue 1,2017-2018,56226069621228236
77,Sampdoria,3,38.0,60,6,1,7,1,63.2,0.29,4.2,0.11,245,596,41.1,893,138,48.2,39.3,263,63.1,49.4,389,24,6.2,32,0.84,15.3,Serie A,2017-2018,89407679695143145
78,Sassuolo,2,38.0,59,2,3,10,2,52.8,0.29,-4.2,-0.11,288,646,44.6,809,167,53.6,43.2,273,77.7,52.4,425,36,8.5,19,0.5,13.2,Serie A,2017-2018,79200252522790650
79,Schalke 04,2,34.0,37,3,0,3,1,33.6,0.26,-2.4,-0.07,186,509,36.5,712,125,49.7,41.1,226,68.6,50.8,295,37,12.5,15,0.44,14.2,Bundesliga,2017-2018,24345039935475884
80,Sevilla,2,38.0,58,5,1,6,1,50.1,0.31,-6.9,-0.18,144,380,37.9,639,137,40.5,35.3,157,77.1,54.8,365,40,11.0,12,0.32,13.2,La Liga,2017-2018,22702270477938803
81,Southampton,2,38.0,56,1,2,8,0,48.8,0.3,-7.2,-0.19,210,712,29.5,670,119,65.1,50.3,303,91.1,65.6,368,28,7.6,12,0.32,12.5,Premier League,2017-2018,21037626007536306
82,SPAL,3,38.0,59,9,1,7,4,62.8,0.28,7.8,0.21,261,718,36.4,807,126,60.1,46.1,313,74.4,54.1,389,27,6.9,15,0.39,12.9,Serie A,2017-2018,73622612860183040
83,Stoke City,2,38.0,68,5,0,12,2,64.9,0.29,-1.1,-0.03,435,1071,40.6,1002,108,73.9,54.0,361,91.7,67.6,397,32,8.1,27,0.71,14.2,Premier League,2017-2018,55848606059653975
84,Strasbourg,3,38.0,67,6,0,8,0,57.7,0.29,-9.3,-0.24,221,587,37.6,700,94,55.0,43.7,229,88.2,62.8,401,37,9.2,13,0.34,12.4,Ligue 1,2017-2018,92234479374253707
85,Stuttgart,1,34.0,36,4,2,2,0,42.8,0.27,6.8,0.2,299,880,34.0,1015,111,63.6,46.8,279,83.9,62.8,359,28,7.8,23,0.68,14.9,Bundesliga,2017-2018,81761661302668293
86,Swansea City,1,38.0,56,3,1,6,2,55.8,0.29,1.8,0.05,329,837,39.3,913,152,56.8,46.5,359,88.6,64.5,398,40,10.1,12,0.32,13.0,Premier League,2017-2018,11897392087106032
87,Torino,2,38.0,46,5,3,5,0,49.6,0.27,3.6,0.09,263,594,44.3,984,191,41.9,37.5,278,65.5,48.4,410,32,7.8,34,0.89,14.6,Serie A,2017-2018,21846272194836439
88,Tottenham,3,38.0,36,2,1,8,1,37.0,0.29,2.0,0.05,214,463,46.2,976,199,34.3,35.6,245,52.2,44.3,289,26,9.0,34,0.89,16.5,Premier League,2017-2018,22006624071753704
89,Toulouse,1,38.0,54,6,3,9,0,52.6,0.3,-1.4,-0.04,239,615,38.9,793,115,55.0,44.3,206,86.9,61.5,448,41,9.2,44,1.16,17.1,Ligue 1,2017-2018,94523000561782573
90,Troyes,2,38.0,59,4,0,8,1,55.0,0.26,-3.0,-0.08,210,659,31.9,776,124,54.4,44.4,245,96.7,65.5,493,47,9.5,20,0.53,15.4,Ligue 1,2017-2018,57069542099991496
91,Udinese,2,38.0,63,2,1,11,5,50.0,0.28,-8.0,-0.21,298,711,41.9,887,155,53.4,41.3,307,77.2,53.5,358,32,8.9,14,0.37,12.9,Serie A,2017-2018,48393495896639342
92,Valencia,2,38.0,38,3,1,6,0,50.5,0.28,12.5,0.33,159,426,37.3,509,116,51.9,41.7,189,85.7,62.7,423,34,8.0,9,0.24,13.4,La Liga,2017-2018,65158650443085242
93,Villarreal,3,38.0,50,5,1,6,0,51.3,0.3,1.3,0.04,146,431,33.9,585,130,46.2,39.1,187,86.1,60.8,459,42,9.2,20,0.53,14.1,La Liga,2017-2018,63335634096533483
94,Watford,2,38.0,64,6,1,9,1,52.5,0.32,-10.5,-0.28,321,835,38.4,885,154,70.1,50.5,259,83.0,61.0,340,35,10.3,23,0.61,14.1,Premier League,2017-2018,73743918793554398
95,Werder Bremen,1,34.0,40,2,0,6,2,44.1,0.26,6.1,0.18,250,613,40.8,901,175,50.9,42.4,244,63.1,51.7,282,18,6.4,14,0.41,13.3,Bundesliga,2017-2018,59303898890876434
96,West Brom,2,38.0,56,1,3,9,1,49.8,0.32,-5.2,-0.14,354,944,37.5,810,74,75.8,54.3,346,95.4,70.3,451,29,6.4,19,0.5,13.9,Premier League,2017-2018,26775906631723373
97,West Ham,2,38.0,68,5,1,12,1,61.7,0.32,-5.3,-0.14,335,947,35.4,826,103,76.3,54.2,342,92.7,66.0,376,27,7.2,25,0.66,13.9,Premier League,2017-2018,57680956417459581
98,Wolfsburg,1,34.0,48,6,1,5,2,51.3,0.31,5.3,0.16,269,704,38.2,1026,198,49.9,41.1,270,71.1,55.1,298,35,11.7,22,0.65,13.6,Bundesliga,2017-2018,85159484018358879
