Rk,Squad,# Pl,90s,CrdY,CrdR,2CrdY,Fls,Fld,Off,Crs,Int,TklW,PKwon,PKcon,OG,Recov,Won,Lost,Won%,League,Season,TeamID
1,Alavés,24,11.0,23.0,1.0,1,148,133,20,135,138,104,2,3,0,806,275,185,59.8,La Liga,2021-2022,37745278530914180
2,Angers,22,12.0,18.0,0.0,0,142,146,14,112,176,176,3,3,0,847,122,163,42.8,Ligue 1,2021-2022,66587352409382849
3,Arminia,22,10.0,16.0,1.0,1,137,93,10,105,146,102,1,3,0,890,230,264,46.6,Bundesliga,2021-2022,60726784699523350
4,Arsenal,26,10.0,14.0,1.0,0,94,81,18,89,141,82,1,0,0,768,161,180,47.2,Premier League,2021-2022,5838645288327307
5,Aston Villa,23,10.0,23.0,1.0,0,106,134,14,144,157,85,1,2,1,812,175,196,47.2,Premier League,2021-2022,14348480492050895
6,Atalanta,24,11.0,28.0,0.0,0,153,154,17,108,152,94,2,3,0,1001,226,154,59.5,Serie A,2021-2022,87465877057901989
7,Athletic Club,23,11.0,20.0,1.0,1,147,134,22,158,129,108,2,2,0,934,182,198,47.9,La Liga,2021-2022,4823083458145023
8,Atlético Madrid,21,11.0,38.0,2.0,1,128,128,27,145,122,114,1,3,0,856,163,130,55.6,La Liga,2021-2022,74713976168286555
9,Augsburg,24,10.0,20.0,0.0,0,118,97,26,110,147,100,0,2,2,898,193,208,48.1,Bundesliga,2021-2022,82828683183786310
10,Barcelona,27,11.0,21.0,2.0,1,137,165,18,190,111,121,3,0,0,841,150,142,51.4,La Liga,2021-2022,81744823723090567
11,Bayern Munich,22,10.0,6.0,1.0,0,79,97,19,131,162,108,0,0,0,943,147,121,54.9,Bundesliga,2021-2022,7510926916741648
12,Betis,29,12.0,27.0,1.0,0,152,145,22,130,145,140,2,1,1,985,198,183,52.0,La Liga,2021-2022,9423348454032625
13,Bochum,24,10.0,16.0,1.0,0,131,111,25,123,204,117,0,1,1,860,195,185,51.3,Bundesliga,2021-2022,26656491983030423
14,Bologna,24,11.0,34.0,4.0,2,126,156,4,123,106,90,2,4,1,700,157,140,52.9,Serie A,2021-2022,23275147453355121
15,Bordeaux,28,12.0,24.0,1.0,0,128,133,13,106,195,127,0,3,0,870,152,162,48.4,Ligue 1,2021-2022,12683680850395737
16,Brentford,21,10.0,18.0,1.0,1,108,98,20,108,153,120,1,0,0,908,219,219,50.0,Premier League,2021-2022,27125852983275500
17,Brest,22,12.0,20.0,0.0,0,157,124,17,161,209,144,2,1,2,918,269,210,56.2,Ligue 1,2021-2022,27328509848090670
18,Brighton,21,10.0,25.0,0.0,0,92,76,15,101,135,126,1,2,0,818,147,155,48.7,Premier League,2021-2022,49072214318111932
19,Burnley,18,10.0,22.0,0.0,0,94,76,29,149,152,94,0,0,0,941,264,224,54.1,Premier League,2021-2022,21823480134907726
20,Cádiz,26,12.0,31.0,1.0,1,134,123,19,176,165,148,3,3,0,950,245,264,48.1,La Liga,2021-2022,1007679934589500
21,Cagliari,26,11.0,28.0,2.0,1,148,135,23,128,155,93,2,3,0,683,174,190,47.8,Serie A,2021-2022,32968728316179674
22,Celta Vigo,22,12.0,32.0,1.0,0,145,138,28,185,163,140,1,4,0,994,206,206,50.0,La Liga,2021-2022,14218303985450920
23,Chelsea,25,10.0,11.0,1.0,0,106,109,18,119,142,110,1,1,0,761,159,144,52.5,Premier League,2021-2022,58172670324373785
24,Clermont Foot,20,12.0,12.0,2.0,0,108,153,13,142,157,152,0,2,1,890,125,146,46.1,Ligue 1,2021-2022,54976968050746588
25,Crystal Palace,19,10.0,17.0,0.0,0,109,106,20,109,133,110,1,0,0,852,191,157,54.9,Premier League,2021-2022,15352059381074619
26,Dortmund,27,10.0,20.0,1.0,1,100,127,19,99,132,126,3,2,1,919,150,142,51.4,Bundesliga,2021-2022,6921931827204601
27,Eint Frankfurt,24,10.0,20.0,0.0,0,127,96,12,131,162,119,1,0,0,970,227,258,46.8,Bundesliga,2021-2022,37929111009288632
28,Elche,23,12.0,28.0,1.0,1,140,155,23,142,186,91,0,0,0,836,154,167,48.0,La Liga,2021-2022,30674441257210497
29,Empoli,24,11.0,24.0,1.0,0,142,151,38,153,153,120,4,3,3,801,121,171,41.4,Serie A,2021-2022,77726683749984272
30,Espanyol,27,12.0,25.0,2.0,0,127,154,24,127,133,99,0,0,0,841,151,217,41.0,La Liga,2021-2022,71314269182841176
31,Everton,24,10.0,18.0,0.0,0,89,82,10,121,163,121,3,0,1,741,168,175,49.0,Premier League,2021-2022,57482013681231466
32,Fiorentina,24,11.0,34.0,3.0,2,143,166,14,137,134,95,2,3,0,780,143,144,49.8,Serie A,2021-2022,24325362613855847
33,Freiburg,23,10.0,8.0,0.0,0,128,138,18,108,138,93,1,1,1,851,223,217,50.7,Bundesliga,2021-2022,17577284562417651
34,Genoa,30,11.0,31.0,0.0,0,155,162,23,128,202,126,3,3,1,886,173,229,43.0,Serie A,2021-2022,87033800759594150
35,Getafe,26,12.0,43.0,4.0,1,185,158,18,132,187,143,1,3,0,926,241,256,48.5,La Liga,2021-2022,23789167582387071
36,Granada,25,11.0,37.0,0.0,0,146,147,16,111,133,101,1,3,0,761,176,261,40.3,La Liga,2021-2022,45137124328012624
37,Greuther Fürth,25,10.0,20.0,0.0,0,142,131,17,98,146,116,2,3,3,860,183,247,42.6,Bundesliga,2021-2022,11035944553035865
38,Hellas Verona,24,11.0,29.0,1.0,1,170,122,22,102,141,116,4,2,2,893,202,221,47.8,Serie A,2021-2022,45227680351245381
39,Hertha BSC,27,10.0,18.0,1.0,0,131,133,23,78,155,104,1,3,0,808,196,211,48.2,Bundesliga,2021-2022,59737400018465050
40,Hoffenheim,22,10.0,19.0,0.0,0,118,97,17,139,149,112,0,0,0,782,168,205,45.0,Bundesliga,2021-2022,29322720181807625
41,Inter,23,11.0,26.0,0.0,0,150,128,16,151,117,100,2,3,0,805,172,146,54.1,Serie A,2021-2022,53198597771575973
42,Juventus,24,11.0,22.0,0.0,0,161,156,24,129,132,104,1,2,0,844,185,157,54.1,Serie A,2021-2022,19371054131726661
43,Köln,22,10.0,21.0,1.0,1,127,130,17,168,208,117,0,0,1,898,215,189,53.2,Bundesliga,2021-2022,39731782814123330
44,Lazio,23,11.0,27.0,2.0,0,137,122,16,112,145,101,3,3,0,830,161,136,54.2,Serie A,2021-2022,90751438076496109
45,Leeds United,23,10.0,23.0,1.0,0,116,110,13,128,142,119,1,1,1,833,145,170,46.0,Premier League,2021-2022,34570153325607342
46,Leicester City,22,10.0,13.0,1.0,0,78,106,18,85,141,105,0,2,1,757,162,156,50.9,Premier League,2021-2022,18776461863573874
47,Lens,23,12.0,24.0,2.0,0,150,109,12,138,184,116,1,2,0,881,154,134,53.5,Ligue 1,2021-2022,74951719010833888
48,Levante,26,12.0,36.0,2.0,1,180,137,20,130,170,122,1,1,0,728,126,155,44.8,La Liga,2021-2022,1566092639264277
49,Leverkusen,23,10.0,24.0,1.0,0,99,110,17,75,176,113,2,2,0,782,126,157,44.5,Bundesliga,2021-2022,36794408106212849
50,Lille,22,12.0,32.0,0.0,0,129,149,24,130,170,150,2,2,0,905,188,174,51.9,Ligue 1,2021-2022,85603837513355486
51,Liverpool,24,10.0,11.0,0.0,0,101,75,17,138,128,91,0,0,0,912,141,135,51.1,Premier League,2021-2022,41956650829873911
52,Lorient,25,12.0,32.0,3.0,3,154,132,15,113,186,147,2,3,1,929,130,181,41.8,Ligue 1,2021-2022,37325341301512527
53,Lyon,25,12.0,20.0,5.0,2,123,120,19,121,180,156,3,4,2,867,146,146,50.0,Ligue 1,2021-2022,87005642993871754
54,M'Gladbach,22,10.0,20.0,0.0,0,112,134,24,89,148,120,2,0,1,843,152,142,51.7,Bundesliga,2021-2022,81611584009946193
55,Mainz 05,26,10.0,22.0,1.0,1,142,117,18,99,142,122,0,1,0,978,225,240,48.4,Bundesliga,2021-2022,71158960989778912
56,Mallorca,27,12.0,38.0,4.0,2,173,179,24,111,167,137,0,2,1,861,182,209,46.5,La Liga,2021-2022,96459977719332900
57,Manchester City,22,10.0,16.0,1.0,0,92,84,24,167,112,90,0,1,0,780,132,116,53.2,Premier League,2021-2022,74026506610392765
58,Manchester Utd,21,10.0,24.0,1.0,0,107,80,23,124,122,82,0,1,1,783,143,111,56.3,Premier League,2021-2022,29078730489839024
59,Marseille,23,12.0,20.0,2.0,1,92,145,17,126,176,119,1,2,1,789,117,103,53.2,Ligue 1,2021-2022,66190039714113630
60,Metz,29,12.0,30.0,2.0,1,159,149,12,120,223,154,1,2,2,893,206,185,52.7,Ligue 1,2021-2022,14635757597311544
61,Milan,26,11.0,24.0,1.0,1,145,160,18,137,166,120,3,2,1,832,143,178,44.5,Serie A,2021-2022,59378513948613436
62,Monaco,25,12.0,26.0,1.0,0,153,143,28,142,179,176,2,4,1,1013,158,164,49.1,Ligue 1,2021-2022,79093238158793616
63,Montpellier,22,12.0,27.0,3.0,3,141,156,15,164,186,126,1,0,1,944,152,186,45.0,Ligue 1,2021-2022,32434714471076965
64,Nantes,21,12.0,23.0,1.0,0,161,130,15,127,201,156,1,0,0,946,221,197,52.9,Ligue 1,2021-2022,25802633648495862
65,Napoli,25,11.0,19.0,2.0,0,126,140,21,111,108,114,4,0,0,729,109,113,49.1,Serie A,2021-2022,10516137814401134
66,Newcastle Utd,22,10.0,28.0,1.0,1,97,96,18,112,128,116,0,4,0,734,170,157,52.0,Premier League,2021-2022,29528772732587842
67,Nice,23,12.0,23.0,0.0,0,164,113,21,128,199,137,2,2,0,991,172,141,55.0,Ligue 1,2021-2022,11720969662561653
68,Norwich City,22,10.0,19.0,1.0,1,87,133,8,98,154,100,1,2,2,747,142,167,46.0,Premier League,2021-2022,42809968147687487
69,Osasuna,26,12.0,31.0,1.0,0,180,120,16,180,164,109,1,1,1,1054,304,268,53.1,La Liga,2021-2022,83352675823776457
70,Paris S-G,27,12.0,21.0,1.0,0,116,119,21,134,159,121,1,0,0,749,99,79,55.6,Ligue 1,2021-2022,11177590892093073
71,Rayo Vallecano,25,12.0,31.0,1.0,0,175,164,33,158,179,115,0,5,1,859,202,216,48.3,La Liga,2021-2022,75203699329351977
72,RB Leipzig,23,10.0,14.0,0.0,0,110,122,19,123,127,109,3,2,0,987,214,159,57.4,Bundesliga,2021-2022,68159208261559796
73,Real Madrid,25,11.0,20.0,0.0,0,131,137,36,181,174,115,1,1,0,752,103,104,49.8,La Liga,2021-2022,29627131003986350
74,Real Sociedad,27,12.0,24.0,1.0,1,175,155,25,108,125,128,2,2,0,936,263,202,56.6,La Liga,2021-2022,57299950304530590
75,Reims,25,12.0,23.0,2.0,1,147,154,18,125,220,143,1,1,0,905,154,190,44.8,Ligue 1,2021-2022,67732085073987538
76,Rennes,26,12.0,20.0,1.0,1,158,104,17,137,132,108,0,0,0,831,180,166,52.0,Ligue 1,2021-2022,96819424452761337
77,Roma,24,11.0,36.0,2.0,2,151,139,20,138,133,112,2,1,0,781,145,149,49.3,Serie A,2021-2022,764736481564168
78,Saint-Étienne,28,12.0,25.0,2.0,0,154,156,26,157,167,161,2,1,1,1091,163,176,48.1,Ligue 1,2021-2022,56226069621228236
79,Salernitana,25,11.0,25.0,2.0,1,153,150,17,138,140,108,1,1,1,935,228,187,54.9,Serie A,2021-2022,63444195793016658
80,Sampdoria,22,11.0,33.0,1.0,0,141,141,32,144,175,113,1,1,1,861,208,162,56.2,Serie A,2021-2022,89407679695143145
81,Sassuolo,22,11.0,28.0,0.0,0,140,151,12,97,132,77,1,3,0,830,126,146,46.3,Serie A,2021-2022,79200252522790650
82,Sevilla,26,11.0,31.0,2.0,2,143,124,23,145,140,117,1,1,0,767,191,176,52.0,La Liga,2021-2022,22702270477938803
83,Southampton,21,10.0,18.0,1.0,0,112,107,5,113,160,117,2,0,0,900,160,224,41.7,Premier League,2021-2022,21037626007536306
84,Spezia,26,11.0,20.0,2.0,0,137,134,20,114,142,110,0,4,1,887,167,201,45.4,Serie A,2021-2022,41730244034743257
85,Strasbourg,23,12.0,26.0,2.0,1,169,127,18,172,211,140,1,2,1,914,188,176,51.6,Ligue 1,2021-2022,92234479374253707
86,Stuttgart,28,10.0,26.0,2.0,1,128,122,11,94,156,112,0,1,0,820,198,157,55.8,Bundesliga,2021-2022,81761661302668293
87,Torino,26,11.0,32.0,1.0,1,211,116,22,127,155,84,0,2,0,1050,249,273,47.7,Serie A,2021-2022,21846272194836439
88,Tottenham,21,10.0,19.0,1.0,1,89,122,14,87,160,110,1,1,1,752,157,176,47.1,Premier League,2021-2022,22006624071753704
89,Troyes,28,12.0,24.0,2.0,2,129,146,13,126,201,119,0,2,0,862,142,159,47.2,Ligue 1,2021-2022,57069542099991496
90,Udinese,21,11.0,23.0,1.0,1,139,130,17,95,147,128,1,3,1,778,146,154,48.7,Serie A,2021-2022,48393495896639342
91,Union Berlin,23,10.0,19.0,1.0,1,104,98,17,123,130,89,1,1,1,851,227,227,50.0,Bundesliga,2021-2022,71630543971501382
92,Valencia,26,12.0,38.0,2.0,1,196,201,17,161,169,118,3,2,1,932,221,222,49.9,La Liga,2021-2022,65158650443085242
93,Venezia,29,11.0,37.0,1.0,0,167,125,20,117,175,120,1,3,1,780,188,172,52.2,Serie A,2021-2022,94916874898547392
94,Villarreal,26,11.0,30.0,1.0,1,141,124,31,131,134,94,0,3,1,739,144,116,55.4,La Liga,2021-2022,63335634096533483
95,Watford,26,10.0,22.0,0.0,0,135,98,14,109,127,94,0,1,1,791,197,180,52.3,Premier League,2021-2022,73743918793554398
96,West Ham,18,10.0,14.0,1.0,1,87,69,14,140,119,114,1,0,0,846,188,185,50.4,Premier League,2021-2022,57680956417459581
97,Wolfsburg,24,10.0,26.0,2.0,1,146,122,16,138,153,90,1,1,0,896,229,169,57.5,Bundesliga,2021-2022,85159484018358879
98,Wolves,18,10.0,19.0,0.0,0,113,88,22,105,140,122,0,3,0,676,121,115,51.3,Premier League,2021-2022,24001928852251903
1,Alavés,30,38.0,96.0,8.0,5,521,492,73,409,430,359,5,2,0,3047,920,690,57.1,La Liga,2020-2021,37745278530914180
2,Angers,31,38.0,65.0,2.0,1,463,486,43,401,438,460,6,8,1,3225,490,585,45.6,Ligue 1,2020-2021,66587352409382849
3,Arminia,26,34.0,52.0,1.0,0,393,422,53,290,303,394,2,6,1,3165,832,800,51.0,Bundesliga,2020-2021,60726784699523350
4,Arsenal,29,38.0,49.0,5.0,1,346,402,65,519,337,315,5,2,4,3054,515,606,45.9,Premier League,2020-2021,5838645288327307
5,Aston Villa,24,38.0,71.0,4.0,4,443,556,71,529,377,358,6,6,1,3233,781,735,51.5,Premier League,2020-2021,14348480492050895
6,Atalanta,30,38.0,67.0,3.0,1,585,477,57,432,501,425,5,8,1,3702,698,563,55.4,Serie A,2020-2021,87465877057901989
7,Athletic Club,27,38.0,82.0,3.0,1,489,484,77,543,348,343,5,6,1,3166,721,632,53.3,La Liga,2020-2021,4823083458145023
8,Atlético Madrid,25,38.0,100.0,0.0,0,492,449,98,437,395,449,6,4,3,3149,606,506,54.5,La Liga,2020-2021,74713976168286555
9,Augsburg,25,34.0,70.0,4.0,3,400,408,73,313,437,338,3,9,3,3072,627,780,44.6,Bundesliga,2020-2021,82828683183786310
10,Barcelona,25,38.0,72.0,2.0,2,361,527,91,411,354,351,6,5,2,2896,418,320,56.6,La Liga,2020-2021,81744823723090567
11,Bayern Munich,29,34.0,44.0,3.0,0,319,374,76,566,415,377,8,3,0,3235,498,452,52.4,Bundesliga,2020-2021,7510926916741648
12,Benevento,29,38.0,95.0,5.0,2,503,598,63,409,414,363,7,5,6,2892,549,643,46.1,Serie A,2020-2021,38159059008947812
13,Betis,25,38.0,93.0,8.0,4,525,486,66,425,432,378,9,9,3,3073,626,653,48.9,La Liga,2020-2021,9423348454032625
14,Bologna,37,38.0,82.0,4.0,2,541,483,77,414,446,328,3,9,2,3167,636,615,50.8,Serie A,2020-2021,23275147453355121
15,Bordeaux,28,38.0,78.0,4.0,2,472,489,48,373,438,413,3,7,1,2931,588,543,52.0,Ligue 1,2020-2021,12683680850395737
16,Brest,26,38.0,62.0,4.0,1,497,438,63,488,372,436,4,11,2,3027,725,587,55.3,Ligue 1,2020-2021,27328509848090670
17,Brighton,27,38.0,49.0,6.0,2,430,359,53,474,395,415,7,7,2,3403,553,605,47.8,Premier League,2020-2021,49072214318111932
18,Burnley,25,38.0,48.0,0.0,0,385,390,83,441,399,320,3,3,1,3592,951,898,51.4,Premier League,2020-2021,21823480134907726
19,Cádiz,34,38.0,81.0,3.0,2,439,486,59,432,411,385,3,10,1,2962,704,801,46.8,La Liga,2020-2021,1007679934589500
20,Cagliari,32,38.0,77.0,3.0,2,520,475,60,496,379,370,4,5,0,3015,693,660,51.2,Serie A,2020-2021,32968728316179674
21,Celta Vigo,30,38.0,109.0,5.0,3,634,498,70,361,375,420,7,8,1,3163,621,730,46.0,La Liga,2020-2021,14218303985450920
22,Chelsea,27,38.0,51.0,3.0,1,438,363,80,512,444,413,10,4,1,3216,614,550,52.7,Premier League,2020-2021,58172670324373785
23,Crotone,31,38.0,89.0,4.0,2,533,492,59,370,357,373,7,5,2,3016,503,575,46.7,Serie A,2020-2021,33431629624225246
24,Crystal Palace,24,38.0,56.0,2.0,1,410,435,68,345,460,386,2,4,0,3130,734,724,50.3,Premier League,2020-2021,15352059381074619
25,Dijon,33,38.0,76.0,5.0,1,521,429,58,319,509,440,4,10,4,3066,562,625,47.3,Ligue 1,2020-2021,59239312409540653
26,Dortmund,26,34.0,44.0,1.0,1,365,378,68,400,401,411,6,6,1,3109,486,409,54.3,Bundesliga,2020-2021,6921931827204601
27,Eibar,30,38.0,71.0,3.0,2,501,392,69,614,385,363,5,5,0,4018,951,1006,48.6,La Liga,2020-2021,67267904110326262
28,Eint Frankfurt,25,34.0,82.0,1.0,1,463,370,70,510,426,408,6,6,2,3427,735,625,54.0,Bundesliga,2020-2021,37929111009288632
29,Elche,30,38.0,99.0,3.0,2,531,461,52,415,388,394,1,10,1,2711,521,588,47.0,La Liga,2020-2021,30674441257210497
30,Everton,29,38.0,59.0,2.0,0,389,392,65,408,401,426,4,4,1,3189,693,529,56.7,Premier League,2020-2021,57482013681231466
31,Fiorentina,30,38.0,86.0,5.0,0,528,523,61,469,368,362,4,11,2,2929,571,609,48.4,Serie A,2020-2021,24325362613855847
32,Freiburg,24,34.0,62.0,0.0,0,443,411,58,444,387,298,5,6,2,2931,679,699,49.3,Bundesliga,2020-2021,17577284562417651
33,Fulham,28,38.0,67.0,3.0,0,485,376,45,490,499,415,5,6,1,3361,668,679,49.6,Premier League,2020-2021,19227944656237519
34,Genoa,34,38.0,87.0,2.0,1,522,475,81,350,475,393,2,7,2,3158,541,724,42.8,Serie A,2020-2021,87033800759594150
35,Getafe,31,38.0,120.0,7.0,2,634,522,75,537,424,384,3,8,3,3472,885,1000,46.9,La Liga,2020-2021,23789167582387071
36,Granada,34,38.0,97.0,6.0,1,536,471,84,381,408,375,4,11,1,3075,734,905,44.8,La Liga,2020-2021,45137124328012624
37,Hellas Verona,32,38.0,91.0,1.0,0,624,521,109,459,463,338,3,7,2,3733,858,878,49.4,Serie A,2020-2021,45227680351245381
38,Hertha BSC,32,34.0,67.0,3.0,2,472,432,79,396,409,352,6,8,1,2918,577,579,49.9,Bundesliga,2020-2021,59737400018465050
39,Hoffenheim,30,34.0,68.0,4.0,2,450,412,50,440,346,355,4,8,2,3247,563,661,46.0,Bundesliga,2020-2021,29322720181807625
40,Huesca,27,38.0,69.0,2.0,1,532,522,102,502,349,402,2,4,2,3172,629,655,49.0,La Liga,2020-2021,16593090704373522
41,Inter,25,38.0,61.0,2.0,1,474,431,66,481,365,326,6,7,1,2819,523,425,55.2,Serie A,2020-2021,53198597771575973
42,Juventus,30,38.0,80.0,6.0,2,505,473,94,517,370,395,8,9,2,2897,465,397,53.9,Serie A,2020-2021,19371054131726661
43,Köln,28,34.0,63.0,1.0,1,424,435,59,428,427,382,4,9,0,3100,673,722,48.2,Bundesliga,2020-2021,39731782814123330
44,Lazio,30,38.0,107.0,5.0,3,503,435,92,466,423,395,8,10,2,3301,582,533,52.2,Serie A,2020-2021,90751438076496109
45,Leeds United,23,38.0,61.0,1.0,0,434,408,77,519,477,493,3,9,2,3464,589,612,49.0,Premier League,2020-2021,34570153325607342
46,Leicester City,27,38.0,61.0,0.0,0,412,423,73,390,434,445,11,4,2,3523,616,626,49.6,Premier League,2020-2021,18776461863573874
47,Lens,27,38.0,94.0,7.0,5,545,473,49,475,460,404,11,10,3,3106,690,658,51.2,Ligue 1,2020-2021,74951719010833888
48,Levante,29,38.0,68.0,1.0,0,511,399,69,489,446,368,5,4,2,2966,514,595,46.3,La Liga,2020-2021,1566092639264277
49,Leverkusen,30,34.0,58.0,0.0,0,438,341,76,427,377,342,1,2,2,3377,504,571,46.9,Bundesliga,2020-2021,36794408106212849
50,Lille,21,38.0,68.0,2.0,1,490,459,67,367,411,452,5,2,2,3373,612,572,51.7,Ligue 1,2020-2021,85603837513355486
51,Liverpool,28,38.0,40.0,0.0,0,399,318,65,571,385,358,4,8,0,3685,567,621,47.7,Premier League,2020-2021,41956650829873911
52,Lorient,27,38.0,69.0,3.0,1,479,474,50,353,482,482,9,10,1,3080,537,579,48.1,Ligue 1,2020-2021,37325341301512527
53,Lyon,29,38.0,66.0,10.0,3,486,451,65,515,402,449,11,7,2,3292,565,457,55.3,Ligue 1,2020-2021,87005642993871754
54,M'Gladbach,23,34.0,61.0,2.0,0,401,414,86,336,455,346,9,6,0,2954,583,552,51.4,Bundesliga,2020-2021,81611584009946193
55,Mainz 05,31,34.0,63.0,1.0,1,508,383,56,378,454,405,3,7,1,3260,683,745,47.8,Bundesliga,2020-2021,71158960989778912
56,Manchester City,24,38.0,46.0,2.0,0,365,376,59,438,339,365,7,10,1,3064,499,426,53.9,Premier League,2020-2021,74026506610392765
57,Manchester Utd,29,38.0,64.0,1.0,0,454,401,76,444,455,371,9,4,2,3173,553,432,56.1,Premier League,2020-2021,29078730489839024
58,Marseille,31,38.0,98.0,9.0,2,504,476,57,446,427,468,3,3,1,3071,583,559,51.1,Ligue 1,2020-2021,66190039714113630
59,Metz,27,38.0,84.0,4.0,1,524,476,50,431,450,462,6,12,2,3199,623,604,50.8,Ligue 1,2020-2021,14635757597311544
60,Milan,29,38.0,83.0,4.0,1,519,480,92,430,383,406,15,5,1,3102,577,577,50.0,Serie A,2020-2021,59378513948613436
61,Monaco,30,38.0,78.0,7.0,2,489,473,73,469,393,551,11,4,1,3473,650,597,52.1,Ligue 1,2020-2021,79093238158793616
62,Montpellier,25,38.0,65.0,7.0,0,516,456,48,490,396,400,4,10,2,3109,669,698,48.9,Ligue 1,2020-2021,32434714471076965
63,Nantes,25,38.0,70.0,4.0,2,516,507,55,414,418,454,8,11,1,3418,655,741,46.9,Ligue 1,2020-2021,25802633648495862
64,Napoli,25,38.0,76.0,3.0,2,389,549,72,470,407,391,7,5,1,2756,414,417,49.8,Serie A,2020-2021,10516137814401134
65,Newcastle Utd,27,38.0,65.0,3.0,2,389,419,59,400,415,363,6,5,3,2877,658,729,47.4,Premier League,2020-2021,29528772732587842
66,Nice,31,38.0,73.0,4.0,2,466,440,41,404,380,425,6,6,0,2915,414,447,48.1,Ligue 1,2020-2021,11720969662561653
67,Nîmes,33,38.0,60.0,5.0,2,426,533,50,389,475,433,6,9,0,3113,524,717,42.2,Ligue 1,2020-2021,83514802313158576
68,Osasuna,28,38.0,80.0,5.0,3,537,411,67,510,384,354,3,8,3,3627,1070,837,56.1,La Liga,2020-2021,83352675823776457
69,Paris S-G,33,38.0,79.0,7.0,3,465,434,66,539,364,427,11,1,1,2998,375,336,52.7,Ligue 1,2020-2021,11177590892093073
70,Parma,42,38.0,91.0,1.0,0,526,484,80,407,430,369,4,3,3,2764,644,513,55.7,Serie A,2020-2021,62695319081093388
71,RB Leipzig,25,34.0,57.0,0.0,0,440,407,83,427,380,352,9,3,0,3427,732,544,57.4,Bundesliga,2020-2021,68159208261559796
72,Real Madrid,30,38.0,59.0,2.0,1,411,476,87,577,406,353,2,7,1,2815,460,408,53.0,La Liga,2020-2021,29627131003986350
73,Real Sociedad,30,38.0,81.0,1.0,0,572,465,90,467,337,342,7,5,1,3181,709,698,50.4,La Liga,2020-2021,57299950304530590
74,Reims,29,38.0,77.0,8.0,1,451,419,61,315,438,432,3,6,1,2880,501,590,45.9,Ligue 1,2020-2021,67732085073987538
75,Rennes,32,38.0,79.0,5.0,0,508,492,35,515,340,455,3,4,0,3236,638,552,53.6,Ligue 1,2020-2021,96819424452761337
76,Roma,31,38.0,91.0,3.0,3,555,430,63,437,457,390,6,6,3,2934,488,442,52.5,Serie A,2020-2021,764736481564168
77,Saint-Étienne,40,38.0,76.0,2.0,0,538,496,55,451,447,496,5,8,2,3322,656,646,50.4,Ligue 1,2020-2021,56226069621228236
78,Sampdoria,27,38.0,83.0,3.0,1,512,488,63,505,409,398,3,9,1,3323,659,696,48.6,Serie A,2020-2021,89407679695143145
79,Sassuolo,28,38.0,79.0,4.0,2,499,475,60,403,372,369,12,4,1,2878,440,456,49.1,Serie A,2020-2021,79200252522790650
80,Schalke 04,42,34.0,74.0,2.0,2,414,411,69,245,467,375,3,8,5,2891,587,613,48.9,Bundesliga,2020-2021,24345039935475884
81,Sevilla,26,38.0,79.0,2.0,2,495,490,70,555,334,389,4,6,2,2929,674,576,53.9,La Liga,2020-2021,22702270477938803
82,Sheffield Utd,27,38.0,73.0,3.0,0,459,296,75,438,440,368,3,4,3,3111,761,852,47.2,Premier League,2020-2021,93216768512646707
83,Southampton,29,38.0,52.0,3.0,0,426,421,79,315,435,455,4,8,1,3549,557,724,43.5,Premier League,2020-2021,21037626007536306
84,Spezia,35,38.0,100.0,5.0,4,590,532,83,413,436,386,5,10,0,3130,559,630,47.0,Serie A,2020-2021,41730244034743257
85,Strasbourg,26,38.0,58.0,3.0,1,510,419,44,479,512,472,6,8,1,3155,723,687,51.3,Ligue 1,2020-2021,92234479374253707
86,Stuttgart,29,34.0,65.0,2.0,1,429,439,56,382,382,350,6,7,1,3228,598,502,54.4,Bundesliga,2020-2021,81761661302668293
87,Torino,29,38.0,78.0,4.0,3,580,605,62,489,493,377,6,10,1,3062,622,681,47.7,Serie A,2020-2021,21846272194836439
88,Tottenham,24,38.0,57.0,2.0,2,440,471,44,332,370,425,5,10,3,3226,678,670,50.3,Premier League,2020-2021,22006624071753704
89,Udinese,33,38.0,65.0,2.0,1,517,525,83,468,399,383,3,14,0,2918,509,495,50.7,Serie A,2020-2021,48393495896639342
90,Union Berlin,27,34.0,57.0,2.0,1,435,378,87,391,428,349,6,5,2,3256,682,751,47.6,Bundesliga,2020-2021,71630543971501382
91,Valencia,30,38.0,82.0,5.0,3,465,528,90,395,321,312,6,8,2,2914,625,615,50.4,La Liga,2020-2021,65158650443085242
92,Valladolid,32,38.0,93.0,4.0,0,514,513,75,480,390,376,8,6,0,3226,708,885,44.4,La Liga,2020-2021,44089518275887893
93,Villarreal,29,38.0,67.0,5.0,1,450,470,89,466,354,340,7,9,2,2961,537,533,50.2,La Liga,2020-2021,63335634096533483
94,Werder Bremen,27,34.0,67.0,3.0,2,401,472,69,315,477,375,3,6,3,2972,670,720,48.2,Bundesliga,2020-2021,59303898890876434
95,West Brom,30,38.0,51.0,4.0,0,406,411,76,404,447,398,4,11,3,3290,741,804,48.0,Premier League,2020-2021,26775906631723373
96,West Ham,24,38.0,50.0,3.0,1,379,355,74,500,426,346,3,5,4,3277,768,699,52.4,Premier League,2020-2021,57680956417459581
97,Wolfsburg,26,34.0,58.0,3.0,1,442,385,80,428,461,430,1,5,1,3409,637,621,50.6,Bundesliga,2020-2021,85159484018358879
98,Wolves,27,38.0,55.0,1.0,1,427,384,39,501,388,398,3,8,3,3005,620,595,51.0,Premier League,2020-2021,24001928852251903
1,Alavés,32,38.0,111.0,7.0,3,621,433,61,373,214,370,5,14,0,3348,823,617,57.2,La Liga,2019-2020,37745278530914180
2,Amiens,27,28.0,57.0,4.0,2,403,320,36,297,273,318,5,1,1,2487,470,527,47.1,Ligue 1,2019-2020,20069478421376018
3,Angers,26,28.0,42.0,2.0,1,336,315,28,355,236,320,1,3,1,2494,445,445,50.0,Ligue 1,2019-2020,66587352409382849
4,Arsenal,29,38.0,88.0,5.0,1,420,437,74,478,244,373,2,6,0,3085,499,573,46.5,Premier League,2019-2020,5838645288327307
5,Aston Villa,28,38.0,70.0,1.0,1,451,525,61,492,254,388,2,6,1,3321,668,753,47.0,Premier League,2019-2020,14348480492050895
6,Atalanta,30,38.0,80.0,2.0,1,533,517,50,486,252,445,9,6,2,3562,633,513,55.2,Serie A,2019-2020,87465877057901989
7,Athletic Club,26,38.0,90.0,2.0,0,522,435,84,474,238,353,6,7,2,3458,836,686,54.9,La Liga,2019-2020,4823083458145023
8,Atlético Madrid,30,38.0,93.0,3.0,2,513,479,116,420,221,431,6,4,3,3493,785,695,53.0,La Liga,2019-2020,74713976168286555
9,Augsburg,28,34.0,68.0,2.0,2,378,384,81,285,283,331,4,1,3,3134,554,629,46.8,Bundesliga,2019-2020,82828683183786310
10,Barcelona,28,38.0,92.0,6.0,3,416,529,82,362,239,368,3,7,1,3094,431,321,57.3,La Liga,2019-2020,81744823723090567
11,Bayern Munich,29,34.0,54.0,3.0,2,322,355,78,648,220,368,6,3,1,3427,470,386,54.9,Bundesliga,2019-2020,7510926916741648
12,Betis,27,38.0,108.0,9.0,3,473,578,84,454,208,331,6,11,1,2946,559,529,51.4,La Liga,2019-2020,9423348454032625
13,Bologna,31,38.0,109.0,7.0,3,595,567,85,468,257,399,6,7,1,3338,627,636,49.6,Serie A,2019-2020,23275147453355121
14,Bordeaux,26,28.0,55.0,0.0,0,379,363,40,234,227,347,1,3,1,2403,467,428,52.2,Ligue 1,2019-2020,12683680850395737
15,Bournemouth,27,38.0,78.0,3.0,2,369,386,68,398,288,349,2,5,0,3658,747,807,48.1,Premier League,2019-2020,36088947257895306
16,Brescia,32,38.0,95.0,6.0,3,503,583,69,428,245,353,3,9,3,2973,536,604,47.0,Serie A,2019-2020,24926529561002350
17,Brest,24,28.0,45.0,2.0,0,329,286,35,374,246,356,4,6,0,2444,402,449,47.2,Ligue 1,2019-2020,27328509848090670
18,Brighton,25,38.0,59.0,2.0,1,385,323,71,492,299,409,2,2,2,3557,659,563,53.9,Premier League,2019-2020,49072214318111932
19,Burnley,22,38.0,67.0,0.0,0,412,371,88,410,252,340,1,5,1,3575,928,881,51.3,Premier League,2019-2020,21823480134907726
20,Cagliari,33,38.0,108.0,6.0,3,532,449,56,488,255,409,3,7,3,3023,499,657,43.2,Serie A,2019-2020,32968728316179674
21,Celta Vigo,30,38.0,104.0,6.0,3,473,527,70,414,263,371,6,5,0,3231,637,653,49.4,La Liga,2019-2020,14218303985450920
22,Chelsea,27,38.0,60.0,0.0,0,386,383,63,567,268,449,6,2,3,3756,670,667,50.1,Premier League,2019-2020,58172670324373785
23,Crystal Palace,25,38.0,62.0,2.0,0,424,478,53,364,277,430,2,1,2,3503,720,726,49.8,Premier League,2019-2020,15352059381074619
24,Dijon,28,28.0,43.0,2.0,0,351,335,32,277,256,360,0,1,2,2413,518,506,50.6,Ligue 1,2019-2020,59239312409540653
25,Dortmund,27,34.0,49.0,1.0,1,305,328,56,366,286,401,1,3,3,3135,378,364,50.9,Bundesliga,2019-2020,6921931827204601
26,Düsseldorf,28,34.0,78.0,0.0,0,407,430,56,441,302,347,3,5,4,3089,565,639,46.9,Bundesliga,2019-2020,6414184432322702
27,Eibar,26,38.0,92.0,3.0,2,538,412,73,556,264,370,6,6,1,3933,909,1047,46.5,La Liga,2019-2020,67267904110326262
28,Eint Frankfurt,27,34.0,71.0,4.0,2,424,369,57,561,251,444,1,3,2,3584,701,635,52.5,Bundesliga,2019-2020,37929111009288632
29,Espanyol,31,38.0,107.0,9.0,6,583,469,64,441,251,402,1,5,2,3591,705,747,48.6,La Liga,2019-2020,71314269182841176
30,Everton,24,38.0,76.0,3.0,3,472,394,58,501,279,423,0,4,3,3600,837,820,50.5,Premier League,2019-2020,57482013681231466
31,Fiorentina,33,38.0,105.0,5.0,3,546,499,50,467,263,401,8,10,0,3173,465,481,49.2,Serie A,2019-2020,24325362613855847
32,Freiburg,26,34.0,43.0,2.0,1,329,437,56,387,255,309,5,4,0,2933,626,661,48.6,Bundesliga,2019-2020,17577284562417651
33,Genoa,34,38.0,107.0,10.0,5,571,514,57,486,311,391,12,8,2,3166,608,628,49.2,Serie A,2019-2020,87033800759594150
34,Getafe,30,38.0,135.0,5.0,2,706,495,106,558,269,391,4,6,1,4044,896,1021,46.7,La Liga,2019-2020,23789167582387071
35,Granada,27,38.0,109.0,1.0,1,591,497,70,405,214,351,3,5,0,3285,686,798,46.2,La Liga,2019-2020,45137124328012624
36,Hellas Verona,30,38.0,87.0,7.0,2,553,489,91,495,279,345,7,7,1,3521,720,785,47.8,Serie A,2019-2020,45227680351245381
37,Hertha BSC,32,34.0,77.0,4.0,2,464,350,57,382,304,356,3,7,2,2953,629,554,53.2,Bundesliga,2019-2020,59737400018465050
38,Hoffenheim,31,34.0,66.0,2.0,1,383,415,61,362,263,353,3,8,2,3038,557,541,50.7,Bundesliga,2019-2020,29322720181807625
39,Inter,29,38.0,104.0,6.0,3,563,450,96,542,260,373,10,4,1,3165,498,453,52.4,Serie A,2019-2020,53198597771575973
40,Juventus,30,38.0,87.0,3.0,2,508,486,73,440,269,382,10,12,0,2990,441,340,56.5,Serie A,2019-2020,19371054131726661
41,Köln,29,34.0,79.0,4.0,1,486,436,75,429,272,421,3,5,2,3192,657,673,49.4,Bundesliga,2019-2020,39731782814123330
42,Lazio,27,38.0,99.0,2.0,1,461,399,71,512,244,404,12,8,1,3127,475,525,47.5,Serie A,2019-2020,90751438076496109
43,Lecce,30,38.0,98.0,5.0,2,468,490,67,582,266,385,10,13,3,2889,488,526,48.1,Serie A,2019-2020,92912790925867566
44,Leganés,29,38.0,127.0,4.0,2,591,500,75,521,249,389,4,7,1,3523,736,812,47.5,La Liga,2019-2020,20237473683555152
45,Leicester City,24,38.0,43.0,3.0,1,418,444,65,475,309,478,6,10,2,3526,673,620,52.0,Premier League,2019-2020,18776461863573874
46,Levante,29,38.0,79.0,5.0,4,467,461,81,444,264,319,5,7,2,3117,472,538,46.7,La Liga,2019-2020,1566092639264277
47,Leverkusen,24,34.0,61.0,6.0,3,393,371,91,426,246,382,2,2,0,3437,526,506,51.0,Bundesliga,2019-2020,36794408106212849
48,Lille,25,28.0,49.0,3.0,2,384,343,60,321,196,324,7,6,3,2595,474,489,49.2,Ligue 1,2019-2020,85603837513355486
49,Liverpool,24,38.0,38.0,1.0,0,331,293,53,569,246,375,4,1,1,3931,632,563,52.9,Premier League,2019-2020,41956650829873911
50,Lyon,27,28.0,49.0,4.0,1,342,310,26,356,215,330,4,2,3,2425,453,382,54.3,Ligue 1,2019-2020,87005642993871754
51,M'Gladbach,25,34.0,77.0,3.0,3,425,445,91,387,269,400,5,2,0,3093,541,544,49.9,Bundesliga,2019-2020,81611584009946193
52,Mainz 05,25,34.0,75.0,3.0,2,462,401,70,383,296,386,3,5,1,3225,575,687,45.6,Bundesliga,2019-2020,71158960989778912
53,Mallorca,32,38.0,93.0,5.0,4,509,527,58,454,242,389,8,16,2,3305,593,674,46.8,La Liga,2019-2020,96459977719332900
54,Manchester City,24,38.0,64.0,4.0,2,361,295,67,617,227,365,10,2,1,3452,514,468,52.3,Premier League,2019-2020,74026506610392765
55,Manchester Utd,29,38.0,73.0,0.0,0,423,428,56,392,300,359,12,3,1,3501,582,479,54.9,Premier League,2019-2020,29078730489839024
56,Marseille,23,28.0,67.0,3.0,1,376,318,23,340,192,372,4,5,2,2398,474,439,51.9,Ligue 1,2019-2020,66190039714113630
57,Metz,24,28.0,45.0,4.0,0,337,344,29,303,252,385,2,4,0,2523,461,550,45.6,Ligue 1,2019-2020,14635757597311544
58,Milan,32,38.0,97.0,6.0,2,545,459,63,505,324,411,4,9,1,3181,568,509,52.7,Serie A,2019-2020,59378513948613436
59,Monaco,28,28.0,60.0,10.0,1,336,346,44,345,262,356,3,5,1,2402,381,377,50.3,Ligue 1,2019-2020,79093238158793616
60,Montpellier,27,28.0,55.0,5.0,2,421,386,42,391,216,294,4,5,2,2594,547,526,51.0,Ligue 1,2019-2020,32434714471076965
61,Nantes,29,28.0,51.0,2.0,1,375,340,44,280,224,371,0,6,0,2614,454,500,47.6,Ligue 1,2019-2020,25802633648495862
62,Napoli,25,38.0,73.0,2.0,0,421,523,54,576,192,377,2,8,1,3025,400,375,51.6,Serie A,2019-2020,10516137814401134
63,Newcastle Utd,28,38.0,66.0,3.0,0,370,421,75,383,293,393,0,2,2,3298,721,759,48.7,Premier League,2019-2020,29528772732587842
64,Nice,31,28.0,54.0,7.0,4,295,364,22,260,253,302,4,7,2,2094,265,269,49.6,Ligue 1,2019-2020,11720969662561653
65,Nîmes,28,28.0,41.0,6.0,3,359,401,39,322,248,336,2,4,1,2538,549,570,49.1,Ligue 1,2019-2020,83514802313158576
66,Norwich City,30,38.0,68.0,3.0,0,363,430,50,259,270,434,1,7,3,3327,515,657,43.9,Premier League,2019-2020,42809968147687487
67,Osasuna,31,38.0,110.0,6.0,3,551,411,80,533,255,389,2,5,0,3942,841,855,49.6,La Liga,2019-2020,83352675823776457
68,Paderborn 07,27,34.0,84.0,3.0,2,426,359,63,313,262,409,2,5,1,3144,476,550,46.4,Bundesliga,2019-2020,13210847894253626
69,Paris S-G,31,27.0,50.0,1.0,1,333,291,57,414,185,316,5,0,1,2254,251,231,52.1,Ligue 1,2019-2020,11177590892093073
70,Parma,25,38.0,81.0,1.0,0,520,467,60,419,264,405,4,11,0,2924,541,473,53.4,Serie A,2019-2020,62695319081093388
71,RB Leipzig,29,34.0,53.0,3.0,3,373,370,78,405,262,420,3,2,0,3409,543,475,53.3,Bundesliga,2019-2020,68159208261559796
72,Real Madrid,26,38.0,82.0,4.0,3,487,474,84,608,284,415,11,2,0,3291,489,393,55.4,La Liga,2019-2020,29627131003986350
73,Real Sociedad,27,38.0,79.0,2.0,2,501,485,77,488,226,362,2,9,1,3422,798,647,55.2,La Liga,2019-2020,57299950304530590
74,Reims,26,28.0,52.0,5.0,5,383,385,45,344,228,345,4,6,0,2413,429,479,47.2,Ligue 1,2019-2020,67732085073987538
75,Rennes,26,28.0,51.0,1.0,0,387,403,39,295,188,338,5,5,1,2407,479,424,53.0,Ligue 1,2019-2020,96819424452761337
76,Roma,31,38.0,111.0,7.0,4,541,437,45,492,235,341,7,9,0,3090,545,408,57.2,Serie A,2019-2020,764736481564168
77,Saint-Étienne,31,28.0,59.0,3.0,2,371,323,43,349,276,378,3,6,0,2570,541,494,52.3,Ligue 1,2019-2020,56226069621228236
78,Sampdoria,31,38.0,111.0,7.0,5,563,458,62,521,288,411,10,8,4,3304,582,630,48.0,Serie A,2019-2020,89407679695143145
79,Sassuolo,31,38.0,99.0,3.0,1,497,558,64,321,248,394,4,9,4,2942,326,423,43.5,Serie A,2019-2020,79200252522790650
80,Schalke 04,29,34.0,64.0,2.0,1,400,379,81,303,306,430,1,6,2,3181,595,615,49.2,Bundesliga,2019-2020,24345039935475884
81,Sevilla,26,38.0,97.0,1.0,1,522,481,92,634,208,398,4,4,1,3442,733,638,53.5,La Liga,2019-2020,22702270477938803
82,Sheffield Utd,26,38.0,63.0,2.0,1,410,306,78,528,260,392,1,3,0,3676,890,857,50.9,Premier League,2019-2020,93216768512646707
83,Southampton,25,38.0,55.0,4.0,1,450,389,58,427,295,484,4,4,1,3966,794,898,46.9,Premier League,2019-2020,21037626007536306
84,SPAL,34,38.0,98.0,4.0,1,541,523,53,468,250,356,7,8,3,2973,535,533,50.1,Serie A,2019-2020,73622612860183040
85,Strasbourg,25,27.0,46.0,1.0,1,366,311,33,380,245,337,4,7,0,2290,501,387,56.4,Ligue 1,2019-2020,92234479374253707
86,Torino,27,38.0,96.0,7.0,5,606,539,63,585,339,401,3,8,3,3180,704,647,52.1,Serie A,2019-2020,21846272194836439
87,Tottenham,29,38.0,84.0,3.0,1,423,424,66,387,259,445,4,7,2,3566,631,643,49.5,Premier League,2019-2020,22006624071753704
88,Toulouse,30,28.0,48.0,5.0,1,396,296,30,346,238,393,4,5,2,2460,422,510,45.3,Ligue 1,2019-2020,94523000561782573
89,Udinese,25,38.0,77.0,3.0,2,506,414,64,512,264,395,0,9,0,3068,487,535,47.7,Serie A,2019-2020,48393495896639342
90,Union Berlin,26,34.0,71.0,5.0,3,523,374,63,388,287,369,4,4,1,3305,891,813,52.3,Bundesliga,2019-2020,71630543971501382
91,Valencia,28,38.0,80.0,8.0,3,416,541,100,485,221,339,5,8,1,2913,530,529,50.0,La Liga,2019-2020,65158650443085242
92,Valladolid,30,38.0,84.0,0.0,0,484,530,81,450,268,400,6,8,0,3342,565,727,43.7,La Liga,2019-2020,44089518275887893
93,Villarreal,25,38.0,78.0,1.0,0,483,423,71,467,213,358,10,9,2,3171,499,596,45.6,La Liga,2019-2020,63335634096533483
94,Watford,26,38.0,80.0,3.0,2,481,342,68,488,313,429,7,9,3,3696,803,794,50.3,Premier League,2019-2020,73743918793554398
95,Werder Bremen,30,34.0,80.0,4.0,4,462,450,52,386,279,397,4,0,3,3122,518,619,45.6,Bundesliga,2019-2020,59303898890876434
96,West Ham,29,38.0,64.0,1.0,1,386,345,66,470,291,470,3,6,3,3536,808,781,50.8,Premier League,2019-2020,57680956417459581
97,Wolfsburg,26,34.0,71.0,4.0,2,491,399,72,417,281,401,3,4,0,3510,653,564,53.7,Bundesliga,2019-2020,85159484018358879
98,Wolves,21,38.0,61.0,2.0,2,406,361,49,476,263,423,4,3,1,3569,719,701,50.6,Premier League,2019-2020,24001928852251903
1,Alavés,26,38.0,101.0,1.0,0,551,499,58,507,343,365,2,6,2,3512,702,721,49.3,La Liga,2018-2019,37745278530914180
2,Amiens,26,38.0,59.0,6.0,3,523,526,67,387,263,454,1,7,2,3577,553,566,49.4,Ligue 1,2018-2019,20069478421376018
3,Angers,24,38.0,49.0,4.0,0,453,455,54,367,365,452,10,4,2,3323,453,408,52.6,Ligue 1,2018-2019,66587352409382849
4,Arsenal,28,38.0,73.0,2.0,1,414,460,93,473,385,404,4,6,2,3309,494,594,45.4,Premier League,2018-2019,5838645288327307
5,Atalanta,27,38.0,62.0,3.0,1,453,508,72,500,405,470,3,5,3,3708,486,473,50.7,Serie A,2018-2019,87465877057901989
6,Athletic Club,27,38.0,118.0,4.0,2,580,492,74,524,351,423,6,4,0,3537,729,574,55.9,La Liga,2018-2019,4823083458145023
7,Atlético Madrid,29,38.0,100.0,5.0,3,476,453,80,396,361,523,2,4,2,3341,539,451,54.4,La Liga,2018-2019,74713976168286555
8,Augsburg,30,34.0,55.0,1.0,0,465,359,92,396,293,372,2,2,2,3460,444,476,48.3,Bundesliga,2018-2019,82828683183786310
9,Barcelona,30,38.0,76.0,2.0,1,410,550,102,380,288,391,8,2,0,3181,327,302,52.0,La Liga,2018-2019,81744823723090567
10,Bayern Munich,24,34.0,42.0,2.0,2,317,347,92,594,215,320,4,5,1,3349,347,291,54.4,Bundesliga,2018-2019,7510926916741648
11,Betis,25,38.0,89.0,1.0,0,435,548,79,452,259,420,5,6,0,3080,329,358,47.9,La Liga,2018-2019,9423348454032625
12,Bologna,29,38.0,91.0,6.0,3,521,530,86,471,312,420,3,4,1,3374,623,613,50.4,Serie A,2018-2019,23275147453355121
13,Bordeaux,33,38.0,74.0,5.0,0,552,501,60,407,306,435,3,7,0,3537,495,519,48.8,Ligue 1,2018-2019,12683680850395737
14,Bournemouth,28,38.0,60.0,1.0,0,342,441,58,453,379,326,8,5,3,3452,584,615,48.7,Premier League,2018-2019,36088947257895306
15,Brighton,21,38.0,61.0,4.0,1,468,308,92,408,408,437,5,9,0,3377,683,677,50.2,Premier League,2018-2019,49072214318111932
16,Burnley,23,38.0,75.0,1.0,0,365,358,108,453,409,355,1,3,4,3576,884,883,50.0,Premier League,2018-2019,21823480134907726
17,Caen,27,38.0,79.0,6.0,4,565,506,52,368,317,412,3,7,2,3402,547,585,48.3,Ligue 1,2018-2019,21277886218272520
18,Cagliari,30,38.0,94.0,9.0,5,580,464,62,491,257,421,3,9,2,3622,711,640,52.6,Serie A,2018-2019,32968728316179674
19,Cardiff City,25,38.0,66.0,1.0,0,380,394,80,381,507,416,2,6,0,3677,857,829,50.8,Premier League,2018-2019,69924771535350567
20,Celta Vigo,28,38.0,79.0,6.0,5,458,484,90,447,272,399,3,7,1,3203,507,469,51.9,La Liga,2018-2019,14218303985450920
21,Chelsea,24,38.0,49.0,0.0,0,341,426,83,494,365,428,5,2,0,3505,440,414,51.5,Premier League,2018-2019,58172670324373785
22,Chievo,36,38.0,110.0,7.0,6,596,491,79,461,362,460,2,4,2,3289,551,583,48.6,Serie A,2018-2019,83748145049842906
23,Crystal Palace,26,38.0,58.0,2.0,1,390,394,82,402,458,461,9,5,1,3496,596,664,47.3,Premier League,2018-2019,15352059381074619
24,Dijon,26,38.0,75.0,7.0,4,581,454,63,375,307,439,1,2,1,3402,540,572,48.6,Ligue 1,2018-2019,59239312409540653
25,Dortmund,23,34.0,40.0,3.0,0,299,391,67,332,291,346,3,5,0,3126,304,288,51.4,Bundesliga,2018-2019,6921931827204601
26,Düsseldorf,24,34.0,67.0,1.0,0,439,418,52,374,320,391,3,7,0,2812,385,383,50.1,Bundesliga,2018-2019,6414184432322702
27,Eibar,25,38.0,81.0,2.0,1,521,390,92,677,296,447,5,3,0,4499,789,799,49.7,La Liga,2018-2019,67267904110326262
28,Eint Frankfurt,30,34.0,58.0,3.0,2,427,354,82,501,314,386,2,1,1,3706,516,488,51.4,Bundesliga,2018-2019,37929111009288632
29,Empoli,29,38.0,73.0,3.0,1,464,447,78,434,270,372,5,8,2,3082,327,420,43.8,Serie A,2018-2019,77726683749984272
30,Espanyol,25,38.0,90.0,2.0,2,531,510,84,385,337,443,3,7,2,3196,467,457,50.5,La Liga,2018-2019,71314269182841176
31,Everton,23,38.0,56.0,4.0,1,436,422,71,514,524,458,4,5,2,3785,793,771,50.7,Premier League,2018-2019,57482013681231466
32,Fiorentina,27,38.0,89.0,5.0,2,564,514,48,505,326,404,5,4,3,3649,476,504,48.6,Serie A,2018-2019,24325362613855847
33,Freiburg,28,34.0,54.0,3.0,3,420,418,52,334,281,319,4,7,0,3062,395,470,45.7,Bundesliga,2018-2019,17577284562417651
34,Frosinone,33,38.0,99.0,2.0,0,567,544,77,508,341,385,5,5,1,3239,479,596,44.6,Serie A,2018-2019,87953309350363757
35,Fulham,28,38.0,70.0,2.0,2,428,343,91,379,514,404,2,7,2,3573,632,619,50.5,Premier League,2018-2019,19227944656237519
36,Genoa,31,38.0,95.0,7.0,2,563,483,67,538,342,470,4,4,2,3549,597,620,49.1,Serie A,2018-2019,87033800759594150
37,Getafe,26,38.0,107.0,7.0,4,642,501,102,460,347,418,3,6,3,3915,656,681,49.1,La Liga,2018-2019,23789167582387071
38,Girona,26,38.0,81.0,4.0,2,537,527,60,524,352,369,3,6,1,3289,591,573,50.8,La Liga,2018-2019,12545195302828957
39,Guingamp,30,38.0,58.0,5.0,0,490,466,57,502,302,498,4,6,0,3742,612,629,49.3,Ligue 1,2018-2019,16872092436156260
40,Hannover 96,32,34.0,61.0,4.0,3,436,431,61,305,297,368,2,5,1,3292,449,480,48.3,Bundesliga,2018-2019,10121335889457780
41,Hertha BSC,26,34.0,64.0,5.0,3,455,381,80,426,295,345,3,5,2,3202,497,452,52.4,Bundesliga,2018-2019,59737400018465050
42,Hoffenheim,29,34.0,67.0,2.0,2,477,359,69,480,306,348,5,7,1,3320,342,367,48.2,Bundesliga,2018-2019,29322720181807625
43,Huddersfield,31,38.0,56.0,4.0,1,427,381,64,509,554,434,1,8,1,3730,722,692,51.1,Premier League,2018-2019,70397411865897550
44,Huesca,30,38.0,113.0,3.0,1,579,442,94,541,368,482,4,9,3,3469,571,586,49.4,La Liga,2018-2019,16593090704373522
45,Inter,23,38.0,73.0,3.0,2,472,499,67,764,271,401,5,3,2,3406,421,448,48.4,Serie A,2018-2019,53198597771575973
46,Juventus,31,38.0,76.0,4.0,2,473,476,76,621,329,383,5,4,1,3223,446,382,53.9,Serie A,2018-2019,19371054131726661
47,Lazio,30,38.0,89.0,4.0,1,509,402,99,485,367,434,3,6,1,3570,501,436,53.5,Serie A,2018-2019,90751438076496109
48,Leganés,29,38.0,104.0,4.0,2,542,398,75,538,326,417,2,4,1,3523,721,592,54.9,La Liga,2018-2019,20237473683555152
49,Leicester City,25,38.0,60.0,5.0,3,359,381,72,499,418,445,6,5,0,3640,717,586,55.0,Premier League,2018-2019,18776461863573874
50,Levante,26,38.0,107.0,7.0,5,501,487,85,427,302,377,6,9,3,3292,325,427,43.2,La Liga,2018-2019,1566092639264277
51,Leverkusen,21,34.0,50.0,1.0,0,377,387,69,452,293,371,3,6,3,3494,404,375,51.9,Bundesliga,2018-2019,36794408106212849
52,Lille,25,38.0,70.0,4.0,1,484,522,41,370,267,434,10,10,0,3387,425,443,49.0,Ligue 1,2018-2019,85603837513355486
53,Liverpool,23,38.0,39.0,2.0,2,321,349,82,502,321,397,7,1,0,3860,493,469,51.2,Premier League,2018-2019,41956650829873911
54,Lyon,25,38.0,55.0,3.0,2,446,476,95,495,315,389,9,4,4,3372,468,391,54.5,Ligue 1,2018-2019,87005642993871754
55,M'Gladbach,22,34.0,43.0,0.0,0,334,365,71,384,261,322,4,2,0,2869,294,392,42.9,Bundesliga,2018-2019,81611584009946193
56,Mainz 05,28,34.0,56.0,0.0,0,439,366,83,432,286,300,3,4,0,3464,427,416,50.7,Bundesliga,2018-2019,71158960989778912
57,Manchester City,21,38.0,44.0,1.0,0,333,302,102,606,325,361,4,4,0,3460,457,420,52.1,Premier League,2018-2019,74026506610392765
58,Manchester Utd,28,38.0,75.0,4.0,2,436,400,90,463,380,375,11,6,3,3354,622,466,57.2,Premier League,2018-2019,29078730489839024
59,Marseille,24,38.0,82.0,8.0,1,506,459,55,539,271,444,2,11,0,3582,525,498,51.3,Ligue 1,2018-2019,66190039714113630
60,Milan,23,38.0,80.0,5.0,2,458,484,64,511,286,453,2,5,1,3090,389,404,49.1,Serie A,2018-2019,59378513948613436
61,Monaco,42,38.0,91.0,6.0,1,536,514,56,497,295,453,5,8,2,3346,470,456,50.8,Ligue 1,2018-2019,79093238158793616
62,Montpellier,25,38.0,60.0,4.0,1,547,485,59,505,320,424,2,4,2,3588,559,562,49.9,Ligue 1,2018-2019,32434714471076965
63,Nantes,33,38.0,72.0,6.0,3,503,504,76,502,345,481,7,7,0,3772,497,478,51.0,Ligue 1,2018-2019,25802633648495862
64,Napoli,26,38.0,72.0,5.0,3,415,423,89,553,262,446,0,4,0,3278,334,365,47.8,Serie A,2018-2019,10516137814401134
65,Newcastle Utd,24,38.0,57.0,2.0,0,425,336,59,437,500,430,2,6,1,3628,654,824,44.2,Premier League,2018-2019,29528772732587842
66,Nice,30,38.0,72.0,5.0,1,428,527,41,367,325,385,7,5,1,3115,354,347,50.5,Ligue 1,2018-2019,11720969662561653
67,Nîmes,23,38.0,69.0,5.0,2,494,499,47,419,277,462,3,4,0,3606,511,613,45.5,Ligue 1,2018-2019,83514802313158576
68,Nürnberg,27,34.0,58.0,4.0,1,396,390,56,271,290,363,5,2,2,2967,409,468,46.6,Bundesliga,2018-2019,10689243141507842
69,Paris S-G,30,38.0,64.0,4.0,0,481,446,97,477,249,421,10,5,3,3170,317,257,55.2,Ligue 1,2018-2019,11177590892093073
70,Parma,31,38.0,82.0,3.0,2,505,440,94,311,314,366,5,8,4,2944,457,511,47.2,Serie A,2018-2019,62695319081093388
71,Rayo Vallecano,29,38.0,101.0,8.0,5,567,455,71,507,326,425,5,11,1,3294,418,433,49.1,La Liga,2018-2019,75203699329351977
72,RB Leipzig,23,34.0,61.0,1.0,0,470,401,89,439,321,394,3,6,1,3778,515,417,55.3,Bundesliga,2018-2019,68159208261559796
73,Real Madrid,27,38.0,79.0,6.0,4,446,545,112,603,322,418,8,6,0,3106,375,326,53.5,La Liga,2018-2019,29627131003986350
74,Real Sociedad,30,38.0,80.0,4.0,2,492,544,92,402,331,399,7,3,2,3360,549,526,51.1,La Liga,2018-2019,57299950304530590
75,Reims,27,38.0,67.0,2.0,0,535,472,83,394,344,453,2,7,2,3430,472,538,46.7,Ligue 1,2018-2019,67732085073987538
76,Rennes,28,38.0,68.0,3.0,2,498,490,60,454,285,378,9,4,1,3340,467,429,52.1,Ligue 1,2018-2019,96819424452761337
77,Roma,26,38.0,88.0,2.0,2,466,397,51,589,325,351,5,7,1,3382,591,417,58.6,Serie A,2018-2019,764736481564168
78,Saint-Étienne,29,38.0,63.0,7.0,4,462,457,63,485,304,427,4,9,1,3471,458,466,49.6,Ligue 1,2018-2019,56226069621228236
79,Sampdoria,24,38.0,89.0,3.0,3,496,514,74,463,224,411,7,7,1,3578,379,401,48.6,Serie A,2018-2019,89407679695143145
80,Sassuolo,29,38.0,87.0,8.0,3,535,534,76,413,299,378,4,7,2,3196,378,422,47.3,Serie A,2018-2019,79200252522790650
81,Schalke 04,32,34.0,72.0,5.0,1,461,403,86,304,285,384,7,6,1,3202,407,395,50.7,Bundesliga,2018-2019,24345039935475884
82,Sevilla,27,38.0,114.0,6.0,4,536,462,111,587,296,422,5,6,1,3548,493,570,46.4,La Liga,2018-2019,22702270477938803
83,Southampton,30,38.0,73.0,3.0,2,428,341,62,407,500,449,4,3,3,3684,654,757,46.4,Premier League,2018-2019,21037626007536306
84,SPAL,28,38.0,112.0,3.0,1,512,561,41,552,319,389,7,5,0,3019,469,461,50.4,Serie A,2018-2019,73622612860183040
85,Strasbourg,26,38.0,70.0,4.0,1,520,415,44,440,347,384,5,7,1,3329,470,469,50.1,Ligue 1,2018-2019,92234479374253707
86,Stuttgart,26,34.0,64.0,5.0,2,380,409,69,444,288,382,0,3,4,3366,503,455,52.5,Bundesliga,2018-2019,81761661302668293
87,Torino,25,38.0,88.0,4.0,1,623,577,77,622,389,469,4,5,0,3719,686,620,52.5,Serie A,2018-2019,21846272194836439
88,Tottenham,28,38.0,57.0,3.0,1,378,366,74,450,386,406,3,5,3,3589,539,563,48.9,Premier League,2018-2019,22006624071753704
89,Toulouse,29,38.0,75.0,5.0,2,563,477,69,428,300,459,8,5,1,3603,507,473,51.7,Ligue 1,2018-2019,94523000561782573
90,Udinese,31,38.0,90.0,4.0,2,515,478,69,366,343,427,7,7,1,3104,549,532,50.8,Serie A,2018-2019,48393495896639342
91,Valencia,25,38.0,88.0,3.0,2,463,514,75,501,357,381,6,8,2,3285,476,510,48.3,La Liga,2018-2019,65158650443085242
92,Valladolid,28,38.0,92.0,0.0,0,513,499,96,502,317,452,6,8,1,3365,471,652,41.9,La Liga,2018-2019,44089518275887893
93,Villarreal,26,38.0,115.0,3.0,3,518,412,95,433,302,425,3,4,3,3100,475,500,48.7,La Liga,2018-2019,63335634096533483
94,Watford,25,38.0,79.0,4.0,1,437,385,90,423,454,438,1,4,3,3605,694,761,47.7,Premier League,2018-2019,73743918793554398
95,Werder Bremen,24,34.0,61.0,3.0,3,445,354,42,458,305,337,4,5,0,3298,421,459,47.8,Bundesliga,2018-2019,59303898890876434
96,West Ham,26,38.0,59.0,1.0,0,338,393,73,435,491,469,5,5,1,3323,539,521,50.8,Premier League,2018-2019,57680956417459581
97,Wolfsburg,25,34.0,62.0,0.0,0,368,444,69,461,291,397,3,6,0,3304,429,418,50.6,Bundesliga,2018-2019,85159484018358879
98,Wolves,21,38.0,73.0,1.0,0,412,333,74,461,447,426,3,4,4,3538,717,646,52.6,Premier League,2018-2019,24001928852251903
1,Alavés,30,38.0,105.0,4.0,4,614,531,111,371,348,383,3,10,2,3509,376,381,49.7,La Liga,2017-2018,37745278530914180
2,Amiens,30,38.0,0.0,0.0,2,482,464,69,395,502,369,4,4,0,3671,289,314,47.9,Ligue 1,2017-2018,20069478421376018
3,Angers,27,38.0,0.0,0.0,2,443,439,60,434,402,357,3,6,4,3534,230,275,45.5,Ligue 1,2017-2018,66587352409382849
4,Arsenal,30,38.0,0.0,0.0,0,388,382,90,419,482,440,5,6,0,3647,721,765,48.5,Premier League,2017-2018,5838645288327307
5,Atalanta,25,38.0,0.0,0.0,3,470,475,82,489,338,469,9,2,0,3940,567,547,50.9,Serie A,2017-2018,87465877057901989
6,Athletic Club,26,38.0,93.0,0.0,0,538,495,107,538,354,373,7,6,3,3627,440,337,56.6,La Liga,2017-2018,4823083458145023
7,Atlético Madrid,26,38.0,93.0,5.0,3,541,483,110,350,358,463,3,4,0,3591,340,288,54.1,La Liga,2017-2018,74713976168286555
8,Augsburg,27,34.0,0.0,0.0,1,473,415,69,456,316,392,4,3,0,3550,639,663,49.1,Bundesliga,2017-2018,82828683183786310
9,Barcelona,25,38.0,67.0,2.0,0,390,528,136,383,353,345,4,2,0,3158,242,179,57.5,La Liga,2017-2018,81744823723090567
10,Bayern Munich,28,34.0,0.0,0.0,0,365,415,67,605,272,343,7,4,3,3384,477,400,54.4,Bundesliga,2017-2018,7510926916741648
11,Benevento,41,38.0,0.0,0.0,4,472,468,83,422,300,409,2,11,2,3271,364,464,44.0,Serie A,2017-2018,38159059008947812
12,Betis,29,38.0,90.0,3.0,1,474,498,63,375,336,321,1,1,4,3173,258,304,45.9,La Liga,2017-2018,9423348454032625
13,Bologna,30,38.0,0.0,0.0,4,476,466,65,303,248,446,2,4,3,3466,583,525,52.6,Serie A,2017-2018,23275147453355121
14,Bordeaux,31,38.0,0.0,0.0,1,510,475,79,476,432,412,5,6,1,3415,234,259,47.5,Ligue 1,2017-2018,12683680850395737
15,Bournemouth,22,38.0,0.0,0.0,1,339,424,53,464,465,331,2,3,1,3644,815,898,47.6,Premier League,2017-2018,36088947257895306
16,Brighton,24,38.0,0.0,0.0,0,414,284,101,434,554,447,7,3,5,3407,964,889,52.0,Premier League,2017-2018,49072214318111932
17,Burnley,24,38.0,0.0,0.0,0,352,423,104,432,526,349,0,5,1,3487,1102,1189,48.1,Premier League,2017-2018,21823480134907726
18,Caen,26,38.0,0.0,0.0,0,515,440,82,602,515,372,5,5,4,3930,343,311,52.4,Ligue 1,2017-2018,21277886218272520
19,Cagliari,29,38.0,0.0,0.0,4,580,462,90,446,273,442,5,12,1,3696,767,666,53.5,Serie A,2017-2018,32968728316179674
20,Celta Vigo,23,38.0,85.0,1.0,0,439,548,97,465,306,306,2,3,1,3569,306,289,51.4,La Liga,2017-2018,14218303985450920
21,Chelsea,26,38.0,0.0,0.0,2,364,410,112,530,508,445,3,2,2,3614,734,625,54.0,Premier League,2017-2018,58172670324373785
22,Chievo,25,38.0,0.0,0.0,1,449,458,95,522,303,391,2,7,4,3638,614,641,48.9,Serie A,2017-2018,83748145049842906
23,Crotone,29,38.0,0.0,0.0,1,478,474,85,391,362,409,2,7,0,3929,622,680,47.8,Serie A,2017-2018,33431629624225246
24,Crystal Palace,28,38.0,0.0,0.0,0,425,408,56,439,632,451,9,2,2,3487,886,837,51.4,Premier League,2017-2018,15352059381074619
25,Dijon,26,38.0,0.0,0.0,1,469,477,73,404,474,384,4,12,3,3443,219,289,43.1,Ligue 1,2017-2018,59239312409540653
26,Dortmund,30,34.0,0.0,0.0,1,402,427,85,394,274,395,4,1,0,3383,489,431,53.2,Bundesliga,2017-2018,6921931827204601
27,Eibar,27,38.0,84.0,3.0,2,507,449,83,622,386,330,3,4,3,4408,418,460,47.6,La Liga,2017-2018,67267904110326262
28,Eint Frankfurt,28,34.0,0.0,0.0,0,528,460,85,388,292,414,2,3,2,3698,572,617,48.1,Bundesliga,2017-2018,37929111009288632
29,Espanyol,25,38.0,87.0,1.0,1,530,538,80,459,346,353,3,6,2,3739,320,351,47.7,La Liga,2017-2018,71314269182841176
30,Everton,30,38.0,0.0,0.0,2,454,368,82,395,580,458,8,5,0,3568,962,1012,48.7,Premier League,2017-2018,57482013681231466
31,Fiorentina,27,38.0,0.0,0.0,3,509,444,83,486,334,496,6,3,0,3825,524,625,45.6,Serie A,2017-2018,24325362613855847
32,Freiburg,29,34.0,0.0,0.0,3,446,436,40,313,255,334,8,5,4,3272,664,677,49.5,Bundesliga,2017-2018,17577284562417651
33,Genoa,33,38.0,0.0,0.0,0,528,481,86,464,306,407,5,4,2,3716,572,608,48.5,Serie A,2017-2018,87033800759594150
34,Getafe,32,38.0,130.0,5.0,4,677,503,109,379,343,390,11,3,0,3912,341,405,45.7,La Liga,2017-2018,23789167582387071
35,Girona,25,38.0,102.0,0.0,0,625,500,82,547,340,317,6,5,3,3711,387,364,51.5,La Liga,2017-2018,12545195302828957
36,Guingamp,23,38.0,0.0,0.0,2,480,521,101,498,482,346,6,5,1,3460,268,255,51.2,Ligue 1,2017-2018,16872092436156260
37,Hamburger SV,29,34.0,0.0,0.0,3,489,470,62,436,247,394,3,4,1,3808,671,730,47.9,Bundesliga,2017-2018,42905483414913667
38,Hannover 96,26,34.0,0.0,0.0,0,487,515,57,357,283,365,5,4,0,3580,753,579,56.5,Bundesliga,2017-2018,10121335889457780
39,Hellas Verona,32,38.0,0.0,0.0,4,519,412,84,405,340,446,3,8,2,3422,493,531,48.1,Serie A,2017-2018,45227680351245381
40,Hertha BSC,25,34.0,0.0,0.0,0,487,473,48,339,301,358,5,7,1,3282,604,615,49.5,Bundesliga,2017-2018,59737400018465050
41,Hoffenheim,26,34.0,0.0,0.0,0,538,445,83,390,269,390,5,4,2,3284,378,467,44.7,Bundesliga,2017-2018,29322720181807625
42,Huddersfield,25,38.0,0.0,0.0,2,397,370,69,477,543,462,2,6,1,3718,922,939,49.5,Premier League,2017-2018,70397411865897550
43,Inter,22,38.0,0.0,0.0,0,440,402,97,691,262,443,6,2,3,3424,489,449,52.1,Serie A,2017-2018,53198597771575973
44,Juventus,24,38.0,0.0,0.0,1,424,503,82,484,283,370,5,4,2,3316,422,356,54.2,Serie A,2017-2018,19371054131726661
45,Köln,31,34.0,0.0,0.0,1,472,481,82,381,278,390,2,9,0,3496,587,628,48.3,Bundesliga,2017-2018,39731782814123330
46,La Coruña,32,38.0,99.0,2.0,1,516,443,96,570,321,377,5,5,2,3521,345,384,47.3,La Liga,2017-2018,31828180925314031
47,Las Palmas,36,38.0,88.0,3.0,1,490,677,81,413,324,373,5,3,1,3319,272,308,46.9,La Liga,2017-2018,33189055458748528
48,Lazio,24,38.0,0.0,0.0,3,409,359,98,489,316,437,9,10,2,3728,425,385,52.5,Serie A,2017-2018,90751438076496109
49,Leganés,28,38.0,102.0,5.0,3,596,510,103,476,470,420,2,7,0,3797,397,372,51.6,La Liga,2017-2018,20237473683555152
50,Leicester City,27,38.0,0.0,0.0,4,370,362,95,493,584,434,6,4,2,3640,961,847,53.2,Premier League,2017-2018,18776461863573874
51,Levante,33,38.0,108.0,6.0,3,556,449,71,455,381,345,5,3,3,3219,270,330,45.0,La Liga,2017-2018,1566092639264277
52,Leverkusen,24,34.0,0.0,0.0,1,445,489,61,471,263,371,4,5,0,3554,538,575,48.3,Bundesliga,2017-2018,36794408106212849
53,Lille,25,38.0,0.0,0.0,2,469,438,90,445,445,367,2,7,3,3431,217,177,55.1,Ligue 1,2017-2018,85603837513355486
54,Liverpool,27,38.0,0.0,0.0,0,349,308,74,503,522,449,3,6,0,3748,746,779,48.9,Premier League,2017-2018,41956650829873911
55,Lyon,26,38.0,0.0,0.0,1,473,538,80,429,437,362,6,8,3,3340,252,204,55.3,Ligue 1,2017-2018,87005642993871754
56,M'Gladbach,27,34.0,0.0,0.0,0,394,417,75,303,250,385,5,4,1,3095,491,455,51.9,Bundesliga,2017-2018,81611584009946193
57,Mainz 05,27,34.0,0.0,0.0,2,529,436,68,342,300,413,3,6,1,3470,607,569,51.6,Bundesliga,2017-2018,71158960989778912
58,Málaga,37,38.0,99.0,8.0,5,615,440,92,479,337,384,3,6,0,3699,373,434,46.2,La Liga,2017-2018,79809637287620621
59,Manchester City,25,38.0,0.0,0.0,2,343,359,68,570,472,406,8,2,2,3352,588,482,55.0,Premier League,2017-2018,74026506610392765
60,Manchester Utd,27,38.0,0.0,0.0,0,403,427,91,524,591,372,1,1,2,3416,761,641,54.3,Premier League,2017-2018,29078730489839024
61,Marseille,26,38.0,0.0,0.0,0,486,484,80,613,405,406,8,5,2,3622,275,269,50.6,Ligue 1,2017-2018,66190039714113630
62,Metz,36,38.0,0.0,0.0,2,509,441,57,498,416,401,2,5,2,3580,242,295,45.1,Ligue 1,2017-2018,14635757597311544
63,Milan,23,38.0,0.0,0.0,4,460,491,90,579,263,347,4,3,1,3470,357,405,46.9,Serie A,2017-2018,59378513948613436
64,Monaco,32,38.0,0.0,0.0,1,503,521,76,577,424,373,8,3,1,3472,249,257,49.2,Ligue 1,2017-2018,79093238158793616
65,Montpellier,23,38.0,0.0,0.0,0,433,535,87,578,415,373,2,6,0,3567,248,213,53.8,Ligue 1,2017-2018,32434714471076965
66,Nantes,30,38.0,0.0,0.0,5,460,413,88,587,457,403,4,4,1,3720,255,278,47.8,Ligue 1,2017-2018,25802633648495862
67,Napoli,23,38.0,0.0,0.0,1,348,377,82,472,262,426,7,1,0,3785,322,394,45.0,Serie A,2017-2018,10516137814401134
68,Newcastle Utd,27,38.0,0.0,0.0,1,407,375,64,396,556,410,1,6,3,3597,1020,1126,47.5,Premier League,2017-2018,29528772732587842
69,Nice,31,38.0,0.0,0.0,2,412,532,62,398,414,319,9,5,3,2837,177,157,53.0,Ligue 1,2017-2018,11720969662561653
70,Paris S-G,26,38.0,0.0,0.0,4,413,495,94,563,299,375,7,4,0,2968,171,115,59.8,Ligue 1,2017-2018,11177590892093073
71,RB Leipzig,23,34.0,0.0,0.0,3,446,496,90,364,279,373,4,5,0,3756,573,530,51.9,Bundesliga,2017-2018,68159208261559796
72,Real Madrid,24,38.0,65.0,4.0,2,440,522,119,749,335,391,10,3,2,3047,251,221,53.2,La Liga,2017-2018,29627131003986350
73,Real Sociedad,27,38.0,60.0,5.0,4,427,553,92,570,300,298,5,7,1,3415,280,256,52.2,La Liga,2017-2018,57299950304530590
74,Rennes,28,38.0,0.0,0.0,3,462,533,90,520,434,315,6,6,2,3595,273,257,51.5,Ligue 1,2017-2018,96819424452761337
75,Roma,27,38.0,0.0,0.0,1,371,444,73,624,287,383,4,3,0,3855,554,359,60.7,Serie A,2017-2018,764736481564168
76,Saint-Étienne,30,38.0,0.0,0.0,1,510,494,91,471,380,352,10,6,1,3393,265,245,52.0,Ligue 1,2017-2018,56226069621228236
77,Sampdoria,27,38.0,0.0,0.0,2,407,493,55,464,264,415,6,10,1,3596,447,551,44.8,Serie A,2017-2018,89407679695143145
78,Sassuolo,28,38.0,0.0,0.0,4,472,565,81,490,313,389,6,3,2,3735,553,493,52.9,Serie A,2017-2018,79200252522790650
79,Schalke 04,24,34.0,0.0,0.0,1,543,507,84,343,315,434,9,6,1,3202,500,463,51.9,Bundesliga,2017-2018,24345039935475884
80,Sevilla,31,38.0,97.0,3.0,2,566,505,137,474,317,384,3,5,1,3671,328,306,51.7,La Liga,2017-2018,22702270477938803
81,Southampton,26,38.0,0.0,0.0,1,415,382,77,516,519,481,3,2,0,3518,816,954,46.1,Premier League,2017-2018,21037626007536306
82,SPAL,29,38.0,0.0,0.0,2,455,653,99,413,332,423,5,11,4,3236,512,541,48.6,Serie A,2017-2018,73622612860183040
83,Stoke City,30,38.0,0.0,0.0,0,433,377,87,377,540,433,2,5,2,3374,1156,893,56.4,Premier League,2017-2018,55848606059653975
84,Strasbourg,25,38.0,0.0,0.0,1,496,443,78,490,473,442,6,6,0,3499,288,273,51.3,Ligue 1,2017-2018,92234479374253707
85,Stuttgart,26,34.0,0.0,0.0,2,489,433,72,402,302,388,2,6,0,3345,538,640,45.7,Bundesliga,2017-2018,81761661302668293
86,Swansea City,26,38.0,0.0,0.0,0,378,406,39,420,524,392,1,6,2,3119,803,956,45.7,Premier League,2017-2018,11897392087106032
87,Torino,27,38.0,0.0,0.0,4,537,514,76,418,314,366,2,7,0,3568,581,502,53.6,Serie A,2017-2018,21846272194836439
88,Tottenham,25,38.0,0.0,0.0,1,383,399,89,555,449,421,3,3,1,3844,728,758,49.0,Premier League,2017-2018,22006624071753704
89,Toulouse,25,38.0,0.0,0.0,1,553,504,78,564,430,338,8,5,1,3654,325,285,53.3,Ligue 1,2017-2018,94523000561782573
90,Troyes,25,38.0,0.0,0.0,2,484,397,62,454,446,317,3,4,1,3482,252,344,42.3,Ligue 1,2017-2018,57069542099991496
91,Udinese,27,38.0,0.0,0.0,0,482,403,66,459,283,407,5,6,5,3375,513,559,47.9,Serie A,2017-2018,48393495896639342
92,Valencia,25,38.0,103.0,5.0,4,522,551,84,441,347,388,7,5,0,3330,337,293,53.5,La Liga,2017-2018,65158650443085242
93,Villarreal,32,38.0,113.0,6.0,4,610,468,113,414,305,384,5,5,0,3314,310,328,48.6,La Liga,2017-2018,63335634096533483
94,Watford,29,38.0,0.0,0.0,1,440,389,78,500,590,457,6,6,1,3705,976,1043,48.3,Premier League,2017-2018,73743918793554398
95,Werder Bremen,25,34.0,0.0,0.0,0,534,447,74,413,282,353,0,4,2,3412,608,593,50.6,Bundesliga,2017-2018,59303898890876434
96,West Brom,24,38.0,0.0,0.0,0,440,355,80,472,630,400,0,1,2,3557,932,981,48.7,Premier League,2017-2018,26775906631723373
97,West Ham,27,38.0,0.0,0.0,1,378,454,98,460,570,409,4,6,1,3406,922,901,50.6,Premier League,2017-2018,57680956417459581
98,Wolfsburg,29,34.0,0.0,0.0,5,447,503,58,344,258,325,6,9,2,3206,486,543,47.2,Bundesliga,2017-2018,85159484018358879
