Rk,Squad,# Pl,90s,Total Cmp,Total Att,Total Cmp%,Total TotDist,Total PrgDist,Short Cmp,Short Att,Short Cmp%,Medium Cmp,Medium Att,Medium Cmp%,Long Cmp,Long Att,Long Cmp%,Ast,xA,A-xA,KP,1/3,PPA,CrsPA,Prog,League,Season,TeamID
1,Alavés,24,11.0,2999,4024,74.5,65913,26753,1134,1355,83.7,1223,1470,83.2,587,1049,56.0,4,5.4,-1.4,73,237,55,25,209,La Liga,2021-2022,37745278530914180
2,Angers,22,12.0,4892,5821,84.0,100324,31790,1700,1905,89.2,2269,2517,90.1,825,1198,68.9,12,7.8,4.2,86,306,52,20,326,Ligue 1,2021-2022,66587352409382849
3,Arminia,22,10.0,2822,3922,72.0,62353,24774,967,1170,82.6,1227,1517,80.9,572,1056,54.2,3,5.7,-2.7,79,223,63,18,256,Bundesliga,2021-2022,60726784699523350
4,Arsenal,26,10.0,3627,4469,81.2,67811,21608,1555,1734,89.7,1534,1758,87.3,456,810,56.3,6,7.5,-1.5,106,259,87,19,264,Premier League,2021-2022,5838645288327307
5,Aston Villa,23,10.0,2942,3920,75.1,62578,22908,1004,1187,84.6,1349,1581,85.3,544,1010,53.9,10,7.3,2.7,75,244,79,18,300,Premier League,2021-2022,14348480492050895
6,Atalanta,24,11.0,4916,6012,81.8,95205,31242,2011,2280,88.2,2156,2500,86.2,676,1041,64.9,13,13.2,-0.2,127,353,119,23,461,Serie A,2021-2022,87465877057901989
7,Athletic Club,23,11.0,3508,4653,75.4,69839,25845,1372,1616,84.9,1546,1868,82.8,531,991,53.6,8,11.8,-3.8,100,280,99,28,367,La Liga,2021-2022,4823083458145023
8,Atlético Madrid,21,11.0,4761,5795,82.2,93208,30655,2057,2279,90.3,1865,2125,87.8,746,1167,63.9,13,10.6,2.4,104,391,105,18,444,La Liga,2021-2022,74713976168286555
9,Augsburg,24,10.0,2571,3663,70.2,56393,21294,897,1098,81.7,1094,1384,79.0,540,1025,52.7,7,5.4,1.6,67,202,56,16,208,Bundesliga,2021-2022,82828683183786310
10,Barcelona,27,11.0,6483,7414,87.4,120006,35626,2761,2991,92.3,2820,3099,91.0,795,1111,71.6,12,14.3,-2.3,110,505,123,25,540,La Liga,2021-2022,81744823723090567
11,Bayern Munich,22,10.0,5641,6663,84.7,107101,36371,2307,2568,89.8,2473,2780,89.0,752,1065,70.6,28,21.4,6.6,138,403,129,18,535,Bundesliga,2021-2022,7510926916741648
12,Betis,29,12.0,5217,6290,82.9,100364,32425,2171,2424,89.6,2239,2516,89.0,708,1129,62.7,13,12.3,0.7,134,380,120,17,423,La Liga,2021-2022,9423348454032625
13,Bochum,24,10.0,2611,3706,70.5,59911,23058,907,1132,80.1,999,1253,79.7,640,1155,55.4,5,9.3,-4.3,80,217,52,22,201,Bundesliga,2021-2022,26656491983030423
14,Bologna,24,11.0,3880,4743,81.8,74446,25444,1655,1858,89.1,1531,1763,86.8,600,925,64.9,14,7.2,4.8,99,250,84,34,272,Serie A,2021-2022,23275147453355121
15,Bordeaux,28,12.0,4535,5590,81.1,93212,31281,1706,1926,88.6,1991,2272,87.6,764,1210,63.1,10,8.1,1.9,96,289,70,18,346,Ligue 1,2021-2022,12683680850395737
16,Brentford,21,10.0,2863,4001,71.6,56732,21933,1161,1387,83.7,1220,1530,79.7,426,903,47.2,6,8.1,-2.1,75,208,70,23,251,Premier League,2021-2022,27125852983275500
17,Brest,22,12.0,4076,5195,78.5,85375,31078,1490,1736,85.8,1758,2064,85.2,751,1182,63.5,8,8.8,-0.8,93,319,97,33,358,Ligue 1,2021-2022,27328509848090670
18,Brighton,21,10.0,4475,5473,81.8,88579,27108,1698,1899,89.4,2056,2328,88.3,639,1032,61.9,9,7.3,1.7,88,251,83,14,310,Premier League,2021-2022,49072214318111932
19,Burnley,18,10.0,2556,3728,68.6,54276,22608,1082,1310,82.6,918,1187,77.3,515,1073,48.0,8,8.4,-0.4,82,230,78,32,238,Premier League,2021-2022,21823480134907726
20,Cádiz,26,12.0,2533,3786,66.9,55306,22970,959,1174,81.7,996,1309,76.1,512,1116,45.9,6,7.1,-1.1,75,213,69,31,235,La Liga,2021-2022,1007679934589500
21,Cagliari,26,11.0,3145,4078,77.1,64720,23250,1154,1332,86.6,1420,1639,86.6,523,951,55.0,9,7.2,1.8,72,210,60,21,229,Serie A,2021-2022,32968728316179674
22,Celta Vigo,22,12.0,4895,6117,80.0,100951,28821,1819,2079,87.5,2107,2427,86.8,888,1386,64.1,7,9.5,-2.5,86,322,87,26,348,La Liga,2021-2022,14218303985450920
23,Chelsea,25,10.0,5006,5856,85.5,91264,28037,2178,2364,92.1,2166,2423,89.4,562,862,65.2,16,12.6,3.4,104,339,109,12,362,Premier League,2021-2022,58172670324373785
24,Clermont Foot,20,12.0,5459,6517,83.8,102840,32616,2368,2625,90.2,2247,2548,88.2,747,1121,66.6,10,12.2,-2.2,94,327,77,30,368,Ligue 1,2021-2022,54976968050746588
25,Crystal Palace,19,10.0,4022,4956,81.2,77097,24202,1619,1813,89.3,1792,2057,87.1,529,911,58.1,8,7.6,0.4,75,240,73,21,276,Premier League,2021-2022,15352059381074619
26,Dortmund,27,10.0,5393,6371,84.6,103306,32631,2150,2398,89.7,2366,2627,90.1,761,1084,70.2,15,13.9,1.1,103,352,94,21,423,Bundesliga,2021-2022,6921931827204601
27,Eint Frankfurt,24,10.0,3559,4787,74.3,71316,27100,1395,1663,83.9,1538,1889,81.4,557,1045,53.3,8,8.5,-0.5,84,251,70,19,345,Bundesliga,2021-2022,37929111009288632
28,Elche,23,12.0,4258,5351,79.6,87619,29755,1622,1860,87.2,1834,2083,88.0,735,1203,61.1,5,7.6,-2.6,72,250,59,23,298,La Liga,2021-2022,30674441257210497
29,Empoli,24,11.0,3647,4671,78.1,72735,26258,1337,1517,88.1,1687,1973,85.5,563,982,57.3,8,8.4,-0.4,103,276,117,24,380,Serie A,2021-2022,77726683749984272
30,Espanyol,27,12.0,3926,4986,78.7,76581,25638,1591,1783,89.2,1644,1893,86.8,583,1075,54.2,6,7.4,-1.4,85,293,54,17,255,La Liga,2021-2022,71314269182841176
31,Everton,24,10.0,2464,3361,73.3,49591,19226,953,1136,83.9,1027,1256,81.8,396,758,52.2,13,9.9,2.1,98,190,77,26,258,Premier League,2021-2022,57482013681231466
32,Fiorentina,24,11.0,5183,6084,85.2,110806,32969,1678,1863,90.1,2483,2757,90.1,967,1304,74.2,9,10.1,-1.1,110,361,95,26,376,Serie A,2021-2022,24325362613855847
33,Freiburg,23,10.0,3203,4248,75.4,68998,25602,1134,1355,83.7,1380,1635,84.4,625,1065,58.7,8,8.8,-0.8,86,208,60,28,257,Bundesliga,2021-2022,17577284562417651
34,Genoa,30,11.0,3630,4724,76.8,72376,24983,1431,1669,85.7,1553,1839,84.4,581,1038,56.0,11,8.1,2.9,85,233,62,17,293,Serie A,2021-2022,87033800759594150
35,Getafe,26,12.0,3418,4638,73.7,71594,27287,1358,1600,84.9,1324,1644,80.5,659,1181,55.8,5,5.3,-0.3,93,271,58,25,298,La Liga,2021-2022,23789167582387071
36,Granada,25,11.0,2686,3690,72.8,56347,21758,1000,1191,84.0,1128,1366,82.6,500,961,52.0,7,4.9,1.1,61,194,43,19,223,La Liga,2021-2022,45137124328012624
37,Greuther Fürth,25,10.0,2902,3949,73.5,60564,23155,1061,1253,84.7,1263,1505,83.9,507,985,51.5,4,6.4,-2.4,75,233,53,17,266,Bundesliga,2021-2022,11035944553035865
38,Hellas Verona,24,11.0,3914,4985,78.5,75109,26518,1623,1853,87.6,1641,1935,84.8,557,981,56.8,17,9.7,7.3,81,256,91,20,345,Serie A,2021-2022,45227680351245381
39,Hertha BSC,27,10.0,2974,3942,75.4,61949,22625,1053,1282,82.1,1317,1556,84.6,556,948,58.6,7,5.8,1.2,62,155,42,11,237,Bundesliga,2021-2022,59737400018465050
40,Hoffenheim,22,10.0,4173,5190,80.4,84138,27934,1545,1779,86.8,1880,2156,87.2,667,1058,63.0,13,12.6,0.4,85,287,76,31,329,Bundesliga,2021-2022,29322720181807625
41,Inter,23,11.0,4843,5764,84.0,96945,30952,1918,2141,89.6,2054,2318,88.6,787,1100,71.5,21,13.9,7.1,124,329,125,36,389,Serie A,2021-2022,53198597771575973
42,Juventus,24,11.0,4512,5454,82.7,94166,30130,1576,1807,87.2,2062,2302,89.6,805,1168,68.9,9,9.9,-0.9,114,349,85,28,353,Serie A,2021-2022,19371054131726661
43,Köln,22,10.0,3732,4820,77.4,82159,29723,1128,1347,83.7,1756,2080,84.4,779,1179,66.1,14,10.9,3.1,119,285,104,40,402,Bundesliga,2021-2022,39731782814123330
44,Lazio,23,11.0,5489,6448,85.1,97775,31653,2537,2778,91.3,2200,2483,88.6,615,941,65.4,16,10.4,5.6,95,357,87,12,341,Serie A,2021-2022,90751438076496109
45,Leeds United,23,10.0,4072,5029,81.0,81426,25948,1534,1737,88.3,1890,2120,89.2,596,1001,59.5,7,9.6,-2.6,105,291,86,21,357,Premier League,2021-2022,34570153325607342
46,Leicester City,22,10.0,4228,5169,81.8,80903,25381,1629,1841,88.5,2010,2228,90.2,509,916,55.6,11,9.1,1.9,84,239,73,8,345,Premier League,2021-2022,18776461863573874
47,Lens,23,12.0,4859,5911,82.2,94899,30822,1923,2178,88.3,2195,2480,88.5,677,1079,62.7,14,14.6,-0.6,128,334,89,29,409,Ligue 1,2021-2022,74951719010833888
48,Levante,26,12.0,3496,4456,78.5,69855,24724,1372,1539,89.1,1489,1744,85.4,565,980,57.7,6,6.5,-0.5,61,244,58,14,309,La Liga,2021-2022,1566092639264277
49,Leverkusen,23,10.0,4190,5116,81.9,83281,26818,1606,1815,88.5,1824,2062,88.5,687,1044,65.8,15,10.5,4.5,87,272,84,12,318,Bundesliga,2021-2022,36794408106212849
50,Lille,22,12.0,4916,6060,81.1,97544,31414,1983,2233,88.8,2046,2341,87.4,811,1240,65.4,9,13.1,-4.1,101,378,106,19,436,Ligue 1,2021-2022,85603837513355486
51,Liverpool,24,10.0,5271,6253,84.3,104831,32978,2062,2263,91.1,2357,2639,89.3,795,1165,68.2,23,19.8,3.2,143,455,120,25,481,Premier League,2021-2022,41956650829873911
52,Lorient,25,12.0,4086,5200,78.6,82661,26935,1531,1743,87.8,1829,2114,86.5,651,1135,57.4,6,10.3,-4.3,80,271,48,22,325,Ligue 1,2021-2022,37325341301512527
53,Lyon,25,12.0,6200,7181,86.3,117861,36208,2580,2812,91.7,2592,2852,90.9,888,1256,70.7,12,14.8,-2.8,121,397,95,24,447,Ligue 1,2021-2022,87005642993871754
54,M'Gladbach,22,10.0,4871,5800,84.0,96336,31111,1843,2086,88.4,2192,2435,90.0,758,1087,69.7,9,11.7,-2.7,117,300,85,18,394,Bundesliga,2021-2022,81611584009946193
55,Mainz 05,26,10.0,2915,4052,71.9,56166,22103,1157,1395,82.9,1290,1628,79.2,395,854,46.3,11,11.1,-0.1,85,212,57,17,296,Bundesliga,2021-2022,71158960989778912
56,Mallorca,27,12.0,3344,4424,75.6,65878,24740,1377,1591,86.5,1320,1586,83.2,540,1032,52.3,7,7.0,0.0,82,232,53,9,264,La Liga,2021-2022,96459977719332900
57,Manchester City,22,10.0,5719,6583,86.9,108039,30118,2406,2611,92.1,2503,2743,91.3,742,1042,71.2,13,15.5,-2.5,131,445,150,22,434,Premier League,2021-2022,74026506610392765
58,Manchester Utd,21,10.0,4574,5455,83.8,86580,26066,1994,2214,90.1,1880,2126,88.4,626,903,69.3,17,11.5,5.5,133,368,97,19,385,Premier League,2021-2022,29078730489839024
59,Marseille,23,12.0,6380,7277,87.7,120611,33695,2689,2917,92.2,2794,3048,91.7,814,1135,71.7,15,14.4,0.6,128,443,94,29,415,Ligue 1,2021-2022,66190039714113630
60,Metz,29,12.0,4039,5123,78.8,80829,27117,1596,1817,87.8,1759,2031,86.6,612,1080,56.7,7,6.5,0.5,83,262,51,25,267,Ligue 1,2021-2022,14635757597311544
61,Milan,26,11.0,4649,5594,83.1,89976,29119,1851,2081,88.9,2017,2261,89.2,684,1040,65.8,14,12.4,1.6,109,315,113,37,385,Serie A,2021-2022,59378513948613436
62,Monaco,25,12.0,5866,7078,82.9,113558,33656,2258,2524,89.5,2799,3130,89.4,746,1226,60.8,13,10.9,2.1,89,462,104,21,486,Ligue 1,2021-2022,79093238158793616
63,Montpellier,22,12.0,4298,5481,78.4,84936,30644,1752,2012,87.1,1739,2051,84.8,694,1157,60.0,12,8.7,3.3,108,295,98,34,377,Ligue 1,2021-2022,32434714471076965
64,Nantes,21,12.0,3491,4650,75.1,70703,26280,1346,1582,85.1,1503,1814,82.9,580,1060,54.7,12,10.5,1.5,99,298,69,26,302,Ligue 1,2021-2022,25802633648495862
65,Napoli,25,11.0,5739,6574,87.3,106212,32249,2556,2772,92.2,2341,2578,90.8,731,1005,72.7,12,10.7,1.3,128,414,126,19,420,Serie A,2021-2022,10516137814401134
66,Newcastle Utd,22,10.0,2623,3489,75.2,54720,20409,1055,1234,85.5,1046,1248,83.8,469,875,53.6,9,7.3,1.7,83,199,52,20,184,Premier League,2021-2022,29528772732587842
67,Nice,23,12.0,5251,6334,82.9,102651,32218,2013,2255,89.3,2404,2703,88.9,753,1171,64.3,14,16.3,-2.3,116,328,85,23,364,Ligue 1,2021-2022,11720969662561653
68,Norwich City,22,10.0,3240,4154,78.0,66355,22582,1235,1409,87.7,1393,1611,86.5,552,973,56.7,2,4.7,-2.7,65,183,59,16,227,Premier League,2021-2022,42809968147687487
69,Osasuna,26,12.0,3498,4896,71.4,74379,31446,1348,1682,80.1,1459,1826,79.9,624,1192,52.3,8,8.2,-0.2,94,345,107,36,381,La Liga,2021-2022,83352675823776457
70,Paris S-G,27,12.0,7231,8055,89.8,127617,36621,3339,3590,93.0,3048,3275,93.1,719,952,75.5,17,15.6,1.4,121,558,123,19,503,Ligue 1,2021-2022,11177590892093073
71,Rayo Vallecano,25,12.0,3317,4392,75.5,69667,24974,1214,1421,85.4,1433,1708,83.9,611,1109,55.1,14,9.9,4.1,90,253,71,30,276,La Liga,2021-2022,75203699329351977
72,RB Leipzig,23,10.0,4197,5242,80.1,80285,29536,1747,2017,86.6,1759,2026,86.8,595,973,61.2,13,14.2,-1.2,109,356,121,26,444,Bundesliga,2021-2022,68159208261559796
73,Real Madrid,25,11.0,5750,6649,86.5,107986,30646,2529,2743,92.2,2319,2559,90.6,799,1125,71.0,20,12.8,7.2,136,425,138,23,426,La Liga,2021-2022,29627131003986350
74,Real Sociedad,27,12.0,4702,5738,81.9,92955,30652,1830,2062,88.7,2081,2381,87.4,709,1089,65.1,9,8.8,0.2,91,330,109,21,398,La Liga,2021-2022,57299950304530590
75,Reims,25,12.0,3908,5039,77.6,76386,26375,1547,1811,85.4,1679,1960,85.7,594,1037,57.3,11,8.3,2.7,102,211,82,16,327,Ligue 1,2021-2022,67732085073987538
76,Rennes,26,12.0,5401,6350,85.1,112432,33225,1852,2078,89.1,2504,2775,90.2,976,1319,74.0,14,12.2,1.8,131,349,114,25,445,Ligue 1,2021-2022,96819424452761337
77,Roma,24,11.0,4653,5540,84.0,95793,30740,1637,1843,88.8,2182,2430,89.8,783,1122,69.8,14,13.2,0.8,144,357,111,27,380,Serie A,2021-2022,764736481564168
78,Saint-Étienne,28,12.0,4517,5682,79.5,86220,28760,1961,2209,88.8,1745,2060,84.7,673,1119,60.1,6,8.6,-2.6,108,291,82,25,344,Ligue 1,2021-2022,56226069621228236
79,Salernitana,25,11.0,3070,4219,72.8,61690,25750,1209,1466,82.5,1282,1620,79.1,518,934,55.5,6,7.9,-1.9,91,258,80,26,340,Serie A,2021-2022,63444195793016658
80,Sampdoria,22,11.0,3520,4682,75.2,71971,27546,1329,1571,84.6,1524,1862,81.8,596,1043,57.1,9,8.4,0.6,91,278,88,22,374,Serie A,2021-2022,89407679695143145
81,Sassuolo,22,11.0,4949,5863,84.4,93822,31060,2130,2353,90.5,2008,2248,89.3,710,1028,69.1,10,11.2,-1.2,104,279,86,11,385,Serie A,2021-2022,79200252522790650
82,Sevilla,26,11.0,5480,6431,85.2,112857,30778,2017,2188,92.2,2442,2712,90.0,935,1365,68.5,14,12.9,1.1,122,333,112,35,352,La Liga,2021-2022,22702270477938803
83,Southampton,21,10.0,3354,4396,76.3,62174,21477,1465,1699,86.2,1475,1769,83.4,364,776,46.9,5,10.7,-5.7,94,249,72,17,300,Premier League,2021-2022,21037626007536306
84,Spezia,26,11.0,4069,5114,79.6,80298,26175,1583,1815,87.2,1798,2065,87.1,609,1052,57.9,6,8.7,-2.7,97,270,79,28,339,Serie A,2021-2022,41730244034743257
85,Strasbourg,23,12.0,4641,5792,80.1,92115,30092,1822,2042,89.2,2003,2307,86.8,713,1217,58.6,14,10.1,3.9,76,301,90,29,397,Ligue 1,2021-2022,92234479374253707
86,Stuttgart,28,10.0,4388,5338,82.2,82992,27898,1799,2044,88.0,1956,2211,88.5,556,883,63.0,12,8.8,3.2,100,305,71,16,355,Bundesliga,2021-2022,81761661302668293
87,Torino,26,11.0,4044,5164,78.3,81936,26811,1551,1790,86.6,1769,2053,86.2,651,1111,58.6,12,11.3,0.7,116,325,77,25,323,Serie A,2021-2022,21846272194836439
88,Tottenham,21,10.0,4016,4898,82.0,74552,23356,1784,1961,91.0,1686,1920,87.8,473,831,56.9,6,7.8,-1.8,75,289,71,12,292,Premier League,2021-2022,22006624071753704
89,Troyes,28,12.0,3782,4818,78.5,75655,28076,1554,1771,87.7,1528,1786,85.6,618,1064,58.1,10,9.3,0.7,80,209,78,29,258,Ligue 1,2021-2022,57069542099991496
90,Udinese,21,11.0,3548,4459,79.6,68145,22278,1430,1635,87.5,1565,1805,86.7,479,857,55.9,7,7.4,-0.4,96,232,64,17,218,Serie A,2021-2022,48393495896639342
91,Union Berlin,23,10.0,3142,4208,74.7,67252,24425,1016,1250,81.3,1514,1803,84.0,566,1008,56.2,12,9.4,2.6,85,228,69,32,263,Bundesliga,2021-2022,71630543971501382
92,Valencia,26,12.0,3260,4427,73.6,70822,26654,1208,1442,83.8,1352,1655,81.7,643,1180,54.5,10,9.4,0.6,100,298,86,19,339,La Liga,2021-2022,65158650443085242
93,Venezia,29,11.0,3578,4552,78.6,73955,25985,1295,1506,86.0,1638,1891,86.6,609,998,61.0,6,7.6,-1.6,66,205,53,17,258,Serie A,2021-2022,94916874898547392
94,Villarreal,26,11.0,5355,6273,85.4,105557,31969,2004,2223,90.1,2472,2734,90.4,790,1109,71.2,12,10.6,1.4,90,387,105,24,460,La Liga,2021-2022,63335634096533483
95,Watford,26,10.0,2822,3781,74.6,62275,23227,930,1115,83.4,1294,1555,83.2,560,965,58.0,10,8.6,1.4,82,206,59,18,252,Premier League,2021-2022,73743918793554398
96,West Ham,18,10.0,3875,4839,80.1,77655,25919,1485,1680,88.4,1735,1999,86.8,591,984,60.1,16,12.3,3.7,109,289,92,27,350,Premier League,2021-2022,57680956417459581
97,Wolfsburg,24,10.0,4022,5038,79.8,87858,28192,1223,1434,85.3,1982,2252,88.0,769,1189,64.7,5,9.7,-4.7,94,278,79,31,334,Bundesliga,2021-2022,85159484018358879
98,Wolves,18,10.0,3358,4145,81.0,70285,22491,1180,1363,86.6,1529,1736,88.1,607,909,66.8,6,8.6,-3.6,82,274,59,13,278,Premier League,2021-2022,24001928852251903
1,Alavés,30,38.0,10284,14169,72.6,221451,88735,3856,4734,81.5,4231,5262,80.4,2011,3609,55.7,21,25.5,-4.5,245,741,192,75,848,La Liga,2020-2021,37745278530914180
2,Angers,31,38.0,15128,18713,80.8,289965,100913,6448,7190,89.7,6269,7187,87.2,2168,3690,58.8,23,27.4,-4.4,286,956,240,62,1203,Ligue 1,2020-2021,66587352409382849
3,Arminia,26,34.0,10707,14526,73.7,238317,88076,3491,4253,82.1,4832,5841,82.7,2211,3870,57.1,16,22.1,-6.1,224,728,191,45,818,Bundesliga,2020-2021,60726784699523350
4,Arsenal,29,38.0,17802,21291,83.6,341180,93564,7057,7896,89.4,8102,8997,90.1,2374,3723,63.8,38,36.6,1.4,323,1318,340,72,1340,Premier League,2020-2021,5838645288327307
5,Aston Villa,24,38.0,12779,16556,77.2,263536,95235,4835,5582,86.6,5510,6461,85.3,2174,3848,56.5,38,37.1,0.9,398,1079,352,79,1236,Premier League,2020-2021,14348480492050895
6,Atalanta,30,38.0,18159,21836,83.2,340271,110674,7682,8623,89.1,7916,8986,88.1,2276,3481,65.4,65,55.9,9.1,474,1506,519,87,1924,Serie A,2020-2021,87465877057901989
7,Athletic Club,27,38.0,13694,17675,77.5,286035,98184,5068,5984,84.7,5906,6993,84.5,2509,4021,62.4,31,31.1,-0.1,302,1110,298,77,1289,La Liga,2020-2021,4823083458145023
8,Atlético Madrid,25,38.0,16924,20602,82.1,321009,104535,7417,8242,90.0,6740,7741,87.1,2378,3816,62.3,54,37.8,16.2,339,1260,381,61,1477,La Liga,2020-2021,74713976168286555
9,Augsburg,25,34.0,10430,14074,74.1,216254,79244,3848,4588,83.9,4568,5513,82.9,1838,3364,54.6,23,24.5,-1.5,238,669,197,56,883,Bundesliga,2020-2021,82828683183786310
10,Barcelona,25,38.0,25414,28517,89.1,439762,125458,12038,12965,92.8,10464,11331,92.3,2411,3255,74.1,51,57.4,-6.4,443,1904,552,57,1796,La Liga,2020-2021,81744823723090567
11,Bayern Munich,29,34.0,18505,21940,84.3,370450,115232,6924,7782,89.0,8410,9378,89.7,2901,4061,71.4,75,53.3,21.7,444,1603,471,112,1743,Bundesliga,2020-2021,7510926916741648
12,Benevento,29,38.0,11710,15299,76.5,233368,82368,4510,5192,86.9,4988,5928,84.1,1906,3461,55.1,26,27.3,-1.3,292,754,294,84,1021,Serie A,2020-2021,38159059008947812
13,Betis,25,38.0,15938,19523,81.6,307041,97650,6750,7518,89.8,6471,7406,87.4,2354,3816,61.7,35,29.9,5.1,333,1013,314,83,1118,La Liga,2020-2021,9423348454032625
14,Bologna,37,38.0,14811,18456,80.3,286759,100044,5940,6796,87.4,6395,7460,85.7,2174,3481,62.5,38,37.4,0.6,364,1106,278,61,1316,Serie A,2020-2021,23275147453355121
15,Bordeaux,28,38.0,16031,19434,82.5,315078,102148,6502,7244,89.8,6861,7779,88.2,2394,3730,64.2,32,30.2,1.8,308,902,200,64,995,Ligue 1,2020-2021,12683680850395737
16,Brest,26,38.0,15584,19278,80.8,319837,105090,5645,6480,87.1,6966,7959,87.5,2682,4136,64.8,31,33.7,-2.7,339,1060,306,115,1219,Ligue 1,2020-2021,27328509848090670
17,Brighton,27,38.0,15598,19456,80.2,316711,97708,5744,6604,87.0,7143,8163,87.5,2475,4033,61.4,24,33.0,-9.0,349,1084,381,91,1252,Premier League,2020-2021,49072214318111932
18,Burnley,25,38.0,10644,15043,70.8,220877,86521,4419,5198,85.0,3913,4932,79.3,2038,4244,48.0,20,27.1,-7.1,267,881,283,84,943,Premier League,2020-2021,21823480134907726
19,Cádiz,34,38.0,8053,11925,67.5,178284,72914,3052,3738,81.6,3123,4036,77.4,1711,3608,47.4,16,19.0,-3.0,193,651,160,64,652,La Liga,2020-2021,1007679934589500
20,Cagliari,32,38.0,13160,16793,78.4,260093,90837,5129,5929,86.5,5796,6853,84.6,1991,3371,59.1,30,30.6,-0.6,302,898,296,91,1059,Serie A,2020-2021,32968728316179674
21,Celta Vigo,30,38.0,15277,19156,79.8,296823,92941,6094,6964,87.5,6651,7654,86.9,2216,3782,58.6,39,33.2,5.8,253,923,265,50,1148,La Liga,2020-2021,14218303985450920
22,Chelsea,27,38.0,21646,25151,86.1,408322,115504,8896,9759,91.2,9751,10706,91.1,2665,3901,68.3,38,42.4,-4.4,443,1440,393,80,1528,Premier League,2020-2021,58172670324373785
23,Crotone,31,38.0,13666,17170,79.6,270786,95385,5103,5831,87.5,6352,7321,86.8,1967,3396,57.9,27,24.5,2.5,264,812,239,65,1075,Serie A,2020-2021,33431629624225246
24,Crystal Palace,24,38.0,11391,15090,75.5,214516,83423,5030,5888,85.4,4484,5419,82.7,1578,3057,51.6,29,20.9,8.1,248,781,244,59,974,Premier League,2020-2021,15352059381074619
25,Dijon,33,38.0,14134,17866,79.1,281152,97095,5457,6246,87.4,6161,7148,86.2,2262,3836,59.0,15,20.3,-5.3,252,877,195,55,1036,Ligue 1,2020-2021,59239312409540653
26,Dortmund,26,34.0,18983,22343,85.0,370199,109874,7546,8442,89.4,8323,9219,90.3,2807,3928,71.5,57,51.0,6.0,374,1293,422,62,1528,Bundesliga,2020-2021,6921931827204601
27,Eibar,30,38.0,11903,16701,71.3,258509,94793,4489,5358,83.8,4780,6058,78.9,2421,4631,52.3,20,26.2,-6.2,298,1098,263,109,1074,La Liga,2020-2021,67267904110326262
28,Eint Frankfurt,25,34.0,14409,18416,78.2,281703,102287,5721,6632,86.3,6353,7489,84.8,2089,3578,58.4,52,43.1,8.9,351,1087,309,110,1421,Bundesliga,2020-2021,37929111009288632
29,Elche,30,38.0,13601,16952,80.2,275052,94634,5286,5950,88.8,5825,6616,88.0,2210,3724,59.3,25,21.9,3.1,189,785,154,76,785,La Liga,2020-2021,30674441257210497
30,Everton,29,38.0,14670,18248,80.4,298495,98778,5538,6304,87.8,6477,7377,87.8,2372,3845,61.7,32,32.9,-0.9,297,968,261,68,1072,Premier League,2020-2021,57482013681231466
31,Fiorentina,30,38.0,13589,17076,79.6,272797,90816,5253,5998,87.6,5914,6849,86.3,2184,3584,60.9,31,30.5,0.5,262,1059,264,104,1117,Serie A,2020-2021,24325362613855847
32,Freiburg,24,34.0,12336,15907,77.6,262645,91002,4099,4824,85.0,5827,6768,86.1,2227,3704,60.1,34,29.2,4.8,285,828,255,89,1076,Bundesliga,2020-2021,17577284562417651
33,Fulham,28,38.0,15183,18859,80.5,303251,96436,5675,6456,87.9,6921,7859,88.1,2312,3832,60.3,18,27.8,-9.8,335,991,311,100,1141,Premier League,2020-2021,19227944656237519
34,Genoa,34,38.0,14014,17793,78.8,277555,90606,5637,6382,88.3,5930,6961,85.2,2193,3798,57.7,32,25.1,6.9,252,884,229,65,994,Serie A,2020-2021,87033800759594150
35,Getafe,31,38.0,9017,13413,67.2,191115,80118,3663,4539,80.7,3348,4516,74.1,1773,3711,47.8,14,20.1,-6.1,249,870,239,97,942,La Liga,2020-2021,23789167582387071
36,Granada,34,38.0,9247,13165,70.2,197930,77964,3470,4204,82.5,3890,4871,79.9,1736,3518,49.3,30,23.8,6.2,216,787,188,59,855,La Liga,2020-2021,45137124328012624
37,Hellas Verona,32,38.0,13339,17708,75.3,257956,87378,5448,6411,85.0,5714,6907,82.7,1898,3649,52.0,30,31.1,-1.1,297,1008,318,68,1288,Serie A,2020-2021,45227680351245381
38,Hertha BSC,32,34.0,12623,16027,78.8,278139,88471,3797,4508,84.2,6060,6944,87.3,2609,4017,64.9,29,29.8,-0.8,276,846,232,72,1047,Bundesliga,2020-2021,59737400018465050
39,Hoffenheim,30,34.0,14462,18016,80.3,291188,99858,5356,6153,87.0,6515,7469,87.2,2304,3636,63.4,38,35.9,2.1,313,1061,342,99,1337,Bundesliga,2020-2021,29322720181807625
40,Huesca,27,38.0,13636,17400,78.4,280112,89385,5017,5749,87.3,6121,7069,86.6,2294,3987,57.5,23,23.8,-0.8,289,847,232,88,957,La Liga,2020-2021,16593090704373522
41,Inter,25,38.0,18514,21593,85.7,357767,106101,7261,8022,90.5,8396,9283,90.4,2542,3548,71.6,62,53.4,8.6,409,1349,430,105,1528,Serie A,2020-2021,53198597771575973
42,Juventus,30,38.0,19971,23047,86.7,392140,115399,7400,8192,90.3,9422,10266,91.8,2860,3915,73.1,59,51.4,7.6,456,1438,378,93,1555,Serie A,2020-2021,19371054131726661
43,Köln,28,34.0,12038,15705,76.7,251568,91402,4229,5011,84.4,5315,6263,84.9,2223,3735,59.5,23,24.6,-1.6,253,829,225,84,985,Bundesliga,2020-2021,39731782814123330
44,Lazio,30,38.0,17098,20724,82.5,340624,110740,6474,7369,87.9,7443,8436,88.2,2813,4156,67.7,40,40.2,-0.2,388,1428,420,110,1469,Serie A,2020-2021,90751438076496109
45,Leeds United,23,38.0,15996,20042,79.8,318521,104029,6052,6930,87.3,7236,8287,87.3,2454,4047,60.6,45,42.5,2.5,390,1111,372,87,1409,Premier League,2020-2021,34570153325607342
46,Leicester City,27,38.0,16726,20572,81.3,316778,96218,6923,7840,88.3,7382,8362,88.3,2163,3648,59.3,45,33.1,11.9,347,1164,304,64,1247,Premier League,2020-2021,18776461863573874
47,Lens,27,38.0,15307,18909,81.0,308556,97897,5725,6569,87.2,6915,7912,87.4,2420,3774,64.1,35,34.7,0.3,321,1103,278,95,1399,Ligue 1,2020-2021,74951719010833888
48,Levante,29,38.0,14234,17838,79.8,284117,97886,5615,6357,88.3,6065,6971,87.0,2311,3836,60.2,35,28.5,6.5,275,1052,319,99,1336,La Liga,2020-2021,1566092639264277
49,Leverkusen,30,34.0,18002,21523,83.6,361120,109753,6668,7431,89.7,8174,9110,89.7,2901,4305,67.4,41,33.8,7.2,347,1228,288,76,1344,Bundesliga,2020-2021,36794408106212849
50,Lille,21,38.0,18028,21792,82.7,344587,108204,7593,8448,89.9,7616,8655,88.0,2484,3920,63.4,39,36.1,2.9,358,1482,271,64,1527,Ligue 1,2020-2021,85603837513355486
51,Liverpool,28,38.0,21527,25527,84.3,421366,125570,8395,9322,90.1,9732,10782,90.3,3072,4602,66.8,43,50.0,-7.0,444,1742,552,98,1914,Premier League,2020-2021,41956650829873911
52,Lorient,27,38.0,13403,17013,78.8,261367,89994,5452,6195,88.0,5709,6642,86.0,2001,3525,56.8,26,31.2,-5.2,286,853,200,59,1040,Ligue 1,2020-2021,37325341301512527
53,Lyon,29,38.0,17819,21299,83.7,341108,114598,7383,8248,89.5,7564,8601,87.9,2531,3681,68.8,46,55.0,-9.0,443,1391,423,76,1739,Ligue 1,2020-2021,87005642993871754
54,M'Gladbach,23,34.0,15337,18808,81.5,292692,97134,6331,7156,88.5,6632,7619,87.0,2094,3321,63.1,44,34.6,9.4,323,960,269,60,1259,Bundesliga,2020-2021,81611584009946193
55,Mainz 05,31,34.0,9679,13642,71.0,196417,77998,3595,4448,80.8,4252,5374,79.1,1628,3160,51.5,23,34.7,-11.7,272,713,223,63,981,Bundesliga,2020-2021,71158960989778912
56,Manchester City,24,38.0,23578,26689,88.3,442810,115350,9849,10630,92.7,10407,11258,92.4,2957,3997,74.0,55,51.0,4.0,439,1833,447,46,1633,Premier League,2020-2021,74026506610392765
57,Manchester Utd,29,38.0,18495,21960,84.2,343759,103853,8082,8927,90.5,7765,8682,89.4,2316,3500,66.2,51,40.5,10.5,402,1364,397,65,1502,Premier League,2020-2021,29078730489839024
58,Marseille,31,38.0,16646,20480,81.3,317553,103496,7071,7962,88.8,6968,7949,87.7,2266,3781,59.9,45,34.5,10.5,286,1153,235,55,1231,Ligue 1,2020-2021,66190039714113630
59,Metz,27,38.0,13269,16773,79.1,269761,90255,5103,5815,87.8,5788,6716,86.2,2173,3713,58.5,28,25.6,2.4,308,880,203,66,963,Ligue 1,2020-2021,14635757597311544
60,Milan,29,38.0,16046,19490,82.3,307704,99628,6451,7273,88.7,7021,7971,88.1,2222,3480,63.9,47,43.4,3.6,392,1165,360,83,1343,Serie A,2020-2021,59378513948613436
61,Monaco,30,38.0,17905,21885,81.8,358198,108456,6464,7359,87.8,8383,9500,88.2,2706,4241,63.8,52,44.7,7.3,369,1321,376,81,1521,Ligue 1,2020-2021,79093238158793616
62,Montpellier,25,38.0,12879,16555,77.8,277225,103048,4619,5382,85.8,5372,6350,84.6,2666,4188,63.7,42,30.7,11.3,324,974,269,111,1151,Ligue 1,2020-2021,32434714471076965
63,Nantes,25,38.0,12440,16380,75.9,241957,86586,5109,5919,86.3,5282,6392,82.6,1784,3397,52.5,28,26.7,1.3,276,1048,188,56,1101,Ligue 1,2020-2021,25802633648495862
64,Napoli,25,38.0,18947,22092,85.8,360233,108215,7993,8758,91.3,7872,8737,90.1,2734,3825,71.5,56,45.5,10.5,480,1335,378,78,1431,Serie A,2020-2021,10516137814401134
65,Newcastle Utd,27,38.0,10617,14220,74.7,216780,78025,4270,4949,86.3,4306,5161,83.4,1836,3503,52.4,26,26.1,-0.1,272,693,216,74,759,Premier League,2020-2021,29528772732587842
66,Nice,31,38.0,18220,21525,84.6,343395,101213,7444,8261,90.1,8193,9051,90.5,2258,3495,64.6,26,26.3,-0.3,270,1166,248,71,1275,Ligue 1,2020-2021,11720969662561653
67,Nîmes,33,38.0,12874,16683,77.2,268417,89948,4714,5464,86.3,5563,6510,85.5,2323,4030,57.6,26,27.3,-1.3,270,843,220,61,1029,Ligue 1,2020-2021,83514802313158576
68,Osasuna,28,38.0,10415,14861,70.1,229745,97901,3934,4899,80.3,4139,5375,77.0,2146,3958,54.2,25,23.4,1.6,257,953,257,96,1029,La Liga,2020-2021,83352675823776457
69,Paris S-G,33,38.0,23091,26067,88.6,401344,121576,11157,11962,93.3,9227,10116,91.2,2279,3183,71.6,52,54.6,-2.6,407,1751,448,93,1685,Ligue 1,2020-2021,11177590892093073
70,Parma,42,38.0,14930,18327,81.5,318853,105526,5157,5857,88.0,6716,7641,87.9,2851,4234,67.3,26,28.6,-2.6,289,1017,249,83,1193,Serie A,2020-2021,62695319081093388
71,RB Leipzig,25,34.0,17673,21371,82.7,328704,106196,7379,8336,88.5,7779,8853,87.9,2171,3386,64.1,44,44.7,-0.7,408,1410,410,79,1588,Bundesliga,2020-2021,68159208261559796
72,Real Madrid,30,38.0,20825,24054,86.6,399432,116529,9030,9780,92.3,8317,9124,91.2,3132,4316,72.6,53,46.2,6.8,437,1573,440,95,1521,La Liga,2020-2021,29627131003986350
73,Real Sociedad,30,38.0,14976,18740,79.9,292109,93375,5949,6823,87.2,6608,7639,86.5,2152,3537,60.8,39,39.2,-0.2,299,1072,357,60,1271,La Liga,2020-2021,57299950304530590
74,Reims,29,38.0,13704,17171,79.8,285192,90059,4818,5534,87.1,6293,7189,87.5,2390,3931,60.8,23,20.9,2.1,270,865,205,57,1048,Ligue 1,2020-2021,67732085073987538
75,Rennes,32,38.0,20158,23827,84.6,387811,119220,8259,9195,89.8,8740,9714,90.0,2845,4166,68.3,39,37.5,1.5,376,1496,322,87,1567,Ligue 1,2020-2021,96819424452761337
76,Roma,31,38.0,17066,20471,83.4,340976,102007,6286,7128,88.2,8044,8912,90.3,2533,3819,66.3,51,49.2,1.8,394,1253,340,69,1385,Serie A,2020-2021,764736481564168
77,Saint-Étienne,40,38.0,13803,17582,78.5,271870,93542,5690,6516,87.3,5620,6589,85.3,2198,3766,58.4,28,30.8,-2.8,331,868,250,87,1015,Ligue 1,2020-2021,56226069621228236
78,Sampdoria,27,38.0,13561,17627,76.9,268170,92801,5328,6181,86.2,5743,6828,84.1,2169,3809,56.9,37,30.0,7.0,298,948,267,69,1196,Serie A,2020-2021,89407679695143145
79,Sassuolo,28,38.0,20547,23671,86.8,366715,108616,9298,10082,92.2,8624,9488,90.9,2204,3264,67.5,36,35.5,0.5,378,1437,387,57,1428,Serie A,2020-2021,79200252522790650
80,Schalke 04,42,34.0,11269,14667,76.8,228703,78197,4114,4876,84.4,5087,5947,85.5,1862,3223,57.8,20,18.3,1.7,217,655,185,30,890,Bundesliga,2020-2021,24345039935475884
81,Sevilla,26,38.0,19429,22824,85.1,390199,112525,7475,8177,91.4,8653,9562,90.5,3020,4429,68.2,36,34.8,1.2,372,1320,358,121,1299,La Liga,2020-2021,22702270477938803
82,Sheffield Utd,27,38.0,12057,15847,76.1,236409,83837,5271,6017,87.6,4718,5655,83.4,1830,3545,51.6,13,22.6,-9.6,245,959,268,64,988,Premier League,2020-2021,93216768512646707
83,Southampton,29,38.0,14758,18761,78.7,268855,88714,6542,7441,87.9,6331,7330,86.4,1593,3207,49.7,33,27.4,5.6,288,889,274,41,1087,Premier League,2020-2021,21037626007536306
84,Spezia,35,38.0,15637,19428,80.5,336885,99279,5347,6110,87.5,6731,7700,87.4,3309,4977,66.5,37,28.9,8.1,278,1054,270,67,1161,Serie A,2020-2021,41730244034743257
85,Strasbourg,26,38.0,13300,17085,77.8,291021,102109,4595,5378,85.4,5725,6647,86.1,2762,4421,62.5,26,30.0,-4.0,263,1001,259,101,1087,Ligue 1,2020-2021,92234479374253707
86,Stuttgart,29,34.0,14259,17721,80.5,272821,97283,5716,6528,87.6,6379,7321,87.1,1879,3145,59.7,42,38.1,3.9,342,985,301,73,1271,Bundesliga,2020-2021,81761661302668293
87,Torino,29,38.0,13471,17077,78.9,267834,87881,5485,6190,88.6,5616,6561,85.6,2140,3711,57.7,28,32.5,-4.5,299,916,251,96,965,Serie A,2020-2021,21846272194836439
88,Tottenham,24,38.0,16142,19871,81.2,308661,97611,6803,7664,88.8,6812,7803,87.3,2224,3688,60.3,50,35.5,14.5,307,1081,279,60,1181,Premier League,2020-2021,22006624071753704
89,Udinese,33,38.0,14149,17469,81.0,273295,90615,5690,6448,88.2,6143,7040,87.3,2019,3281,61.5,30,27.3,2.7,288,927,303,77,1160,Serie A,2020-2021,48393495896639342
90,Union Berlin,27,34.0,12041,15867,75.9,249391,87774,4451,5250,84.8,5188,6230,83.3,2183,3736,58.4,39,31.1,7.9,283,801,205,85,995,Bundesliga,2020-2021,71630543971501382
91,Valencia,30,38.0,12953,16456,78.7,272791,93374,4709,5439,86.6,5729,6625,86.5,2309,3814,60.5,35,27.2,7.8,266,962,252,72,1066,La Liga,2020-2021,65158650443085242
92,Valladolid,32,38.0,11338,15333,73.9,230046,81720,4611,5403,85.3,4573,5515,82.9,1922,3743,51.3,21,22.1,-1.1,253,851,211,77,892,La Liga,2020-2021,44089518275887893
93,Villarreal,29,38.0,17601,20981,83.9,349216,110193,6871,7685,89.4,7793,8696,89.6,2692,3910,68.8,33,40.5,-7.5,313,1226,378,90,1372,La Liga,2020-2021,63335634096533483
94,Werder Bremen,27,34.0,11769,15388,76.5,237260,86011,4561,5418,84.2,5158,6147,83.9,1894,3281,57.7,25,21.5,3.5,246,805,204,77,976,Bundesliga,2020-2021,59303898890876434
95,West Brom,30,38.0,9743,13646,71.4,196127,76867,4031,4760,84.7,3853,4857,79.3,1634,3451,47.3,20,21.2,-1.2,230,792,204,73,874,Premier League,2020-2021,26775906631723373
96,West Ham,24,38.0,12533,16360,76.6,248445,89919,5241,6072,86.3,5056,6056,83.5,2006,3589,55.9,46,36.8,9.2,331,944,264,103,967,Premier League,2020-2021,57680956417459581
97,Wolfsburg,26,34.0,13255,17140,77.3,284266,93118,4331,5249,82.5,6167,7271,84.8,2553,3980,64.1,48,37.6,10.4,345,993,297,78,1286,Bundesliga,2020-2021,85159484018358879
98,Wolves,27,38.0,15234,18662,81.6,304634,93806,5944,6639,89.5,6524,7431,87.8,2502,3877,64.5,21,26.4,-5.4,346,1031,216,80,1033,Premier League,2020-2021,24001928852251903
1,Alavés,32,38.0,9724,13753,70.7,207059,86512,3828,4695,81.5,3894,4960,78.5,1814,3529,51.4,20,23.5,-3.5,220,751,177,50,858,La Liga,2019-2020,37745278530914180
2,Amiens,27,28.0,9777,12663,77.2,187897,71050,4251,4881,87.1,3893,4682,83.1,1420,2577,55.1,20,16.7,3.3,159,734,138,41,940,Ligue 1,2019-2020,20069478421376018
3,Angers,26,28.0,10616,13346,79.5,203866,74741,4631,5230,88.5,4285,4962,86.4,1535,2663,57.6,21,20.2,0.8,261,749,207,63,909,Ligue 1,2019-2020,66587352409382849
4,Arsenal,29,38.0,16349,19802,82.6,321220,94865,6299,7029,89.6,7392,8306,89.0,2428,3776,64.3,35,29.9,5.1,285,1121,320,70,1240,Premier League,2019-2020,5838645288327307
5,Aston Villa,28,38.0,11530,15353,75.1,242867,87449,4292,4999,85.9,4958,5923,83.7,2084,3846,54.2,32,30.4,1.6,361,891,286,95,1034,Premier League,2019-2020,14348480492050895
6,Atalanta,30,38.0,18078,21650,83.5,337955,106300,7764,8604,90.2,7753,8778,88.3,2263,3514,64.4,68,53.5,14.5,527,1296,478,111,1588,Serie A,2019-2020,87465877057901989
7,Athletic Club,26,38.0,12589,16607,75.8,263278,92587,4837,5640,85.8,5222,6296,82.9,2312,4050,57.1,23,23.6,-0.6,274,929,223,80,1028,La Liga,2019-2020,4823083458145023
8,Atlético Madrid,30,38.0,13709,17595,77.9,257089,96920,6091,6947,87.7,5362,6383,84.0,1871,3468,54.0,35,34.4,0.6,329,1037,302,59,1287,La Liga,2019-2020,74713976168286555
9,Augsburg,28,34.0,8618,12212,70.6,182208,70959,3135,3850,81.4,3674,4547,80.8,1620,3209,50.5,29,26.2,2.8,241,567,170,45,761,Bundesliga,2019-2020,82828683183786310
10,Barcelona,28,38.0,24981,28212,88.5,447366,126905,11376,12316,92.4,10305,11200,92.0,2786,3644,76.5,62,48.2,14.8,383,1884,439,51,1665,La Liga,2019-2020,81744823723090567
11,Bayern Munich,29,34.0,20739,24240,85.6,413561,128617,7694,8577,89.7,9583,10575,90.6,3186,4363,73.0,75,64.2,10.8,474,1780,510,128,1966,Bundesliga,2019-2020,7510926916741648
12,Betis,27,38.0,16291,19618,83.0,318743,95412,6579,7296,90.2,6841,7658,89.3,2509,3828,65.5,35,32.3,2.7,348,977,340,88,1093,La Liga,2019-2020,9423348454032625
13,Bologna,31,38.0,14641,18276,80.1,283464,97450,5892,6697,88.0,6331,7356,86.1,2124,3490,60.9,31,36.3,-5.3,411,1183,303,73,1370,Serie A,2019-2020,23275147453355121
14,Bordeaux,26,28.0,12356,14986,82.5,242370,77409,4711,5269,89.4,5852,6609,88.5,1663,2708,61.4,29,21.4,7.6,210,711,122,33,824,Ligue 1,2019-2020,12683680850395737
15,Bournemouth,27,38.0,11943,15973,74.8,234473,86377,4779,5647,84.6,5158,6227,82.8,1773,3382,52.4,24,27.4,-3.4,267,900,258,53,1069,Premier League,2019-2020,36088947257895306
16,Brescia,32,38.0,11010,14650,75.2,220206,83491,4297,5040,85.3,4734,5713,82.9,1748,3214,54.4,22,25.4,-3.4,283,796,280,74,1144,Serie A,2019-2020,24926529561002350
17,Brest,24,28.0,11090,13961,79.4,226492,74524,4196,4783,87.7,4815,5547,86.8,1920,3145,61.0,27,21.0,6.0,243,736,214,71,904,Ligue 1,2019-2020,27328509848090670
18,Brighton,25,38.0,15696,19549,80.3,317859,103840,5976,6845,87.3,7011,8038,87.2,2509,4013,62.5,24,26.5,-2.5,327,1091,310,85,1301,Premier League,2019-2020,49072214318111932
19,Burnley,22,38.0,9925,14227,69.8,203008,78549,4182,4902,85.3,3740,4775,78.3,1773,3907,45.4,30,27.2,2.8,263,778,208,78,814,Premier League,2019-2020,21823480134907726
20,Cagliari,33,38.0,13303,16870,78.9,270737,91739,5074,5728,88.6,5734,6727,85.2,2286,3827,59.7,34,28.5,5.5,331,955,256,87,1074,Serie A,2019-2020,32968728316179674
21,Celta Vigo,30,38.0,14692,18402,79.8,281402,92477,6073,6887,88.2,6253,7223,86.6,2037,3484,58.5,26,24.9,1.1,271,932,255,52,1090,La Liga,2019-2020,14218303985450920
22,Chelsea,27,38.0,20665,24532,84.2,404119,114240,8080,9028,89.5,9196,10285,89.4,3033,4405,68.9,46,46.2,-0.2,453,1482,429,105,1520,Premier League,2019-2020,58172670324373785
23,Crystal Palace,25,38.0,12142,15940,76.2,235605,89747,5127,5936,86.4,4899,5840,83.9,1819,3435,53.0,20,23.6,-3.6,253,861,256,57,1040,Premier League,2019-2020,15352059381074619
24,Dijon,28,28.0,10176,12893,78.9,210513,76242,3840,4385,87.6,4334,5058,85.7,1836,2991,61.4,17,21.3,-4.3,238,651,179,43,822,Ligue 1,2019-2020,59239312409540653
25,Dortmund,27,34.0,20781,24010,86.6,385238,111587,8997,9861,91.2,8870,9720,91.3,2559,3620,70.7,74,47.1,26.9,347,1275,329,54,1465,Bundesliga,2019-2020,6921931827204601
26,Düsseldorf,28,34.0,11476,15049,76.3,251262,89850,3859,4602,83.9,5067,5988,84.6,2359,3882,60.8,26,21.8,4.2,291,870,222,79,1064,Bundesliga,2019-2020,6414184432322702
27,Eibar,26,38.0,10623,15315,69.4,232440,87898,3962,4793,82.7,4288,5458,78.6,2181,4486,48.6,24,23.7,0.3,276,1036,248,102,1071,La Liga,2019-2020,67267904110326262
28,Eint Frankfurt,27,34.0,12408,16463,75.4,256791,97578,4513,5397,83.6,5536,6710,82.5,2150,3670,58.6,45,38.3,6.7,361,1015,279,118,1240,Bundesliga,2019-2020,37929111009288632
29,Espanyol,31,38.0,12032,16181,74.4,249539,88549,4368,5135,85.1,5453,6555,83.2,2015,3897,51.7,17,22.7,-5.7,275,950,246,79,1072,La Liga,2019-2020,71314269182841176
30,Everton,24,38.0,13239,17176,77.1,281798,100680,4698,5554,84.6,5951,6984,85.2,2403,3983,60.3,32,30.9,1.1,316,1033,297,85,1259,Premier League,2019-2020,57482013681231466
31,Fiorentina,33,38.0,13792,17131,80.5,272633,92080,5326,6006,88.7,6097,6972,87.4,2093,3464,60.4,30,35.7,-5.7,420,1009,315,91,1190,Serie A,2019-2020,24325362613855847
32,Freiburg,26,34.0,12120,15509,78.1,259581,89102,3971,4675,84.9,5747,6619,86.8,2192,3605,60.8,27,27.7,-0.7,301,829,244,97,968,Bundesliga,2019-2020,17577284562417651
33,Genoa,34,38.0,14405,18085,79.7,283053,96521,5638,6353,88.7,6350,7336,86.6,2130,3654,58.3,28,25.6,2.4,291,959,297,100,1143,Serie A,2019-2020,87033800759594150
34,Getafe,30,38.0,8444,13358,63.2,181592,80569,3346,4341,77.1,3093,4354,71.0,1759,3913,45.0,31,25.6,5.4,274,928,278,124,1069,La Liga,2019-2020,23789167582387071
35,Granada,27,38.0,9933,13965,71.1,216931,83075,3584,4367,82.1,4181,5192,80.5,1994,3817,52.2,34,24.9,9.1,256,791,185,71,900,La Liga,2019-2020,45137124328012624
36,Hellas Verona,30,38.0,13381,17453,76.7,260984,89961,5434,6292,86.4,5690,6785,83.9,1976,3636,54.3,27,31.7,-4.7,326,1029,332,75,1314,Serie A,2019-2020,45227680351245381
37,Hertha BSC,32,34.0,11480,14845,77.3,248991,86426,3900,4553,85.7,5056,5980,84.5,2324,3712,62.6,35,29.3,5.7,267,823,186,74,927,Bundesliga,2019-2020,59737400018465050
38,Hoffenheim,31,34.0,14589,17961,81.2,285819,98104,5622,6348,88.6,6728,7601,88.5,2012,3372,59.7,36,33.6,2.4,334,894,276,86,1162,Bundesliga,2019-2020,29322720181807625
39,Inter,29,38.0,17321,20754,83.5,346229,107736,6499,7221,90.0,7794,8865,87.9,2723,3896,69.9,57,45.7,11.3,453,1280,423,101,1578,Serie A,2019-2020,53198597771575973
40,Juventus,30,38.0,20306,23375,86.9,373063,113674,8926,9628,92.7,8394,9223,91.0,2549,3616,70.5,47,43.9,3.1,495,1556,367,79,1511,Serie A,2019-2020,19371054131726661
41,Köln,29,34.0,11292,14923,75.7,246594,93043,3709,4439,83.6,5144,6148,83.7,2286,3818,59.9,38,31.9,6.1,294,824,264,86,1061,Bundesliga,2019-2020,39731782814123330
42,Lazio,27,38.0,16035,19310,83.0,315961,102766,6308,7058,89.4,6750,7658,88.1,2554,3756,68.0,45,42.2,2.8,426,1262,409,99,1458,Serie A,2019-2020,90751438076496109
43,Lecce,30,38.0,13757,17086,80.5,277636,94291,5220,5877,88.8,5964,6859,87.0,2306,3663,63.0,30,31.1,-1.1,380,887,348,131,1158,Serie A,2019-2020,92912790925867566
44,Leganés,29,38.0,10467,14585,71.8,211269,84034,4453,5225,85.2,3997,4991,80.1,1776,3721,47.7,19,23.8,-4.8,275,879,231,97,954,La Liga,2019-2020,20237473683555152
45,Leicester City,24,38.0,17329,21149,81.9,333434,103827,6970,7807,89.3,7766,8836,87.9,2322,3761,61.7,48,44.0,4.0,398,1237,323,84,1336,Premier League,2019-2020,18776461863573874
46,Levante,29,38.0,12463,16087,77.5,247502,91418,5271,5951,88.6,4931,5823,84.7,2044,3684,55.5,28,29.7,-1.7,311,892,249,77,1141,La Liga,2019-2020,1566092639264277
47,Leverkusen,24,34.0,19160,22816,84.0,375504,114250,7282,8112,89.8,8742,9752,89.6,2820,4155,67.9,48,45.0,3.0,383,1164,263,64,1371,Bundesliga,2019-2020,36794408106212849
48,Lille,25,28.0,11307,14068,80.4,221646,71634,4514,5135,87.9,4931,5637,87.5,1651,2762,59.8,25,24.9,0.1,255,903,200,53,942,Ligue 1,2019-2020,85603837513355486
49,Liverpool,24,38.0,20887,25110,83.2,425217,125713,7701,8605,89.5,9515,10702,88.9,3383,5042,67.1,69,51.8,17.2,436,1734,501,101,1816,Premier League,2019-2020,41956650829873911
50,Lyon,27,28.0,13379,15881,84.2,265520,80754,5117,5699,89.8,5997,6691,89.6,2063,2989,69.0,29,26.1,2.9,265,895,210,56,1065,Ligue 1,2019-2020,87005642993871754
51,M'Gladbach,25,34.0,14479,17921,80.8,288968,97674,5456,6275,86.9,6541,7520,87.0,2262,3484,64.9,53,49.4,3.6,345,890,284,68,1236,Bundesliga,2019-2020,81611584009946193
52,Mainz 05,25,34.0,10302,13844,74.4,216629,82374,3786,4476,84.6,4398,5365,82.0,1935,3453,56.0,34,32.0,2.0,327,821,242,69,1031,Bundesliga,2019-2020,71158960989778912
53,Mallorca,32,38.0,11932,15603,76.5,229905,87464,5139,5914,86.9,4684,5668,82.6,1794,3295,54.4,21,22.2,-1.2,294,822,224,80,936,La Liga,2019-2020,96459977719332900
54,Manchester City,24,38.0,24266,27673,87.7,471127,125662,9543,10428,91.5,11061,12080,91.6,3369,4392,76.7,69,66.2,2.8,558,1916,598,96,2005,Premier League,2019-2020,74026506610392765
55,Manchester Utd,29,38.0,17542,21170,82.9,324919,97629,7733,8627,89.6,7370,8365,88.1,2155,3392,63.5,43,37.0,6.0,401,1362,353,53,1500,Premier League,2019-2020,29078730489839024
56,Marseille,23,28.0,12013,14652,82.0,230093,73344,5031,5623,89.5,5028,5745,87.5,1709,2732,62.6,28,22.4,5.6,270,862,201,61,937,Ligue 1,2019-2020,66190039714113630
57,Metz,24,28.0,9635,12397,77.7,191985,65392,3842,4398,87.4,4120,4829,85.3,1499,2730,54.9,20,18.0,2.0,219,670,137,46,642,Ligue 1,2019-2020,14635757597311544
58,Milan,32,38.0,17281,20763,83.2,331938,107746,7079,7943,89.1,7539,8451,89.2,2339,3634,64.4,38,41.9,-3.9,469,1281,408,99,1489,Serie A,2019-2020,59378513948613436
59,Monaco,28,28.0,11748,14370,81.8,227143,76739,4853,5479,88.6,4996,5694,87.7,1706,2700,63.2,29,32.3,-3.3,264,856,245,54,1085,Ligue 1,2019-2020,79093238158793616
60,Montpellier,27,28.0,9682,12594,76.9,207967,79315,3491,4137,84.4,4123,4858,84.9,1918,3125,61.4,19,20.2,-1.2,239,821,178,63,987,Ligue 1,2019-2020,32434714471076965
61,Nantes,29,28.0,10599,13416,79.0,200552,69345,4554,5181,87.9,4492,5266,85.3,1381,2497,55.3,16,21.5,-5.5,252,755,155,48,840,Ligue 1,2019-2020,25802633648495862
62,Napoli,25,38.0,21244,24509,86.7,389911,114988,9381,10155,92.4,8870,9772,90.8,2607,3720,70.1,45,47.5,-2.5,537,1647,441,96,1689,Serie A,2019-2020,10516137814401134
63,Newcastle Utd,28,38.0,10500,14206,73.9,217402,81724,4147,4810,86.2,4350,5309,81.9,1804,3514,51.3,29,23.2,5.8,293,762,188,67,754,Premier League,2019-2020,29528772732587842
64,Nice,31,28.0,13378,15539,86.1,255288,77767,5253,5774,91.0,6358,6902,92.1,1583,2426,65.3,30,21.2,8.8,227,868,171,42,986,Ligue 1,2019-2020,11720969662561653
65,Nîmes,28,28.0,8170,11140,73.3,167696,63245,3210,3845,83.5,3406,4172,81.6,1408,2643,53.3,20,21.2,-1.2,230,661,166,55,785,Ligue 1,2019-2020,83514802313158576
66,Norwich City,30,38.0,14610,18286,79.9,270287,88230,6655,7458,89.2,5745,6622,86.8,1901,3446,55.2,18,26.1,-8.1,299,881,224,42,997,Premier League,2019-2020,42809968147687487
67,Osasuna,31,38.0,11102,15680,70.8,233616,91815,4331,5242,82.6,4464,5730,77.9,2107,4051,52.0,26,29.0,-3.0,324,941,277,102,1154,La Liga,2019-2020,83352675823776457
68,Paderborn 07,27,34.0,11645,15062,77.3,246297,86705,3980,4752,83.8,5347,6244,85.6,2152,3431,62.7,26,24.1,1.9,294,791,153,45,952,Bundesliga,2019-2020,13210847894253626
69,Paris S-G,31,27.0,16845,18987,88.7,301712,91325,7718,8326,92.7,6911,7500,92.1,1916,2560,74.8,51,50.8,0.2,320,1267,395,65,1398,Ligue 1,2019-2020,11177590892093073
70,Parma,25,38.0,12330,15701,78.5,265390,94529,4254,4916,86.5,5368,6295,85.3,2462,3890,63.3,38,31.1,6.9,327,888,238,52,1124,Serie A,2019-2020,62695319081093388
71,RB Leipzig,29,34.0,16395,19986,82.0,305970,105197,6886,7805,88.2,7094,8074,87.9,2073,3259,63.6,58,52.4,5.6,415,1250,366,71,1581,Bundesliga,2019-2020,68159208261559796
72,Real Madrid,26,38.0,20329,23814,85.4,387839,114280,9087,9873,92.0,7796,8690,89.7,3072,4384,70.1,52,44.1,7.9,434,1453,437,104,1479,La Liga,2019-2020,29627131003986350
73,Real Sociedad,27,38.0,16055,19938,80.5,314338,100328,6069,6985,86.9,7563,8650,87.4,2170,3584,60.5,38,32.6,5.4,320,1085,340,92,1327,La Liga,2019-2020,57299950304530590
74,Reims,26,28.0,10361,13063,79.3,212720,67063,3799,4347,87.4,4595,5310,86.5,1801,2927,61.5,16,18.4,-2.4,236,652,202,55,874,Ligue 1,2019-2020,67732085073987538
75,Rennes,26,28.0,10454,13053,80.1,218215,73441,3702,4237,87.4,4804,5507,87.2,1804,2862,63.0,26,23.6,2.4,238,685,178,61,845,Ligue 1,2019-2020,96819424452761337
76,Roma,31,38.0,16108,19367,83.2,328727,101263,5681,6399,88.8,7654,8548,89.5,2582,3824,67.5,47,47.3,-0.3,471,1164,357,84,1317,Serie A,2019-2020,764736481564168
77,Saint-Étienne,31,28.0,10086,13003,77.6,203122,67413,3820,4443,86.0,4477,5261,85.1,1594,2798,57.0,20,18.2,1.8,213,684,139,46,832,Ligue 1,2019-2020,56226069621228236
78,Sampdoria,31,38.0,12022,15816,76.0,238335,86889,4839,5576,86.8,5000,6011,83.2,1916,3554,53.9,25,30.2,-5.2,388,933,301,110,1135,Serie A,2019-2020,89407679695143145
79,Sassuolo,31,38.0,18697,21783,85.8,332665,101032,8668,9478,91.5,7860,8667,90.7,1870,2946,63.5,49,39.4,9.6,404,1207,319,45,1266,Serie A,2019-2020,79200252522790650
80,Schalke 04,29,34.0,12189,15680,77.7,250577,85006,4392,5112,85.9,5476,6416,85.3,2105,3489,60.3,25,25.0,0.0,269,829,228,51,1104,Bundesliga,2019-2020,24345039935475884
81,Sevilla,26,38.0,17667,21508,82.1,358713,109972,6788,7605,89.3,7656,8760,87.4,2937,4403,66.7,35,32.5,2.5,352,1265,373,123,1397,La Liga,2019-2020,22702270477938803
82,Sheffield Utd,26,38.0,12052,16407,73.5,243270,85855,5164,5949,86.8,4675,5733,81.5,1982,4008,49.5,25,31.5,-6.5,266,995,292,92,1059,Premier League,2019-2020,93216768512646707
83,Southampton,25,38.0,12482,16900,73.9,239421,84587,5388,6316,85.3,5107,6298,81.1,1712,3586,47.7,32,31.4,0.6,333,982,304,70,1119,Premier League,2019-2020,21037626007536306
84,SPAL,34,38.0,13452,16904,79.6,259666,93584,5691,6353,89.6,5573,6523,85.4,1964,3400,57.8,17,23.1,-6.1,335,932,235,71,1075,Serie A,2019-2020,73622612860183040
85,Strasbourg,25,27.0,10203,12757,80.0,221232,74489,3548,4081,86.9,4445,5081,87.5,2069,3187,64.9,21,23.6,-2.6,241,759,209,82,892,Ligue 1,2019-2020,92234479374253707
86,Torino,27,38.0,12628,16200,78.0,260740,88045,4930,5629,87.6,5174,6107,84.7,2303,3838,60.0,29,26.6,2.4,317,811,298,123,968,Serie A,2019-2020,21846272194836439
87,Tottenham,29,38.0,15794,19704,80.2,306185,94530,6427,7257,88.6,6887,7937,86.8,2215,3787,58.5,39,30.8,8.2,327,1142,302,50,1281,Premier League,2019-2020,22006624071753704
88,Toulouse,30,28.0,9433,12237,77.1,178637,66760,4130,4725,87.4,3765,4476,84.1,1316,2527,52.1,14,18.2,-4.2,223,619,163,56,756,Ligue 1,2019-2020,94523000561782573
89,Udinese,25,38.0,13535,17002,79.6,266040,92903,5419,6062,89.4,5815,6801,85.5,2043,3464,59.0,26,30.5,-4.5,362,923,288,106,1130,Serie A,2019-2020,48393495896639342
90,Union Berlin,26,34.0,9503,13395,70.9,202883,87921,3545,4358,81.3,3841,4844,79.3,1907,3571,53.4,27,25.0,2.0,260,793,191,73,901,Bundesliga,2019-2020,71630543971501382
91,Valencia,28,38.0,14565,18059,80.7,296827,95694,5483,6173,88.8,6518,7423,87.8,2341,3926,59.6,34,29.1,4.9,254,1015,282,70,1151,La Liga,2019-2020,65158650443085242
92,Valladolid,30,38.0,11236,15246,73.7,230593,81657,4424,5173,85.5,4680,5634,83.1,1943,3822,50.8,19,22.4,-3.4,254,822,166,60,872,La Liga,2019-2020,44089518275887893
93,Villarreal,25,38.0,16361,19925,82.1,335324,104151,6123,6861,89.2,7166,8104,88.4,2848,4344,65.6,40,37.0,3.0,349,1162,300,89,1226,La Liga,2019-2020,63335634096533483
94,Watford,26,38.0,11208,15407,72.7,221889,84866,4849,5746,84.4,4286,5331,80.4,1790,3639,49.2,21,28.2,-7.2,287,889,268,80,986,Premier League,2019-2020,73743918793554398
95,Werder Bremen,30,34.0,12979,16581,78.3,260600,90656,4973,5759,86.4,5668,6622,85.6,2125,3530,60.2,30,27.5,2.5,311,921,249,75,1185,Bundesliga,2019-2020,59303898890876434
96,West Ham,29,38.0,12388,16488,75.1,240804,90754,5516,6384,86.4,4620,5666,81.5,1949,3610,54.0,36,31.8,4.2,318,972,259,85,1050,Premier League,2019-2020,57680956417459581
97,Wolfsburg,26,34.0,11716,15547,75.4,251266,92108,4026,4863,82.8,5167,6249,82.7,2312,3777,61.2,33,34.1,-1.1,333,915,253,79,1227,Bundesliga,2019-2020,85159484018358879
98,Wolves,21,38.0,14072,17895,78.6,297687,97790,5172,5988,86.4,6003,7071,84.9,2685,4175,64.3,34,32.3,1.7,327,1015,229,82,1080,Premier League,2019-2020,24001928852251903
1,Alavés,26,38.0,9814,13919,70.5,203510,87703,3918,4754,82.4,3904,4959,78.7,1809,3675,49.2,27,23.9,3.1,272,831,226,104,961,La Liga,2018-2019,37745278530914180
2,Amiens,26,38.0,12031,16181,74.4,242601,93263,4758,5661,84.0,5114,6280,81.4,1988,3729,53.3,22,23.1,-1.1,282,977,207,59,1132,Ligue 1,2018-2019,20069478421376018
3,Angers,24,38.0,13020,16742,77.8,252877,98043,5367,6212,86.4,5615,6727,83.5,1876,3329,56.4,27,29.6,-2.6,335,917,260,59,1161,Ligue 1,2018-2019,66587352409382849
4,Arsenal,28,38.0,18313,22178,82.6,350915,109823,7357,8259,89.1,8113,9173,88.4,2530,3943,64.2,52,45.5,6.5,361,1242,430,75,1543,Premier League,2018-2019,5838645288327307
5,Atalanta,27,38.0,18178,22052,82.4,345298,110648,7446,8452,88.1,8140,9284,87.7,2343,3658,64.1,60,50.2,9.8,493,1326,474,100,1690,Serie A,2018-2019,87465877057901989
6,Athletic Club,27,38.0,13267,17393,76.3,271102,100295,5334,6233,85.6,5559,6686,83.1,2210,3936,56.1,26,25.3,0.7,273,1100,302,95,1165,La Liga,2018-2019,4823083458145023
7,Atlético Madrid,29,38.0,15143,19034,79.6,276009,98528,7207,8124,88.7,5778,6870,84.1,1899,3411,55.7,36,31.3,4.7,339,1245,342,61,1297,La Liga,2018-2019,74713976168286555
8,Augsburg,30,34.0,11138,15094,73.8,230933,88336,4171,5100,81.8,4838,5888,82.2,2007,3638,55.2,33,28.8,4.2,311,815,274,90,1140,Bundesliga,2018-2019,82828683183786310
9,Barcelona,30,38.0,23464,26734,87.8,421072,125653,10749,11665,92.1,9736,10752,90.6,2644,3568,74.1,61,53.7,7.3,410,1779,479,60,1727,La Liga,2018-2019,81744823723090567
10,Bayern Munich,24,34.0,20506,23861,85.9,409832,120093,7562,8384,90.2,9485,10466,90.6,3252,4450,73.1,62,59.9,2.1,454,1730,474,96,1794,Bundesliga,2018-2019,7510926916741648
11,Betis,25,38.0,19506,22819,85.5,366265,110101,8079,8864,91.1,8826,9762,90.4,2367,3591,65.9,30,33.3,-3.3,320,1241,346,64,1294,La Liga,2018-2019,9423348454032625
12,Bologna,29,38.0,12116,16034,75.6,244448,93105,4699,5479,85.8,5218,6375,81.9,2021,3599,56.2,35,30.8,4.2,344,970,265,90,1179,Serie A,2018-2019,23275147453355121
13,Bordeaux,33,38.0,14650,18550,79.0,282828,102206,6156,7141,86.2,6229,7288,85.5,2066,3564,58.0,26,27.9,-1.9,330,1025,223,65,1210,Ligue 1,2018-2019,12683680850395737
14,Bournemouth,28,38.0,13480,17433,77.3,264047,97476,5361,6307,85.0,5979,7090,84.3,1942,3395,57.2,43,37.8,5.2,317,985,348,78,1277,Premier League,2018-2019,36088947257895306
15,Brighton,21,38.0,11586,15704,73.8,246203,90785,4343,5178,83.9,4761,5856,81.3,2233,4021,55.5,24,22.7,1.3,281,894,218,81,918,Premier League,2018-2019,49072214318111932
16,Burnley,23,38.0,10157,14609,69.5,216618,89101,4071,4922,82.7,3901,5002,78.0,2005,4136,48.5,32,25.6,6.4,245,898,251,82,957,Premier League,2018-2019,21823480134907726
17,Caen,27,38.0,11523,15493,74.4,242531,91076,4423,5242,84.4,4689,5697,82.3,2221,4052,54.8,17,18.8,-1.8,213,741,150,63,861,Ligue 1,2018-2019,21277886218272520
18,Cagliari,30,38.0,14565,18873,77.2,286422,107492,6080,6993,86.9,5912,7115,83.1,2332,4103,56.8,27,27.5,-0.5,305,1006,310,87,1238,Serie A,2018-2019,32968728316179674
19,Cardiff City,25,38.0,7220,11620,62.1,154563,71373,2988,3863,77.3,2661,3735,71.2,1452,3545,41.0,20,22.4,-2.4,265,752,188,61,791,Premier League,2018-2019,69924771535350567
20,Celta Vigo,28,38.0,15122,18785,80.5,294087,99004,6108,6921,88.3,6636,7609,87.2,2143,3674,58.3,37,29.9,7.1,328,1016,280,68,1090,La Liga,2018-2019,14218303985450920
21,Chelsea,24,38.0,22838,26480,86.2,413751,126026,10389,11414,91.0,9357,10441,89.6,2722,3838,70.9,52,45.0,7.0,467,1770,455,78,1826,Premier League,2018-2019,58172670324373785
22,Chievo,36,38.0,12555,16534,75.9,256489,95611,4731,5522,85.7,5503,6641,82.9,2158,3831,56.3,17,22.8,-5.8,284,908,253,101,1082,Serie A,2018-2019,83748145049842906
23,Crystal Palace,26,38.0,12739,16642,76.5,237901,93058,5740,6621,86.7,5018,5988,83.8,1729,3350,51.6,33,31.1,1.9,348,991,294,67,1222,Premier League,2018-2019,15352059381074619
24,Dijon,26,38.0,13058,16945,77.1,269514,96972,4861,5697,85.3,5821,6882,84.6,2201,3848,57.2,21,25.7,-4.7,316,1024,280,75,1145,Ligue 1,2018-2019,59239312409540653
25,Dortmund,23,34.0,18845,22100,85.3,346448,104095,8226,9193,89.5,7939,8831,89.9,2366,3431,69.0,60,42.3,17.7,327,1341,314,55,1346,Bundesliga,2018-2019,6921931827204601
26,Düsseldorf,24,34.0,11146,14589,76.4,240306,89614,3907,4652,84.0,4863,5827,83.5,2240,3666,61.1,35,34.0,1.0,309,898,246,79,1137,Bundesliga,2018-2019,6414184432322702
27,Eibar,25,38.0,13129,18279,71.8,283897,103336,4739,5767,82.2,5579,6972,80.0,2657,4937,53.8,26,31.7,-5.7,363,1357,382,149,1374,La Liga,2018-2019,67267904110326262
28,Eint Frankfurt,30,34.0,10628,14853,71.6,222696,93232,3987,4965,80.3,4562,5855,77.9,1923,3551,54.2,42,38.4,3.6,287,950,261,82,1187,Bundesliga,2018-2019,37929111009288632
29,Empoli,29,38.0,14685,18406,79.8,291865,99453,5623,6392,88.0,6660,7731,86.1,2234,3739,59.7,36,34.0,2.0,323,1207,340,63,1389,Serie A,2018-2019,77726683749984272
30,Espanyol,25,38.0,13998,17703,79.1,280592,99487,5383,6192,86.9,6217,7297,85.2,2212,3658,60.5,26,32.6,-6.6,316,1038,341,73,1279,La Liga,2018-2019,71314269182841176
31,Everton,23,38.0,13829,18085,76.5,277190,100524,5559,6521,85.2,5827,6982,83.5,2243,3933,57.0,34,30.4,3.6,335,1168,296,89,1334,Premier League,2018-2019,57482013681231466
32,Fiorentina,27,38.0,13356,17251,77.4,273975,93697,4655,5517,84.4,6388,7498,85.2,2159,3752,57.5,24,33.8,-9.8,425,1092,312,89,1374,Serie A,2018-2019,24325362613855847
33,Freiburg,28,34.0,11490,14967,76.8,247151,85697,3709,4402,84.3,5386,6313,85.3,2207,3757,58.7,25,25.9,-0.9,291,800,218,75,931,Bundesliga,2018-2019,17577284562417651
34,Frosinone,33,38.0,11524,15516,74.3,231244,86911,4456,5238,85.1,5035,6053,83.2,1856,3665,50.6,21,24.7,-3.7,310,788,249,124,991,Serie A,2018-2019,87953309350363757
35,Fulham,28,38.0,15179,19223,79.0,289628,104263,6546,7392,88.6,6399,7490,85.4,1987,3704,53.6,24,28.2,-4.2,333,1050,244,56,1190,Premier League,2018-2019,19227944656237519
36,Genoa,31,38.0,11178,15296,73.1,228852,87714,4358,5182,84.1,4764,5839,81.6,1905,3784,50.3,26,27.1,-1.1,365,986,330,96,1163,Serie A,2018-2019,87033800759594150
37,Getafe,26,38.0,8264,12884,64.1,181561,82891,3197,4141,77.2,3118,4339,71.9,1782,3797,46.9,34,29.0,5.0,272,810,282,81,1031,La Liga,2018-2019,23789167582387071
38,Girona,26,38.0,13258,17104,77.5,276484,96684,4660,5377,86.7,6176,7242,85.3,2268,4018,56.4,23,25.1,-2.1,276,917,272,96,1125,La Liga,2018-2019,12545195302828957
39,Guingamp,30,38.0,11408,15709,72.6,232274,92350,4484,5481,81.8,4941,6208,79.6,1839,3516,52.3,21,27.0,-6.0,304,994,225,79,1134,Ligue 1,2018-2019,16872092436156260
40,Hannover 96,32,34.0,11428,15090,75.7,236845,89112,4148,4935,84.1,5092,6109,83.4,2025,3528,57.4,20,23.6,-3.6,269,826,228,59,1033,Bundesliga,2018-2019,10121335889457780
41,Hertha BSC,26,34.0,12472,16161,77.2,255193,96580,4794,5664,84.6,5433,6450,84.2,2084,3603,57.8,32,34.3,-2.3,299,916,235,74,1107,Bundesliga,2018-2019,59737400018465050
42,Hoffenheim,29,34.0,14499,17950,80.8,285552,102912,5640,6435,87.6,6442,7457,86.4,2232,3527,63.3,49,49.5,-0.5,450,1200,371,102,1424,Bundesliga,2018-2019,29322720181807625
43,Huddersfield,31,38.0,13030,17503,74.4,261912,98395,5339,6320,84.5,5341,6570,81.3,2170,3977,54.6,13,21.0,-8.0,282,1022,239,96,1087,Premier League,2018-2019,70397411865897550
44,Huesca,30,38.0,10778,14817,72.7,218839,88242,4464,5301,84.2,4264,5339,79.9,1871,3660,51.1,28,26.2,1.8,321,858,269,107,998,La Liga,2018-2019,16593090704373522
45,Inter,23,38.0,19563,23416,83.5,377107,119430,7869,8736,90.1,8683,9880,87.9,2777,4171,66.6,36,44.1,-8.1,471,1487,451,160,1596,Serie A,2018-2019,53198597771575973
46,Juventus,31,38.0,18393,21842,84.2,371028,109670,7003,7778,90.0,8243,9197,89.6,2976,4328,68.8,44,37.0,7.0,453,1427,397,125,1431,Serie A,2018-2019,19371054131726661
47,Lazio,30,38.0,15879,19761,80.4,301275,105137,6814,7747,88.0,6546,7692,85.1,2250,3655,61.6,35,38.9,-3.9,465,1305,415,90,1596,Serie A,2018-2019,90751438076496109
48,Leganés,29,38.0,10787,15033,71.8,224396,88505,4324,5169,83.7,4325,5436,79.6,1958,3899,50.2,25,24.5,0.5,299,856,244,128,927,La Liga,2018-2019,20237473683555152
49,Leicester City,25,38.0,14787,19012,77.8,292835,100103,6038,7009,86.1,6181,7422,83.3,2330,3904,59.7,34,35.1,-1.1,365,1161,279,72,1278,Premier League,2018-2019,18776461863573874
50,Levante,26,38.0,10953,14737,74.3,215012,85727,4683,5481,85.4,4355,5301,82.2,1746,3427,50.9,39,35.1,3.9,293,895,280,72,1122,La Liga,2018-2019,1566092639264277
51,Leverkusen,21,34.0,18327,22030,83.2,347484,111744,7623,8639,88.2,7899,8929,88.5,2508,3739,67.1,51,42.6,8.4,370,1261,367,93,1536,Bundesliga,2018-2019,36794408106212849
52,Lille,25,38.0,14573,18207,80.0,283938,95780,5827,6690,87.1,6430,7408,86.8,2122,3575,59.4,49,38.3,10.7,374,1224,268,74,1294,Ligue 1,2018-2019,85603837513355486
53,Liverpool,23,38.0,21110,25260,83.6,416634,129453,8145,9133,89.2,9586,10758,89.1,3134,4694,66.8,55,48.9,6.1,419,1720,531,88,1896,Premier League,2018-2019,41956650829873911
54,Lyon,25,38.0,19060,22496,84.7,367137,116202,7634,8571,89.1,8451,9430,89.6,2738,3876,70.6,54,51.6,2.4,496,1581,381,102,1745,Ligue 1,2018-2019,87005642993871754
55,M'Gladbach,22,34.0,15778,19034,82.9,326244,98844,5114,5867,87.2,7986,8897,89.8,2539,3823,66.4,43,34.7,8.3,329,1144,308,70,1350,Bundesliga,2018-2019,81611584009946193
56,Mainz 05,28,34.0,11555,15264,75.7,241905,88492,4317,5125,84.2,4930,5920,83.3,2170,3766,57.6,30,32.6,-2.6,343,981,289,89,1153,Bundesliga,2018-2019,71158960989778912
57,Manchester City,21,38.0,24631,28095,87.7,460757,126259,10191,11066,92.1,11221,12274,91.4,2944,4098,71.8,71,61.2,9.8,500,2040,596,60,2025,Premier League,2018-2019,74026506610392765
58,Manchester Utd,28,38.0,16807,20648,81.4,319258,112044,7472,8345,89.5,6709,7795,86.1,2342,3808,61.5,40,38.3,1.7,379,1285,357,75,1501,Premier League,2018-2019,29078730489839024
59,Marseille,24,38.0,16031,19932,80.4,302991,104493,6969,7901,88.2,6651,7667,86.7,2210,3756,58.8,45,33.5,11.5,386,1098,307,118,1282,Ligue 1,2018-2019,66190039714113630
60,Milan,23,38.0,17532,20973,83.6,341010,110685,6891,7627,90.4,8042,9020,89.2,2414,3785,63.8,35,34.3,0.7,445,1318,383,103,1477,Serie A,2018-2019,59378513948613436
61,Monaco,42,38.0,14093,17930,78.6,280928,97059,5245,6182,84.8,6605,7703,85.7,2088,3526,59.2,25,30.9,-5.9,329,1102,283,84,1419,Ligue 1,2018-2019,79093238158793616
62,Montpellier,25,38.0,13580,17663,76.9,279951,105472,5290,6242,84.7,5652,6763,83.6,2459,4113,59.8,28,31.8,-3.8,371,1092,269,97,1264,Ligue 1,2018-2019,32434714471076965
63,Nantes,33,38.0,13301,17605,75.6,261991,103216,5378,6418,83.8,5732,6928,82.7,1999,3671,54.5,28,27.3,0.7,372,1123,279,97,1330,Ligue 1,2018-2019,25802633648495862
64,Napoli,26,38.0,21121,24768,85.3,395686,119057,9236,10175,90.8,8828,9808,90.0,2802,4160,67.4,54,53.8,0.2,554,1773,442,91,1834,Serie A,2018-2019,10516137814401134
65,Newcastle Utd,24,38.0,10819,15031,72.0,225924,87762,4210,5016,83.9,4421,5508,80.3,1985,3888,51.1,33,26.7,6.3,295,884,262,89,935,Premier League,2018-2019,29528772732587842
66,Nice,30,38.0,17888,21069,84.9,342827,108024,7172,7961,90.1,8194,9023,90.8,2331,3573,65.2,18,28.9,-10.9,332,1067,172,58,1152,Ligue 1,2018-2019,11720969662561653
67,Nîmes,23,38.0,11435,15518,73.7,228644,88474,4826,5766,83.7,4585,5624,81.5,1860,3611,51.5,37,32.5,4.5,374,962,229,67,1093,Ligue 1,2018-2019,83514802313158576
68,Nürnberg,27,34.0,10598,14082,75.3,220798,80833,3813,4564,83.5,4873,5779,84.3,1779,3331,53.4,16,18.7,-2.7,229,763,177,44,912,Bundesliga,2018-2019,10689243141507842
69,Paris S-G,30,38.0,21972,25097,87.5,390714,125835,10039,10985,91.4,9413,10320,91.2,2258,3178,71.1,72,63.9,8.1,421,1847,496,63,1958,Ligue 1,2018-2019,11177590892093073
70,Parma,31,38.0,9996,13626,73.4,211889,84907,3681,4382,84.0,4286,5259,81.5,1892,3491,54.2,22,22.6,-0.6,235,775,178,44,935,Serie A,2018-2019,62695319081093388
71,Rayo Vallecano,29,38.0,12606,16257,77.5,251724,92793,5144,5907,87.1,5291,6279,84.3,1990,3529,56.4,24,26.2,-2.2,323,925,237,85,1016,La Liga,2018-2019,75203699329351977
72,RB Leipzig,23,34.0,12507,16647,75.1,231627,95135,5747,6882,83.5,4829,6085,79.4,1685,3080,54.7,41,41.6,-0.6,372,1121,365,87,1451,Bundesliga,2018-2019,68159208261559796
73,Real Madrid,27,38.0,20684,24065,86.0,386680,117086,9457,10282,92.0,7949,8848,89.8,2972,4176,71.2,39,42.9,-3.9,447,1559,431,97,1508,La Liga,2018-2019,29627131003986350
74,Real Sociedad,30,38.0,14700,18446,79.7,292992,96357,5605,6416,87.4,6682,7697,86.8,2244,3762,59.6,27,29.2,-2.2,302,991,280,95,1135,La Liga,2018-2019,57299950304530590
75,Reims,27,38.0,11618,15559,74.7,242203,91481,4343,5253,82.7,5083,6163,82.5,2071,3672,56.4,27,28.4,-1.4,291,855,230,64,1085,Ligue 1,2018-2019,67732085073987538
76,Rennes,28,38.0,14207,17791,79.9,285171,96509,5536,6357,87.1,6172,7121,86.7,2301,3745,61.4,34,31.5,2.5,326,1045,281,79,1267,Ligue 1,2018-2019,96819424452761337
77,Roma,26,38.0,15367,19067,80.6,304684,112087,6080,6880,88.4,6711,7821,85.8,2403,3826,62.8,41,43.5,-2.5,467,1251,384,119,1544,Serie A,2018-2019,764736481564168
78,Saint-Étienne,29,38.0,15174,19136,79.3,300912,102926,5853,6733,86.9,6803,7862,86.5,2318,3962,58.5,40,35.5,4.5,353,1055,285,91,1256,Ligue 1,2018-2019,56226069621228236
79,Sampdoria,24,38.0,17188,21150,81.3,311279,105050,7657,8618,88.8,7207,8351,86.3,2046,3460,59.1,41,31.9,9.1,329,1266,359,91,1523,Serie A,2018-2019,89407679695143145
80,Sassuolo,29,38.0,16500,20036,82.4,311173,101495,6879,7682,89.5,7250,8228,88.1,2143,3510,61.1,33,31.0,2.0,357,1171,278,67,1249,Serie A,2018-2019,79200252522790650
81,Schalke 04,32,34.0,10900,14430,75.5,229525,82400,3751,4570,82.1,4985,5896,84.5,2018,3532,57.1,23,25.9,-2.9,297,832,240,53,1073,Bundesliga,2018-2019,24345039935475884
82,Sevilla,27,38.0,14612,18654,78.3,285396,100487,6128,7007,87.5,6063,7134,85.0,2207,3858,57.2,47,43.7,3.3,371,1124,413,123,1415,La Liga,2018-2019,22702270477938803
83,Southampton,30,38.0,11581,15886,72.9,224610,82746,5050,5936,85.1,4616,5764,80.1,1710,3553,48.1,27,27.5,-0.5,327,1071,264,81,1105,Premier League,2018-2019,21037626007536306
84,SPAL,28,38.0,14319,17861,80.2,268760,96183,6299,7065,89.2,5935,6889,86.2,1914,3359,57.0,30,23.5,6.5,334,926,255,119,1040,Serie A,2018-2019,73622612860183040
85,Strasbourg,26,38.0,14802,18663,79.3,309286,104043,5527,6442,85.8,6324,7309,86.5,2741,4330,63.3,43,27.7,15.3,312,1110,269,91,1272,Ligue 1,2018-2019,92234479374253707
86,Stuttgart,26,34.0,11309,15160,74.6,230295,83888,4281,5106,83.8,4941,5965,82.8,1942,3612,53.8,26,28.3,-2.3,304,834,251,94,1006,Bundesliga,2018-2019,81761661302668293
87,Torino,25,38.0,12929,17023,76.0,264002,94180,4905,5758,85.2,5502,6711,82.0,2254,3889,58.0,31,33.6,-2.6,374,942,328,123,1164,Serie A,2018-2019,21846272194836439
88,Tottenham,28,38.0,18764,22717,82.6,369168,114958,7317,8230,88.9,8408,9472,88.8,2772,4298,64.5,47,38.0,9.0,384,1392,384,98,1475,Premier League,2018-2019,22006624071753704
89,Toulouse,29,38.0,12939,16950,76.3,250177,96797,5522,6440,85.7,5144,6282,81.9,2019,3610,55.9,16,25.8,-9.8,297,978,231,65,1255,Ligue 1,2018-2019,94523000561782573
90,Udinese,31,38.0,11534,15160,76.1,234533,85843,4480,5236,85.6,4926,5940,82.9,1955,3462,56.5,30,27.2,2.8,338,788,238,76,1018,Serie A,2018-2019,48393495896639342
91,Valencia,25,38.0,13821,17600,78.5,276786,100037,5395,6227,86.6,6144,7199,85.3,2141,3647,58.7,38,42.9,-4.9,358,1148,353,97,1382,La Liga,2018-2019,65158650443085242
92,Valladolid,28,38.0,12149,16171,75.1,246384,87862,4704,5448,86.3,5284,6263,84.4,1980,3906,50.7,19,26.1,-7.1,290,939,220,72,1048,La Liga,2018-2019,44089518275887893
93,Villarreal,26,38.0,13853,17509,79.1,280991,99711,5315,6112,87.0,6130,7155,85.7,2260,3754,60.2,34,35.8,-1.8,356,1194,312,74,1338,La Liga,2018-2019,63335634096533483
94,Watford,25,38.0,12735,16904,75.3,249011,96585,5630,6547,86.0,4860,5946,81.7,1985,3766,52.7,39,34.1,4.9,300,970,312,62,1175,Premier League,2018-2019,73743918793554398
95,Werder Bremen,24,34.0,14504,18269,79.4,290395,101443,5481,6407,85.5,6548,7659,85.5,2291,3646,62.8,38,33.9,4.1,332,1194,330,97,1483,Bundesliga,2018-2019,59303898890876434
96,West Ham,26,38.0,13900,17892,77.7,264947,94584,6150,7064,87.1,5339,6385,83.6,2052,3640,56.4,33,32.4,0.6,318,991,282,58,1146,Premier League,2018-2019,57680956417459581
97,Wolfsburg,25,34.0,13200,17041,77.5,300330,97902,3894,4759,81.8,6153,7279,84.5,3025,4512,67.0,38,31.6,6.4,292,985,298,85,1283,Bundesliga,2018-2019,85159484018358879
98,Wolves,21,38.0,14054,18030,77.9,290580,96372,5421,6241,86.9,5836,6922,84.3,2598,4266,60.9,35,33.7,1.3,328,1113,268,77,1180,Premier League,2018-2019,24001928852251903
1,Alavés,30,38.0,9346,13461,69.4,190290,78386,3814,4784,79.7,3832,5009,76.5,1581,3252,48.6,31,26.0,5.0,266,817,193,72,899,La Liga,2017-2018,37745278530914180
2,Amiens,30,38.0,10940,15245,71.8,215927,88753,4274,5201,82.2,4729,5947,79.5,1663,3407,48.8,20,23.5,0.5,261,860,176,54,1050,Ligue 1,2017-2018,20069478421376018
3,Angers,27,38.0,12407,16446,75.4,242773,93492,4953,5833,84.9,5356,6479,82.7,1877,3467,54.1,23,30.8,-0.8,343,1000,235,63,1213,Ligue 1,2017-2018,66587352409382849
4,Arsenal,30,38.0,20840,24882,83.8,395177,124259,8619,9665,89.2,9006,10136,88.9,2778,4170,66.6,61,51.3,7.7,433,1629,506,62,1887,Premier League,2017-2018,5838645288327307
5,Atalanta,25,38.0,16813,20966,80.2,337538,111390,6204,7232,85.8,7730,9016,85.7,2645,4112,64.3,38,43.5,0.5,435,1376,464,93,1700,Serie A,2017-2018,87465877057901989
6,Athletic Club,26,38.0,12708,17079,74.4,271525,97224,4455,5570,80.0,5756,7019,82.0,2390,4088,58.5,25,30.0,-5.0,315,1188,313,105,1247,La Liga,2017-2018,4823083458145023
7,Atlético Madrid,26,38.0,14162,18218,77.7,263545,94131,6334,7435,85.2,5786,6937,83.4,1839,3341,55.0,41,32.6,8.4,298,1153,271,43,1296,La Liga,2017-2018,74713976168286555
8,Augsburg,27,34.0,10179,14251,71.4,219096,88617,3627,4483,80.9,4284,5367,79.8,2116,3888,54.4,30,31.1,-3.1,312,856,263,110,1069,Bundesliga,2017-2018,82828683183786310
9,Barcelona,25,38.0,21306,24812,85.9,389761,119736,9338,10408,89.7,9224,10257,89.9,2512,3543,70.9,74,58.6,15.4,418,1723,513,49,1844,La Liga,2017-2018,81744823723090567
10,Bayern Munich,28,34.0,20441,23840,85.7,398949,119150,8197,9030,90.8,8974,10005,89.7,3042,4271,71.2,72,56.2,13.8,462,1705,462,112,1710,Bundesliga,2017-2018,7510926916741648
11,Benevento,41,38.0,14168,17812,79.5,279120,92879,5628,6423,87.6,6292,7265,86.6,2098,3659,57.3,23,27.6,-2.6,339,937,213,76,1040,Serie A,2017-2018,38159059008947812
12,Betis,29,38.0,17395,21045,82.7,339463,103592,6739,7725,87.2,8207,9279,88.4,2330,3674,63.4,43,31.3,11.7,310,1235,249,59,1246,La Liga,2017-2018,9423348454032625
13,Bologna,30,38.0,13638,17602,77.5,276434,100889,5351,6247,85.7,5733,6803,84.3,2324,3954,58.8,18,23.3,-1.3,239,964,247,60,1136,Serie A,2017-2018,23275147453355121
14,Bordeaux,31,38.0,14055,17958,78.3,271257,94855,5809,6727,86.4,6008,7107,84.5,2008,3485,57.6,31,36.7,-0.7,365,1114,313,94,1303,Ligue 1,2017-2018,12683680850395737
15,Bournemouth,22,38.0,13512,17678,76.4,263584,93887,5591,6479,86.3,5709,6862,83.2,1973,3640,54.2,36,32.2,3.8,350,965,302,75,1232,Premier League,2017-2018,36088947257895306
16,Brighton,24,38.0,11951,16139,74.1,254240,92935,4546,5388,84.4,4821,5896,81.8,2344,4203,55.8,25,23.0,2.0,278,852,196,69,984,Premier League,2017-2018,49072214318111932
17,Burnley,24,38.0,10495,14963,70.1,228173,92908,3995,4785,83.5,4315,5458,79.1,2021,4218,47.9,26,23.8,2.2,281,893,230,88,953,Premier League,2017-2018,21823480134907726
18,Caen,26,38.0,11292,15797,71.5,242060,97134,3990,5001,79.8,4820,6061,79.5,2241,4021,55.7,19,28.0,-9.0,349,1124,229,111,1225,Ligue 1,2017-2018,21277886218272520
19,Cagliari,29,38.0,12167,16636,73.1,245407,93621,4898,5855,83.7,5025,6342,79.2,2035,3899,52.2,21,25.4,-2.4,267,989,278,101,1115,Serie A,2017-2018,32968728316179674
20,Celta Vigo,23,38.0,16520,20569,80.3,330795,106276,5998,7054,85.0,7939,9074,87.5,2436,4036,60.4,45,36.0,9.0,316,1226,320,90,1379,La Liga,2017-2018,14218303985450920
21,Chelsea,26,38.0,18953,22867,82.9,370425,117264,7455,8393,88.8,8447,9527,88.7,2709,4113,65.9,42,42.2,0.8,472,1419,417,79,1673,Premier League,2017-2018,58172670324373785
22,Chievo,25,38.0,12575,16824,74.7,255651,94911,4867,5752,84.6,5375,6544,82.1,2189,4056,54.0,20,22.2,5.8,299,960,310,111,1226,Serie A,2017-2018,83748145049842906
23,Crotone,29,38.0,10311,14840,69.5,208395,86869,4019,5025,80.0,4464,5706,78.2,1656,3558,46.5,21,24.0,2.0,256,884,234,74,1111,Serie A,2017-2018,33431629624225246
24,Crystal Palace,28,38.0,11832,15897,74.4,233904,94240,4990,5765,86.6,4705,5758,81.7,1827,3629,50.3,26,33.7,-7.7,319,974,289,64,1158,Premier League,2017-2018,15352059381074619
25,Dijon,26,38.0,12787,16820,76.0,271545,96045,4482,5372,83.4,5675,6740,84.2,2417,4112,58.8,28,26.1,9.9,322,1028,281,87,1159,Ligue 1,2017-2018,59239312409540653
26,Dortmund,30,34.0,16586,20322,81.6,316583,100510,6657,7606,87.5,7466,8554,87.3,2242,3633,61.7,44,43.3,-3.3,342,1302,337,68,1418,Bundesliga,2017-2018,6921931827204601
27,Eibar,27,38.0,12513,17675,70.8,277032,96657,4323,5538,78.1,5399,6846,78.9,2667,4859,54.9,31,25.4,5.6,335,1260,281,125,1211,La Liga,2017-2018,67267904110326262
28,Eint Frankfurt,28,34.0,11441,15528,73.7,248227,92580,3763,4610,81.6,5261,6456,81.5,2263,3957,57.2,34,31.8,3.2,273,931,275,81,1187,Bundesliga,2017-2018,37929111009288632
29,Espanyol,25,38.0,12349,16797,73.5,245088,86586,5006,6135,81.6,5311,6486,81.9,1921,3763,51.0,24,28.5,-4.5,294,980,238,93,1055,La Liga,2017-2018,71314269182841176
30,Everton,30,38.0,11989,16282,73.6,245285,92141,4810,5625,85.5,4871,5918,82.3,2018,4013,50.3,26,24.3,1.7,264,994,223,77,1037,Premier League,2017-2018,57482013681231466
31,Fiorentina,27,38.0,15290,19375,78.9,300312,104764,5672,6639,85.4,7266,8405,86.4,2158,3796,56.8,32,37.1,-3.1,463,1200,350,96,1503,Serie A,2017-2018,24325362613855847
32,Freiburg,29,34.0,11014,14766,74.6,230802,86384,3870,4751,81.5,5146,6113,84.2,1825,3387,53.9,21,24.1,-4.1,263,821,208,64,1030,Bundesliga,2017-2018,17577284562417651
33,Genoa,33,38.0,13218,17522,75.4,263512,94545,5238,6195,84.6,5762,6935,83.1,2047,3869,52.9,18,31.8,-10.8,313,992,306,79,1264,Serie A,2017-2018,87033800759594150
34,Getafe,32,38.0,8463,13094,64.6,179015,77315,3411,4490,76.0,3254,4526,71.9,1651,3631,45.5,27,26.0,1.0,256,840,278,68,986,La Liga,2017-2018,23789167582387071
35,Girona,25,38.0,11412,15587,73.2,243544,86965,4161,5151,80.8,4927,6075,81.1,2214,4022,55.0,31,30.9,0.1,327,995,249,110,1050,La Liga,2017-2018,12545195302828957
36,Guingamp,23,38.0,13225,17284,76.5,252402,94274,5457,6412,85.1,5489,6662,82.4,1940,3469,55.9,23,26.0,1.0,307,1085,238,83,1212,Ligue 1,2017-2018,16872092436156260
37,Hamburger SV,29,34.0,10768,15037,71.6,219771,83045,4062,4995,81.3,4624,5875,78.7,1896,3519,53.9,18,24.8,-9.8,263,881,249,84,1118,Bundesliga,2017-2018,42905483414913667
38,Hannover 96,26,34.0,10882,14890,73.1,221155,91148,4006,4929,81.3,4817,5966,80.7,1869,3408,54.8,26,32.2,-4.2,307,807,208,79,1113,Bundesliga,2017-2018,10121335889457780
39,Hellas Verona,32,38.0,11493,15515,74.1,233720,85245,4685,5591,83.8,4661,5722,81.5,1959,3679,53.2,19,20.9,-4.9,237,763,192,64,944,Serie A,2017-2018,45227680351245381
40,Hertha BSC,25,34.0,11673,15389,75.9,237392,85240,4535,5391,84.1,4949,5949,83.2,2025,3532,57.3,32,27.0,7.0,224,815,176,64,982,Bundesliga,2017-2018,59737400018465050
41,Hoffenheim,26,34.0,13769,17276,79.7,273134,97750,5191,5995,86.6,6362,7277,87.4,2029,3492,58.1,47,38.7,5.3,355,988,301,71,1364,Bundesliga,2017-2018,29322720181807625
42,Huddersfield,25,38.0,12081,16536,73.1,242916,91366,5040,5931,85.0,4761,6010,79.2,2025,3881,52.2,19,21.9,-2.9,243,866,181,72,942,Premier League,2017-2018,70397411865897550
43,Inter,22,38.0,18750,22639,82.8,348644,115080,8128,9077,89.5,7957,9135,87.1,2405,3811,63.1,34,44.4,-2.4,448,1423,388,120,1488,Serie A,2017-2018,53198597771575973
44,Juventus,24,38.0,20058,23398,85.7,408358,115305,7245,8105,89.4,9361,10334,90.6,3262,4447,73.4,39,38.3,23.7,410,1429,340,110,1466,Serie A,2017-2018,19371054131726661
45,Köln,31,34.0,11700,15704,74.5,242131,94026,4414,5329,82.8,5086,6120,83.1,2062,3788,54.4,24,28.7,-4.7,275,1036,247,66,1209,Bundesliga,2017-2018,39731782814123330
46,La Coruña,32,38.0,12284,16487,74.5,245888,89568,4931,6008,82.1,5316,6586,80.7,1942,3567,54.4,30,34.3,-4.3,328,1049,288,90,1199,La Liga,2017-2018,31828180925314031
47,Las Palmas,36,38.0,15166,19085,79.5,285286,97820,6557,7629,85.9,6486,7627,85.0,1951,3379,57.7,15,23.6,-8.6,291,1034,266,69,1166,La Liga,2017-2018,33189055458748528
48,Lazio,24,38.0,16308,20211,80.7,317283,110399,6506,7524,86.5,7166,8276,86.6,2376,3758,63.2,51,42.4,22.6,438,1393,397,89,1643,Serie A,2017-2018,90751438076496109
49,Leganés,28,38.0,10185,14621,69.7,205502,83983,4261,5354,79.6,4138,5326,77.7,1677,3553,47.2,23,28.2,-5.2,289,894,203,80,974,La Liga,2017-2018,20237473683555152
50,Leicester City,27,38.0,12332,16782,73.5,253307,93951,4962,5897,84.1,4916,6047,81.3,2180,4148,52.6,38,31.9,6.1,284,977,229,73,1072,Premier League,2017-2018,18776461863573874
51,Levante,33,38.0,10471,14379,72.8,212600,85930,4202,5200,80.8,4451,5559,80.1,1725,3274,52.7,28,29.0,-1.0,302,948,304,93,1119,La Liga,2017-2018,1566092639264277
52,Leverkusen,24,34.0,14642,18413,79.5,282222,98199,6112,7090,86.2,6171,7242,85.2,2139,3482,61.4,46,43.6,2.4,378,1140,324,92,1414,Bundesliga,2017-2018,36794408106212849
53,Lille,25,38.0,15564,19286,80.7,295958,102883,6199,7117,87.1,6881,7911,87.0,2129,3476,61.2,28,30.4,0.6,354,1220,251,68,1411,Ligue 1,2017-2018,85603837513355486
54,Liverpool,27,38.0,20257,24345,83.2,396366,123737,7654,8545,89.6,9443,10597,89.1,2824,4424,63.8,58,50.0,8.0,472,1645,503,82,1909,Premier League,2017-2018,41956650829873911
55,Lyon,26,38.0,16846,20273,83.1,323840,102526,6619,7500,88.3,7302,8261,88.4,2523,3660,68.9,48,45.4,16.6,423,1278,290,78,1373,Ligue 1,2017-2018,87005642993871754
56,M'Gladbach,27,34.0,14496,17948,80.8,284546,94880,5498,6335,86.8,6738,7638,88.2,2062,3406,60.5,26,35.6,-6.6,323,1040,268,58,1241,Bundesliga,2017-2018,81611584009946193
57,Mainz 05,27,34.0,10117,13929,72.6,212928,80582,3707,4553,81.4,4398,5444,80.8,1866,3471,53.8,27,24.2,2.8,293,818,216,57,1064,Bundesliga,2017-2018,71158960989778912
58,Málaga,37,38.0,11168,15504,72.0,227163,89132,4493,5531,81.2,4667,5910,79.0,1867,3632,51.4,15,21.1,-6.1,280,932,221,88,989,La Liga,2017-2018,79809637287620621
59,Manchester City,25,38.0,26108,29601,88.2,475042,134087,11659,12598,92.5,11195,12258,91.3,2899,3964,73.1,85,63.3,20.7,494,1992,538,69,2012,Premier League,2017-2018,74026506610392765
60,Manchester Utd,27,38.0,17775,21650,82.1,329922,107293,8100,8949,90.5,6812,7836,86.9,2412,3993,60.4,53,43.8,9.2,369,1234,369,86,1409,Premier League,2017-2018,29078730489839024
61,Marseille,26,38.0,16580,20412,81.2,311663,105583,7041,7926,88.8,6937,8058,86.1,2252,3686,61.1,44,47.0,7.0,447,1241,328,129,1411,Ligue 1,2017-2018,66190039714113630
62,Metz,36,38.0,12161,16352,74.4,251976,94083,4407,5267,83.7,5327,6501,81.9,2176,3924,55.5,25,27.4,-0.4,339,1111,242,97,1207,Ligue 1,2017-2018,14635757597311544
63,Milan,23,38.0,17744,21543,82.4,350431,112992,6839,7723,88.6,8115,9226,88.0,2626,4110,63.9,28,36.3,-0.3,458,1456,380,114,1593,Serie A,2017-2018,59378513948613436
64,Monaco,32,38.0,13858,17911,77.4,274468,94915,5150,6044,85.2,6341,7531,84.2,2105,3645,57.8,39,40.2,15.8,352,1225,287,72,1388,Ligue 1,2017-2018,79093238158793616
65,Montpellier,23,38.0,13023,17141,76.0,268322,100006,4886,5740,85.1,5444,6621,82.2,2420,4095,59.1,26,30.6,-2.6,375,1176,267,92,1302,Ligue 1,2017-2018,32434714471076965
66,Nantes,30,38.0,11474,15828,72.5,220625,91826,4868,5854,83.2,4554,5718,79.6,1765,3538,49.9,18,28.5,-4.5,356,1023,278,108,1172,Ligue 1,2017-2018,25802633648495862
67,Napoli,23,38.0,24985,29004,86.1,425699,132297,12878,14051,91.7,9018,10227,88.2,2679,3945,67.9,45,48.5,0.5,526,2095,465,85,2068,Serie A,2017-2018,10516137814401134
68,Newcastle Utd,27,38.0,11037,15257,72.3,220284,89385,4737,5597,84.6,4225,5304,79.7,1822,3706,49.2,29,30.6,-1.6,310,858,238,80,990,Premier League,2017-2018,29528772732587842
69,Nice,31,38.0,19266,22513,85.6,360758,109677,8028,8849,90.7,8419,9314,90.4,2473,3606,68.6,29,32.6,2.4,364,1345,222,57,1338,Ligue 1,2017-2018,11720969662561653
70,Paris S-G,26,38.0,22005,25194,87.3,385886,118894,10044,10973,91.5,9077,10013,90.7,2354,3237,72.7,69,65.0,10.0,463,1696,493,82,1854,Ligue 1,2017-2018,11177590892093073
71,RB Leipzig,23,34.0,14201,18205,78.0,261551,98862,6352,7437,85.4,5805,6994,83.0,1806,3163,57.1,43,39.3,3.7,364,1145,315,50,1432,Bundesliga,2017-2018,68159208261559796
72,Real Madrid,24,38.0,20155,23619,85.3,374486,116892,9116,10074,90.5,8225,9247,88.9,2602,3794,68.6,65,59.4,5.6,555,1749,548,140,1779,La Liga,2017-2018,29627131003986350
73,Real Sociedad,27,38.0,16400,20209,81.2,327792,104640,6001,6961,86.2,7773,8883,87.5,2472,3922,63.0,47,38.6,8.4,379,1293,338,111,1321,La Liga,2017-2018,57299950304530590
74,Rennes,28,38.0,13282,17389,76.4,266285,92182,4988,5880,84.8,5840,6952,84.0,2159,3862,55.9,31,32.1,-0.1,327,1180,206,67,1272,Ligue 1,2017-2018,96819424452761337
75,Roma,27,38.0,17296,21399,80.8,346453,119630,6494,7521,86.3,7857,9059,86.7,2769,4306,64.3,37,48.7,-4.7,492,1581,444,138,1812,Serie A,2017-2018,764736481564168
76,Saint-Étienne,30,38.0,14310,18272,78.3,280924,95924,5402,6348,85.1,6387,7458,85.6,2195,3697,59.4,28,32.9,-1.9,325,1129,249,69,1218,Ligue 1,2017-2018,56226069621228236
77,Sampdoria,27,38.0,16148,20144,80.2,300242,103556,6985,7924,88.1,6817,7916,86.1,2062,3673,56.1,33,32.8,0.2,317,1183,345,67,1496,Serie A,2017-2018,89407679695143145
78,Sassuolo,28,38.0,11497,15749,73.0,237238,92359,4326,5256,82.3,4939,6124,80.6,2049,3852,53.2,16,29.2,-13.2,360,1039,258,92,1242,Serie A,2017-2018,79200252522790650
79,Schalke 04,24,34.0,12031,15577,77.2,238796,83418,4473,5276,84.8,5741,6750,85.1,1695,3137,54.0,33,30.4,1.6,304,763,219,62,1003,Bundesliga,2017-2018,24345039935475884
80,Sevilla,31,38.0,15762,19975,78.9,297658,105802,6596,7749,85.1,7098,8387,84.6,1934,3392,57.0,35,39.8,-4.8,392,1312,358,75,1590,La Liga,2017-2018,22702270477938803
81,Southampton,26,38.0,14319,18666,76.7,278561,95547,6134,6987,87.8,5879,7014,83.8,2064,3988,51.8,23,31.7,-8.7,333,1131,291,87,1286,Premier League,2017-2018,21037626007536306
82,SPAL,29,38.0,12214,16025,76.2,244256,85676,4790,5578,85.9,5274,6290,83.8,1957,3620,54.1,14,20.1,-1.1,248,852,216,65,1051,Serie A,2017-2018,73622612860183040
83,Stoke City,30,38.0,10142,14374,70.6,215523,92754,4011,4890,82.0,4072,5175,78.7,1872,3761,49.8,28,25.8,3.2,276,923,233,58,997,Premier League,2017-2018,55848606059653975
84,Strasbourg,25,38.0,12322,16465,74.8,256401,92210,4469,5312,84.1,5255,6321,83.1,2358,4148,56.8,28,28.2,-2.2,309,950,252,90,1120,Ligue 1,2017-2018,92234479374253707
85,Stuttgart,26,34.0,12101,16046,75.4,248706,87143,4527,5323,85.0,5322,6386,83.3,2117,3869,54.7,22,24.1,-2.1,235,852,210,70,987,Bundesliga,2017-2018,81761661302668293
86,Swansea City,26,38.0,13270,17180,77.2,266786,92897,5559,6291,88.4,5174,6179,83.7,2272,4038,56.3,20,18.4,0.6,212,942,207,55,1012,Premier League,2017-2018,11897392087106032
87,Torino,27,38.0,14425,18316,78.8,285051,97128,5647,6531,86.5,6306,7434,84.8,2235,3723,60.0,36,34.8,5.2,341,971,307,75,1214,Serie A,2017-2018,21846272194836439
88,Tottenham,25,38.0,19287,23469,82.2,379549,121395,7446,8402,88.6,8701,9964,87.3,2837,4366,65.0,51,47.9,3.1,449,1622,395,73,1837,Premier League,2017-2018,22006624071753704
89,Toulouse,25,38.0,10831,15139,71.5,221452,92052,4072,5044,80.7,4582,5767,79.5,1898,3595,52.8,24,28.3,-4.3,301,1127,236,112,1134,Ligue 1,2017-2018,94523000561782573
90,Troyes,25,38.0,11486,15719,73.1,227045,86974,4545,5509,82.5,4696,5836,80.5,1950,3606,54.1,19,24.7,-3.7,266,969,234,81,1120,Ligue 1,2017-2018,57069542099991496
91,Udinese,27,38.0,12619,16647,75.8,257575,94228,4682,5536,84.6,5694,6838,83.3,2113,3824,55.3,27,29.8,-0.8,333,927,265,79,1193,Serie A,2017-2018,48393495896639342
92,Valencia,25,38.0,13770,17463,78.9,276409,96267,5082,6081,83.6,6592,7701,85.6,1975,3340,59.1,45,38.4,6.6,353,1186,318,72,1376,La Liga,2017-2018,65158650443085242
93,Villarreal,32,38.0,14504,18331,79.1,283573,98822,5742,6741,85.2,6539,7727,84.6,2098,3491,60.1,45,38.6,6.4,374,1099,251,74,1233,La Liga,2017-2018,63335634096533483
94,Watford,29,38.0,12739,17186,74.1,251725,95672,5511,6411,86.0,4946,6188,79.9,2038,3871,52.6,27,29.8,-2.8,298,1032,293,82,1186,Premier League,2017-2018,73743918793554398
95,Werder Bremen,25,34.0,12071,16061,75.2,250402,92840,4356,5266,82.7,5416,6565,82.5,2137,3657,58.4,27,30.4,-4.4,318,978,264,89,1250,Bundesliga,2017-2018,59303898890876434
96,West Brom,24,38.0,10478,14714,71.2,220234,91326,4163,4923,84.6,4197,5231,80.2,1915,3958,48.4,24,23.3,0.7,262,924,235,107,972,Premier League,2017-2018,26775906631723373
97,West Ham,27,38.0,11768,15935,73.9,231667,87798,5213,5997,86.9,4409,5433,81.2,1884,3829,49.2,29,25.3,7.7,268,879,230,75,960,Premier League,2017-2018,57680956417459581
98,Wolfsburg,29,34.0,12757,16363,78.0,264609,92068,4560,5336,85.5,5808,6825,85.1,2250,3776,59.6,26,25.2,0.8,245,938,208,66,1097,Bundesliga,2017-2018,85159484018358879
