Rk,Squad,# Pl,90s,Att,Pass Types: Live,Pass Types: Dead,Pass Types: FK,Pass Types: TB,Pass Types: Press,Pass Types: Sw,Pass Types: Crs,Pass Types: CK,Corner Kicks: In,Corner Kicks: Out,Corner Kicks: Str,Height: Ground,Height: Low,Height: High,Body Parts: Left,Body Parts: Right,Body Parts: Head,Body Parts: TI,Body Parts: Other,Outcomes: Cmp,Outcomes: Off,Outcomes: Out,Outcomes: Int,Outcomes: Blocks,League,Season,TeamID
1,Alavés,24,11.0,4024,3482,542,151,3,664,192,135,41,16,17,3,2275,589,1160,1062,2266,208,212,55,2999,18,101,124,122,La Liga,2021-2022,37745278530914180
2,Angers,22,12.0,5821,5279,542,163,4,802,221,112,63,15,32,1,4251,636,934,2084,3195,157,195,99,4892,13,92,138,117,Ligue 1,2021-2022,66587352409382849
3,Arminia,22,10.0,3922,3431,491,120,3,717,127,105,41,19,13,1,2141,611,1170,1014,2193,258,209,58,2822,8,89,100,111,Bundesliga,2021-2022,60726784699523350
4,Arsenal,26,10.0,4469,4043,426,94,6,658,114,89,53,19,19,7,3051,576,842,1825,2133,160,171,69,3627,17,67,112,90,Premier League,2021-2022,5838645288327307
5,Aston Villa,23,10.0,3920,3428,492,145,7,563,156,144,52,34,10,4,2363,568,989,1360,2002,195,182,58,2942,13,92,113,101,Premier League,2021-2022,14348480492050895
6,Atalanta,24,11.0,6012,5455,557,177,9,781,198,108,64,31,25,5,4114,873,1025,2102,3237,216,219,72,4916,15,105,156,150,Serie A,2021-2022,87465877057901989
7,Athletic Club,23,11.0,4653,4064,589,164,2,571,142,158,85,17,32,2,2821,679,1153,1069,2916,222,232,73,3508,20,114,158,133,La Liga,2021-2022,4823083458145023
8,Atlético Madrid,21,11.0,5795,5235,560,147,16,690,235,145,65,22,31,3,3915,808,1072,1450,3693,196,255,89,4761,24,111,180,130,La Liga,2021-2022,74713976168286555
9,Augsburg,24,10.0,3663,3144,519,109,3,638,142,110,41,16,22,0,1953,643,1067,766,2231,199,260,70,2571,25,95,138,118,Bundesliga,2021-2022,82828683183786310
10,Barcelona,27,11.0,7414,6830,584,187,18,948,185,190,76,24,17,1,5795,732,887,1588,5276,150,229,81,6483,17,79,155,113,La Liga,2021-2022,81744823723090567
11,Bayern Munich,22,10.0,6663,6195,468,121,18,976,154,131,52,29,15,1,5001,797,865,1960,4107,177,216,115,5641,17,80,222,130,Bundesliga,2021-2022,7510926916741648
12,Betis,29,12.0,6290,5735,555,175,8,851,159,130,58,20,21,2,4518,728,1044,2721,2964,189,222,71,5217,18,117,150,129,La Liga,2021-2022,9423348454032625
13,Bochum,24,10.0,3706,3188,518,122,6,575,153,123,36,16,11,1,1863,612,1231,1094,1902,212,246,60,2611,23,107,154,111,Bundesliga,2021-2022,26656491983030423
14,Bologna,24,11.0,4743,4241,502,164,3,734,147,123,54,30,9,1,3116,679,948,1174,3009,208,178,70,3880,3,69,110,106,Serie A,2021-2022,23275147453355121
15,Bordeaux,28,12.0,5590,4978,612,157,7,808,201,106,51,24,11,6,3800,720,1070,1343,3612,189,281,60,4535,11,106,172,129,Ligue 1,2021-2022,12683680850395737
16,Brentford,21,10.0,4001,3535,466,119,8,613,103,108,35,25,4,1,2259,620,1122,1131,2144,260,204,85,2863,18,87,153,118,Premier League,2021-2022,27125852983275500
17,Brest,22,12.0,5195,4608,587,143,8,820,199,161,55,27,16,4,3305,680,1210,1477,2956,215,264,89,4076,15,89,158,116,Ligue 1,2021-2022,27328509848090670
18,Brighton,21,10.0,5473,5060,413,81,7,757,155,101,53,16,27,1,3891,622,960,1295,3625,175,189,78,4475,13,89,146,142,Premier League,2021-2022,49072214318111932
19,Burnley,18,10.0,3728,3264,464,88,8,703,123,149,50,46,0,1,1750,671,1307,1171,1805,255,224,67,2556,28,85,104,121,Premier League,2021-2022,21823480134907726
20,Cádiz,26,12.0,3786,3186,600,144,5,605,155,176,53,19,21,2,1841,597,1348,726,2327,217,263,49,2533,17,111,132,130,La Liga,2021-2022,1007679934589500
21,Cagliari,26,11.0,4078,3569,509,148,4,506,104,128,38,15,16,1,2541,536,1001,1202,2336,149,193,65,3145,14,87,112,105,Serie A,2021-2022,32968728316179674
22,Celta Vigo,22,12.0,6117,5547,570,136,10,733,217,185,51,14,23,5,4111,884,1122,1836,3555,227,288,64,4895,23,122,153,148,La Liga,2021-2022,14218303985450920
23,Chelsea,25,10.0,5856,5436,420,117,21,783,93,119,54,35,6,3,4443,683,730,1224,4138,160,174,60,5006,18,52,146,110,Premier League,2021-2022,58172670324373785
24,Clermont Foot,20,12.0,6517,5931,586,158,8,882,197,142,69,29,26,2,4739,772,1006,1984,3952,184,239,71,5459,11,97,182,139,Ligue 1,2021-2022,54976968050746588
25,Crystal Palace,19,10.0,4956,4500,456,118,4,683,131,109,35,13,13,5,3345,656,955,1065,3263,196,210,86,4022,20,85,164,84,Premier League,2021-2022,15352059381074619
26,Dortmund,27,10.0,6371,5883,488,139,8,949,143,99,47,17,19,2,4760,725,886,1555,4236,192,220,70,5393,16,72,183,143,Bundesliga,2021-2022,6921931827204601
27,Eint Frankfurt,24,10.0,4787,4242,545,130,5,817,125,131,49,21,21,3,2958,723,1106,1758,2322,217,249,70,3559,12,114,201,134,Bundesliga,2021-2022,37929111009288632
28,Elche,23,12.0,5351,4716,635,191,3,761,180,142,50,22,20,2,3558,720,1073,1833,2901,161,249,102,4258,21,105,168,160,La Liga,2021-2022,30674441257210497
29,Empoli,24,11.0,4671,4077,594,164,4,722,110,153,59,14,28,5,3137,638,896,1159,2993,126,244,74,3647,33,86,141,137,Serie A,2021-2022,77726683749984272
30,Espanyol,27,12.0,4986,4376,610,177,6,606,161,127,74,27,32,0,3210,680,1096,1380,3026,186,206,79,3926,21,91,111,138,La Liga,2021-2022,71314269182841176
31,Everton,24,10.0,3361,2942,419,78,7,599,105,121,41,13,20,2,1920,517,924,956,1872,179,193,52,2464,8,106,116,127,Premier League,2021-2022,57482013681231466
32,Fiorentina,24,11.0,6084,5570,514,192,7,720,222,137,56,10,32,3,4333,763,988,2132,3424,169,188,67,5183,13,79,161,115,Serie A,2021-2022,24325362613855847
33,Freiburg,23,10.0,4248,3745,503,149,2,779,141,108,50,35,4,1,2574,611,1063,1208,2420,191,204,64,3203,15,102,105,130,Bundesliga,2021-2022,17577284562417651
34,Genoa,30,11.0,4724,4164,560,171,7,742,142,128,51,20,23,0,2944,695,1085,1390,2724,186,228,69,3630,21,94,142,117,Serie A,2021-2022,87033800759594150
35,Getafe,26,12.0,4638,4019,619,187,2,747,187,132,53,24,17,4,2636,632,1370,1427,2397,288,259,64,3418,15,103,132,144,La Liga,2021-2022,23789167582387071
36,Granada,25,11.0,3690,3182,508,151,5,565,124,111,35,14,13,5,2046,551,1093,946,2133,189,195,78,2686,14,99,101,116,La Liga,2021-2022,45137124328012624
37,Greuther Fürth,25,10.0,3949,3423,526,154,4,630,81,98,35,15,18,0,2343,574,1032,1147,2183,201,219,50,2902,17,92,129,120,Bundesliga,2021-2022,11035944553035865
38,Hellas Verona,24,11.0,4985,4510,475,132,2,765,102,102,41,13,15,5,3270,677,1038,1509,2833,250,185,74,3914,21,102,141,133,Serie A,2021-2022,45227680351245381
39,Hertha BSC,27,10.0,3942,3428,514,151,5,739,129,78,38,15,18,1,2371,617,954,956,2373,215,199,81,2974,20,81,121,105,Bundesliga,2021-2022,59737400018465050
40,Hoffenheim,22,10.0,5190,4672,518,126,6,822,163,139,51,25,7,3,3445,756,989,1223,3323,217,234,84,4173,16,96,143,136,Bundesliga,2021-2022,29322720181807625
41,Inter,23,11.0,5764,5273,491,138,7,793,215,151,61,22,27,4,4090,710,964,1436,3763,189,187,92,4843,13,61,166,111,Serie A,2021-2022,53198597771575973
42,Juventus,24,11.0,5454,4936,518,173,6,739,223,129,48,18,21,0,3733,760,961,1790,3110,151,194,83,4512,19,86,146,116,Serie A,2021-2022,19371054131726661
43,Köln,22,10.0,4820,4263,557,156,3,727,158,168,45,24,15,1,3007,711,1102,1603,2548,204,259,73,3732,17,98,147,152,Bundesliga,2021-2022,39731782814123330
44,Lazio,23,11.0,6448,5961,487,145,14,664,125,112,43,24,10,4,4785,792,871,1435,4431,204,186,73,5489,13,65,148,96,Serie A,2021-2022,90751438076496109
45,Leeds United,23,10.0,5029,4547,482,128,11,658,152,128,42,28,8,1,3357,749,923,2229,2251,188,198,99,4072,11,95,149,117,Premier League,2021-2022,34570153325607342
46,Leicester City,22,10.0,5169,4670,499,133,8,727,128,85,52,20,21,4,3692,615,862,1133,3488,182,196,61,4228,14,96,157,109,Premier League,2021-2022,18776461863573874
47,Lens,23,12.0,5911,5378,533,122,12,752,194,138,69,29,30,1,4215,736,960,1434,3819,214,233,98,4859,10,110,185,133,Ligue 1,2021-2022,74951719010833888
48,Levante,26,12.0,4456,3954,502,148,9,653,165,130,36,16,9,3,2789,740,927,851,3047,182,211,74,3496,16,100,137,120,La Liga,2021-2022,1566092639264277
49,Leverkusen,23,10.0,5116,4617,499,125,16,730,138,75,57,27,22,1,3585,763,768,1724,2894,133,196,86,4190,15,79,163,124,Bundesliga,2021-2022,36794408106212849
50,Lille,22,12.0,6060,5439,621,158,8,855,185,130,61,31,22,0,4236,872,952,1734,3616,204,289,83,4916,22,99,197,149,Ligue 1,2021-2022,85603837513355486
51,Liverpool,24,10.0,6253,5785,468,119,18,701,200,138,82,11,58,4,4531,744,978,1645,4091,180,191,72,5271,17,70,188,130,Premier League,2021-2022,41956650829873911
52,Lorient,25,12.0,5200,4653,547,138,7,847,202,113,46,18,13,6,3437,737,1026,1332,3325,167,227,63,4086,13,109,150,143,Ligue 1,2021-2022,37325341301512527
53,Lyon,25,12.0,7181,6627,554,141,20,815,187,121,59,20,18,4,5523,792,866,2002,4611,153,237,92,6200,17,87,190,100,Ligue 1,2021-2022,87005642993871754
54,M'Gladbach,22,10.0,5800,5265,535,153,11,825,144,89,58,22,21,7,4279,705,816,1122,4134,139,233,83,4871,19,63,158,117,Bundesliga,2021-2022,81611584009946193
55,Mainz 05,26,10.0,4052,3536,516,130,6,655,83,99,47,24,21,0,2289,658,1105,1224,2105,235,242,88,2915,15,81,105,112,Bundesliga,2021-2022,71158960989778912
56,Mallorca,27,12.0,4424,3807,617,195,10,700,140,111,48,11,11,2,2742,548,1134,1092,2663,217,233,80,3344,24,94,111,120,La Liga,2021-2022,96459977719332900
57,Manchester City,22,10.0,6583,6128,455,110,17,785,177,167,83,35,17,4,5070,651,862,2236,3822,178,198,77,5719,20,87,152,131,Premier League,2021-2022,74026506610392765
58,Manchester Utd,21,10.0,5455,5005,450,100,18,874,212,124,62,20,35,2,3988,698,769,1665,3316,143,186,60,4574,20,69,172,132,Premier League,2021-2022,29078730489839024
59,Marseille,23,12.0,7277,6704,573,174,12,953,211,126,56,31,17,1,5659,793,825,2298,4473,130,232,66,6380,17,88,171,113,Ligue 1,2021-2022,66190039714113630
60,Metz,29,12.0,5123,4544,579,168,5,588,160,120,50,14,24,1,3428,671,1024,1006,3450,191,230,88,4039,11,100,157,118,Ligue 1,2021-2022,14635757597311544
61,Milan,26,11.0,5594,5097,497,169,9,668,141,137,43,12,13,2,4010,684,900,1841,3247,149,185,66,4649,17,60,150,122,Serie A,2021-2022,59378513948613436
62,Monaco,25,12.0,7078,6491,587,155,12,984,174,142,62,22,35,2,5159,893,1026,2017,4365,224,262,92,5866,29,103,203,130,Ligue 1,2021-2022,79093238158793616
63,Montpellier,22,12.0,5481,4817,664,163,7,646,182,164,63,27,19,8,3446,853,1182,1317,3425,251,290,91,4298,15,130,168,137,Ligue 1,2021-2022,32434714471076965
64,Nantes,21,12.0,4650,4062,588,137,2,730,143,127,54,28,17,7,2859,671,1120,1289,2641,210,283,65,3491,12,120,157,132,Ligue 1,2021-2022,25802633648495862
65,Napoli,25,11.0,6574,6092,482,153,12,797,211,111,53,21,15,2,4921,781,872,2332,3748,159,195,62,5739,19,57,144,109,Serie A,2021-2022,10516137814401134
66,Newcastle Utd,22,10.0,3489,3036,453,113,7,551,128,112,41,20,21,0,2117,481,891,918,2069,166,169,46,2623,16,76,93,88,Premier League,2021-2022,29528772732587842
67,Nice,23,12.0,6334,5819,515,129,17,820,137,128,62,24,24,3,4564,738,1032,2117,3575,193,235,88,5251,19,98,180,108,Ligue 1,2021-2022,11720969662561653
68,Norwich City,22,10.0,4154,3653,501,134,6,726,130,98,43,31,10,1,2618,590,946,1291,2321,170,204,72,3240,7,75,96,106,Premier League,2021-2022,42809968147687487
69,Osasuna,26,12.0,4896,4248,648,154,4,866,213,180,59,18,30,4,2522,874,1500,1316,2624,335,318,55,3498,15,125,172,163,La Liga,2021-2022,83352675823776457
70,Paris S-G,27,12.0,8055,7536,519,147,19,915,149,134,61,27,11,1,6613,806,636,2678,4917,111,203,90,7231,19,66,211,117,Ligue 1,2021-2022,11177590892093073
71,Rayo Vallecano,25,12.0,4392,3830,562,159,3,877,171,158,40,22,13,0,2596,667,1129,1185,2518,223,253,73,3317,27,86,133,105,La Liga,2021-2022,75203699329351977
72,RB Leipzig,23,10.0,5242,4759,483,143,8,927,117,123,53,22,26,3,3476,725,1041,1009,3571,220,206,93,4197,16,80,153,145,Bundesliga,2021-2022,68159208261559796
73,Real Madrid,25,11.0,6649,6155,494,147,13,671,224,181,65,27,13,5,5022,735,892,1873,4301,149,181,76,5750,33,89,131,129,La Liga,2021-2022,29627131003986350
74,Real Sociedad,27,12.0,5738,5151,587,176,15,761,146,108,54,17,26,2,3932,725,1081,1975,3009,232,261,65,4702,21,112,153,139,La Liga,2021-2022,57299950304530590
75,Reims,25,12.0,5039,4424,615,172,7,668,169,125,58,25,20,4,3199,833,1007,1626,2742,205,276,88,3908,15,114,191,148,Ligue 1,2021-2022,67732085073987538
76,Rennes,26,12.0,6350,5799,551,119,11,799,203,137,80,29,36,7,4724,750,876,1887,3864,171,246,93,5401,15,82,184,127,Ligue 1,2021-2022,96819424452761337
77,Roma,24,11.0,5540,5020,520,173,12,636,165,138,74,43,25,1,3982,655,903,1255,3789,161,174,62,4653,14,59,111,109,Serie A,2021-2022,764736481564168
78,Saint-Étienne,28,12.0,5682,5042,640,172,5,804,234,157,61,27,25,2,3858,776,1048,1746,3244,224,276,80,4517,23,119,186,139,Ligue 1,2021-2022,56226069621228236
79,Salernitana,25,11.0,4219,3645,574,165,5,564,106,138,54,21,29,1,2419,653,1147,1401,2116,214,230,80,3070,14,67,133,146,Serie A,2021-2022,63444195793016658
80,Sampdoria,22,11.0,4682,4123,559,163,4,685,148,144,56,12,22,4,2753,714,1215,1259,2770,220,210,71,3520,29,86,130,137,Serie A,2021-2022,89407679695143145
81,Sassuolo,22,11.0,5863,5301,562,198,5,815,170,97,53,19,27,0,4334,707,822,1943,3450,152,174,59,4949,11,59,124,131,Serie A,2021-2022,79200252522790650
82,Sevilla,26,11.0,6431,5909,522,150,9,764,293,145,48,6,31,2,4615,715,1101,1997,3803,200,235,84,5480,18,120,128,82,La Liga,2021-2022,22702270477938803
83,Southampton,21,10.0,4396,3916,480,121,3,656,85,113,58,30,25,0,2879,578,939,947,2859,205,205,58,3354,4,88,113,116,Premier League,2021-2022,21037626007536306
84,Spezia,26,11.0,5114,4577,537,153,7,699,140,114,57,29,16,1,3430,691,993,1642,2900,180,215,77,4069,18,96,154,117,Serie A,2021-2022,41730244034743257
85,Strasbourg,23,12.0,5792,5218,574,140,10,645,218,172,59,16,32,5,3848,796,1148,1657,3500,178,250,76,4641,14,85,180,129,Ligue 1,2021-2022,92234479374253707
86,Stuttgart,28,10.0,5338,4827,511,128,4,835,115,94,45,8,24,2,3780,760,798,2384,2360,176,227,68,4388,11,83,148,130,Bundesliga,2021-2022,81761661302668293
87,Torino,26,11.0,5164,4690,474,135,8,777,161,127,43,13,20,1,3230,743,1191,1509,2952,230,212,69,4044,21,107,94,141,Serie A,2021-2022,21846272194836439
88,Tottenham,21,10.0,4898,4417,481,123,8,574,107,87,56,14,24,11,3497,552,849,1012,3367,167,189,42,4016,10,62,121,125,Premier League,2021-2022,22006624071753704
89,Troyes,28,12.0,4818,4243,575,169,11,668,150,126,42,25,15,0,3111,692,1015,1509,2731,155,228,89,3782,12,91,177,119,Ligue 1,2021-2022,57069542099991496
90,Udinese,21,11.0,4459,3933,526,149,5,585,92,95,51,20,18,7,3052,594,813,1237,2731,142,198,50,3548,15,70,127,101,Serie A,2021-2022,48393495896639342
91,Union Berlin,23,10.0,4208,3755,453,109,8,689,124,123,43,21,15,3,2581,613,1014,1011,2540,221,204,81,3142,16,113,127,118,Bundesliga,2021-2022,71630543971501382
92,Valencia,26,12.0,4427,3776,651,217,5,723,216,161,50,20,20,3,2427,734,1266,1182,2516,229,258,86,3260,13,113,118,126,La Liga,2021-2022,65158650443085242
93,Venezia,29,11.0,4552,4054,498,145,3,701,114,117,35,12,18,1,2946,627,979,1306,2660,150,205,96,3578,19,84,141,125,Serie A,2021-2022,94916874898547392
94,Villarreal,26,11.0,6273,5733,540,171,7,964,184,131,49,22,10,3,4834,655,784,2041,3700,149,216,75,5355,31,76,175,124,La Liga,2021-2022,63335634096533483
95,Watford,26,10.0,3781,3287,494,109,4,520,121,109,40,17,18,0,2152,602,1027,828,2316,207,225,64,2822,12,80,134,105,Premier League,2021-2022,73743918793554398
96,West Ham,18,10.0,4839,4410,429,70,5,629,142,140,61,36,20,2,3257,594,988,1416,2839,191,204,71,3875,13,86,95,117,Premier League,2021-2022,57680956417459581
97,Wolfsburg,24,10.0,5038,4548,490,131,4,665,185,138,46,31,5,1,3269,684,1085,2132,2283,205,218,57,4022,14,91,124,124,Bundesliga,2021-2022,85159484018358879
98,Wolves,18,10.0,4145,3744,401,96,7,567,146,105,41,6,20,4,2791,603,751,1315,2360,140,183,74,3358,18,77,133,101,Premier League,2021-2022,24001928852251903
1,Alavés,30,38.0,14169,12225,1944,600,25,2353,554,409,142,37,63,15,7717,2198,4254,4882,6622,930,801,186,10284,65,342,320,393,La Liga,2020-2021,37745278530914180
2,Angers,31,38.0,18713,16805,1908,555,42,2543,506,401,169,55,78,15,12885,2278,3550,6767,9941,549,820,307,15128,31,287,428,415,Ligue 1,2020-2021,66587352409382849
3,Arminia,26,34.0,14526,12866,1660,494,14,2462,504,290,117,57,37,3,8586,1869,4071,3810,8238,824,716,200,10707,45,321,300,398,Bundesliga,2020-2021,60726784699523350
4,Arsenal,29,38.0,21291,19664,1627,441,44,2547,522,519,206,78,69,15,15724,2442,3125,7857,11500,667,668,265,17802,56,315,367,453,Premier League,2020-2021,5838645288327307
5,Aston Villa,24,38.0,16556,14636,1920,590,18,2765,541,529,212,90,52,21,10098,2410,4048,5957,8163,790,778,234,12779,66,343,377,401,Premier League,2020-2021,14348480492050895
6,Atalanta,30,38.0,21836,20178,1658,510,36,2969,513,432,201,84,79,24,15957,2693,3186,7704,12059,696,687,231,18159,50,271,503,491,Serie A,2020-2021,87465877057901989
7,Athletic Club,27,38.0,17675,15643,2032,560,36,2368,663,543,198,66,65,12,10873,2885,3917,4787,10368,803,923,300,13694,63,389,429,522,La Liga,2020-2021,4823083458145023
8,Atlético Madrid,25,38.0,20602,18827,1775,491,45,2690,586,437,196,56,95,1,14468,2504,3630,5302,13187,718,734,236,16924,84,293,418,448,La Liga,2020-2021,74713976168286555
9,Augsburg,25,34.0,14074,12382,1692,501,25,2553,417,313,121,65,37,5,8272,2215,3587,3452,8495,714,686,291,10430,62,317,363,475,Bundesliga,2020-2021,82828683183786310
10,Barcelona,25,38.0,28517,26827,1690,545,91,3282,439,411,217,65,30,10,23440,2573,2504,10882,15913,516,641,294,25414,82,237,510,498,La Liga,2020-2021,81744823723090567
11,Bayern Munich,29,34.0,21940,20228,1712,476,47,2604,653,566,237,104,80,12,15920,2688,3332,7564,12357,670,727,285,18505,64,258,449,469,Bundesliga,2020-2021,7510926916741648
12,Benevento,29,38.0,15299,13378,1921,688,32,2106,423,409,169,52,86,10,9726,1912,3661,4919,8396,695,656,260,11710,56,272,313,384,Serie A,2020-2021,38159059008947812
13,Betis,25,38.0,19523,17631,1892,599,29,2563,588,425,184,44,79,9,13600,2349,3574,7425,10043,647,770,231,15938,57,324,365,427,La Liga,2020-2021,9423348454032625
14,Bologna,37,38.0,18456,16618,1838,538,40,2190,487,414,201,115,47,14,12476,2488,3492,3987,12286,768,694,283,14811,64,276,411,468,Serie A,2020-2021,23275147453355121
15,Bordeaux,28,38.0,19434,17526,1908,537,26,2642,536,373,175,69,43,27,13889,2254,3291,6144,11196,637,810,223,16031,37,313,360,421,Ligue 1,2020-2021,12683680850395737
16,Brest,26,38.0,19278,17342,1936,495,27,2453,594,488,179,89,35,13,12932,2600,3746,5306,11693,633,853,241,15584,55,382,381,427,Ligue 1,2020-2021,27328509848090670
17,Brighton,27,38.0,19456,17749,1707,404,37,2517,604,474,219,70,103,9,13156,2477,3823,4180,13006,762,766,278,15598,51,386,410,443,Premier League,2020-2021,49072214318111932
18,Burnley,25,38.0,15043,13300,1743,464,20,2604,530,441,172,140,13,9,7714,2341,4988,4842,7441,1043,715,223,10644,72,347,278,368,Premier League,2020-2021,21823480134907726
19,Cádiz,34,38.0,11925,10005,1920,589,18,1989,490,432,149,51,73,11,5799,2035,4091,2480,7137,717,734,175,8053,51,337,274,397,La Liga,2020-2021,1007679934589500
20,Cagliari,32,38.0,16793,14891,1902,569,14,2178,391,496,170,47,82,15,10769,2276,3748,4056,10651,595,754,275,13160,54,295,376,421,Serie A,2020-2021,32968728316179674
21,Celta Vigo,30,38.0,19156,17301,1855,554,43,2423,483,361,125,37,64,7,13090,2545,3521,5783,11235,692,767,269,15277,65,367,392,453,La Liga,2020-2021,14218303985450920
22,Chelsea,27,38.0,25151,23492,1659,399,40,2711,624,512,226,81,103,11,19251,2570,3330,5553,17570,703,727,250,21646,67,298,405,502,Premier League,2020-2021,58172670324373785
23,Crotone,31,38.0,17170,15355,1815,599,11,2594,382,370,138,66,20,9,11622,2086,3462,4757,10566,612,619,246,13666,46,295,366,397,Serie A,2020-2021,33431629624225246
24,Crystal Palace,24,38.0,15090,13268,1822,477,15,2428,290,345,151,62,49,18,9360,2129,3601,4030,8847,635,768,223,11391,65,254,385,450,Premier League,2020-2021,15352059381074619
25,Dijon,33,38.0,17866,15934,1932,497,23,2375,492,319,146,66,68,6,12194,2259,3413,4569,11161,650,829,290,14134,50,334,417,431,Ligue 1,2020-2021,59239312409540653
26,Dortmund,26,34.0,22343,20783,1560,400,59,2769,622,400,173,67,71,2,17093,2421,2829,6541,13943,596,674,272,18983,58,298,474,452,Bundesliga,2020-2021,6921931827204601
27,Eibar,30,38.0,16701,14658,2043,517,13,2764,777,614,197,92,91,9,8692,2738,5271,4812,8700,1190,989,252,11903,62,536,343,464,La Liga,2020-2021,67267904110326262
28,Eint Frankfurt,25,34.0,18416,16687,1729,443,32,2859,420,510,206,65,75,18,12384,2329,3703,5767,10319,799,716,266,14409,61,293,432,478,Bundesliga,2020-2021,37929111009288632
29,Elche,30,38.0,16952,15113,1839,537,9,2625,523,415,137,59,51,2,11209,2102,3641,4870,10203,530,720,247,13601,48,296,347,396,La Liga,2020-2021,30674441257210497
30,Everton,29,38.0,18248,16636,1612,429,31,2501,499,408,167,80,64,8,12346,2338,3564,5291,10909,668,660,242,14670,56,306,411,470,Premier League,2020-2021,57482013681231466
31,Fiorentina,30,38.0,17076,15156,1920,617,18,2135,591,469,168,30,101,18,11277,2230,3569,4228,10831,585,746,268,13589,54,255,302,456,Serie A,2020-2021,24325362613855847
32,Freiburg,24,34.0,15907,14247,1660,434,19,2419,487,444,123,54,42,8,9928,2401,3578,4947,8780,724,720,245,12336,47,276,302,454,Bundesliga,2020-2021,17577284562417651
33,Fulham,28,38.0,18859,17094,1765,472,20,2281,510,490,164,55,69,20,12963,2187,3709,4101,12580,723,782,254,15183,39,314,384,478,Premier League,2020-2021,19227944656237519
34,Genoa,34,38.0,17793,16012,1781,524,24,2339,516,350,129,43,59,3,11691,2290,3812,4239,11481,720,703,251,14014,73,269,334,437,Serie A,2020-2021,87033800759594150
35,Getafe,31,38.0,13413,11352,2061,604,7,2117,559,537,143,57,38,13,6276,2378,4759,3721,6716,1037,971,136,9017,64,374,320,449,La Liga,2020-2021,23789167582387071
36,Granada,34,38.0,13165,11237,1928,514,20,2238,415,381,127,52,39,7,7041,2055,4069,3285,7497,741,868,162,9247,67,390,309,454,La Liga,2020-2021,45137124328012624
37,Hellas Verona,32,38.0,17708,15831,1877,586,20,2658,389,459,185,65,90,16,10736,2747,4225,6106,9236,847,720,192,13339,100,360,424,508,Serie A,2020-2021,45227680351245381
38,Hertha BSC,32,34.0,16027,14278,1749,465,20,2149,553,396,152,47,61,14,10533,2146,3348,4795,9202,641,754,237,12623,74,286,330,435,Bundesliga,2020-2021,59737400018465050
39,Hoffenheim,30,34.0,18016,16289,1727,516,24,2611,533,440,156,52,58,5,12113,2447,3456,3224,12666,729,743,276,14462,41,309,376,496,Bundesliga,2020-2021,29322720181807625
40,Huesca,27,38.0,17400,15464,1936,606,12,2671,616,502,156,53,61,4,11191,2330,3879,5652,9505,763,783,261,13636,96,384,313,453,La Liga,2020-2021,16593090704373522
41,Inter,25,38.0,21593,19987,1606,453,31,2915,568,481,206,61,79,12,15977,2746,2870,5262,14525,572,649,262,18514,54,203,450,442,Serie A,2020-2021,53198597771575973
42,Juventus,30,38.0,23047,21409,1638,494,41,2696,580,517,221,50,112,14,17623,2531,2893,7539,13843,519,580,285,19971,73,240,441,412,Serie A,2020-2021,19371054131726661
43,Köln,28,34.0,15705,13976,1729,497,16,2392,449,428,135,57,49,7,9720,2374,3611,5340,8216,716,752,217,12038,53,314,359,475,Bundesliga,2020-2021,39731782814123330
44,Lazio,30,38.0,20724,19083,1641,470,41,2707,586,466,189,97,51,14,14312,2803,3609,5751,12897,713,651,304,17098,79,270,413,417,Serie A,2020-2021,90751438076496109
45,Leeds United,23,38.0,20042,18149,1893,468,48,2315,617,519,228,110,79,10,13396,2948,3698,8269,9481,755,808,376,15996,68,368,502,530,Premier League,2020-2021,34570153325607342
46,Leicester City,27,38.0,20572,18857,1715,475,46,2545,467,390,212,57,80,16,14407,2550,3615,4236,14161,791,731,239,16726,58,334,472,475,Premier League,2020-2021,18776461863573874
47,Lens,27,38.0,18909,17076,1833,494,27,2549,612,475,193,95,57,14,13248,2222,3439,5412,11336,688,785,219,15307,46,355,381,451,Ligue 1,2020-2021,74951719010833888
48,Levante,29,38.0,17838,16015,1823,509,30,2718,612,489,173,54,38,12,11836,2554,3448,4326,11549,608,765,293,14234,63,364,413,492,La Liga,2020-2021,1566092639264277
49,Leverkusen,30,34.0,21523,19893,1630,414,32,3004,581,427,183,60,70,9,15610,2625,3288,6603,12962,608,728,322,18002,60,246,412,467,Bundesliga,2020-2021,36794408106212849
50,Lille,21,38.0,21792,20004,1788,461,47,2506,601,367,184,75,85,16,15765,2514,3513,7068,12486,705,843,296,18028,59,298,495,447,Ligue 1,2020-2021,85603837513355486
51,Liverpool,28,38.0,25527,23768,1759,412,65,2960,732,571,255,53,131,17,18588,3048,3891,6175,17159,740,804,283,21527,60,266,486,563,Premier League,2020-2021,41956650829873911
52,Lorient,27,38.0,17013,15143,1870,481,33,2467,466,353,176,66,68,19,11169,2396,3448,3831,11182,608,802,229,13403,44,386,422,398,Ligue 1,2020-2021,37325341301512527
53,Lyon,29,38.0,21299,19445,1854,479,56,2705,537,515,232,49,86,14,15833,2351,3115,5034,14227,579,812,276,17819,56,289,481,483,Ligue 1,2020-2021,87005642993871754
54,M'Gladbach,23,34.0,18808,17129,1679,481,39,2615,466,336,175,51,90,19,13334,2332,3142,4369,12600,569,676,229,15337,72,221,423,453,Bundesliga,2020-2021,81611584009946193
55,Mainz 05,31,34.0,13642,11914,1728,428,23,2156,358,378,130,55,54,8,7907,2135,3600,3574,7807,671,805,305,9679,48,255,342,491,Bundesliga,2020-2021,71158960989778912
56,Manchester City,24,38.0,26689,25124,1565,426,60,2966,629,438,247,65,85,18,21198,2444,3047,9400,15438,620,653,246,23578,50,257,406,458,Premier League,2020-2021,74026506610392765
57,Manchester Utd,29,38.0,21960,20226,1734,434,52,2910,635,444,197,65,92,17,16585,2307,3068,6475,13619,576,755,222,18495,69,247,525,522,Premier League,2020-2021,29078730489839024
58,Marseille,31,38.0,20480,18509,1971,576,33,2402,592,446,174,93,59,12,14144,2614,3722,5766,12469,694,841,280,16646,46,355,421,456,Ligue 1,2020-2021,66190039714113630
59,Metz,27,38.0,16773,14996,1777,501,25,2357,594,431,160,44,68,10,11144,2111,3518,3033,11735,607,712,272,13269,44,356,332,369,Ligue 1,2020-2021,14635757597311544
60,Milan,29,38.0,19490,17804,1686,493,39,2312,527,430,213,101,68,10,14098,2135,3257,5759,11857,599,648,235,16046,83,261,409,408,Serie A,2020-2021,59378513948613436
61,Monaco,30,38.0,21885,20003,1882,519,59,2748,648,469,218,92,85,15,15692,2397,3796,6323,13350,696,822,238,17905,63,345,408,442,Ligue 1,2020-2021,79093238158793616
62,Montpellier,25,38.0,16555,14652,1903,484,27,2172,647,490,184,66,94,15,9997,2377,4181,3660,10513,713,810,359,12879,42,331,327,457,Ligue 1,2020-2021,32434714471076965
63,Nantes,25,38.0,16380,14438,1942,569,22,2123,463,414,178,87,70,15,10465,2165,3750,4948,9083,785,844,221,12440,48,353,364,442,Ligue 1,2020-2021,25802633648495862
64,Napoli,25,38.0,22092,20254,1838,620,37,2723,668,470,220,76,59,15,16485,2636,2971,6913,13547,439,696,245,18947,67,240,454,426,Serie A,2020-2021,10516137814401134
65,Newcastle Utd,27,38.0,14220,12438,1782,469,24,2177,456,400,160,60,62,17,8495,2044,3681,3910,8258,638,711,248,10617,49,276,333,422,Premier League,2020-2021,29528772732587842
66,Nice,31,38.0,21525,19716,1809,492,27,2815,595,404,168,80,51,7,16422,2335,2768,5266,14485,484,757,256,18220,37,346,449,414,Ligue 1,2020-2021,11720969662561653
67,Nîmes,33,38.0,16683,14614,2069,593,32,1925,644,389,161,68,59,17,10673,2411,3599,4397,10121,603,898,208,12874,46,376,365,409,Ligue 1,2020-2021,83514802313158576
68,Osasuna,28,38.0,14861,13014,1847,518,15,2508,596,510,117,42,48,8,7513,2460,4888,4197,7578,1118,826,193,10415,63,421,340,456,La Liga,2020-2021,83352675823776457
69,Paris S-G,33,38.0,26067,24426,1641,459,92,2707,455,539,219,103,47,6,21349,2324,2394,9214,15233,474,669,266,23091,58,252,507,373,Ligue 1,2020-2021,11177590892093073
70,Parma,42,38.0,18327,16553,1774,545,27,2222,619,407,154,41,62,19,12152,2400,3775,5187,11122,607,653,289,14930,73,249,346,424,Serie A,2020-2021,62695319081093388
71,RB Leipzig,25,34.0,21371,19712,1659,476,55,3163,408,427,184,67,77,14,15152,2692,3527,4647,14376,765,761,319,17673,72,278,472,477,Bundesliga,2020-2021,68159208261559796
72,Real Madrid,30,38.0,24054,22266,1788,507,47,2760,915,577,225,65,66,18,17813,2903,3338,6318,15856,498,756,371,20825,74,321,360,536,La Liga,2020-2021,29627131003986350
73,Real Sociedad,30,38.0,18740,16885,1855,548,42,2699,451,467,196,78,76,17,12681,2469,3590,6730,9662,831,819,209,14976,79,342,360,498,La Liga,2020-2021,57299950304530590
74,Reims,29,38.0,17171,15367,1804,457,23,2035,554,315,145,62,60,10,11703,2217,3251,5055,10252,509,759,243,13704,54,362,406,337,Ligue 1,2020-2021,67732085073987538
75,Rennes,32,38.0,23827,21960,1867,527,36,2814,634,515,198,84,89,8,17818,2636,3373,7668,13904,749,804,277,20158,28,312,458,494,Ligue 1,2020-2021,96819424452761337
76,Roma,31,38.0,20471,18797,1674,558,46,2487,547,437,219,82,105,7,15026,2436,3009,3446,15343,496,577,293,17066,50,214,437,452,Serie A,2020-2021,764736481564168
77,Saint-Étienne,40,38.0,17582,15546,2036,528,22,2412,635,451,191,73,79,18,11614,2294,3674,4950,10261,724,946,260,13803,39,432,383,451,Ligue 1,2020-2021,56226069621228236
78,Sampdoria,27,38.0,17627,15712,1915,603,20,2506,562,505,197,71,74,18,10884,2637,4106,5639,9797,678,757,279,13561,53,273,397,488,Serie A,2020-2021,89407679695143145
79,Sassuolo,28,38.0,23671,21973,1698,552,32,2849,428,403,208,67,73,24,18739,2254,2678,7695,14424,438,571,254,20547,50,230,408,449,Serie A,2020-2021,79200252522790650
80,Schalke 04,42,34.0,14667,12920,1747,490,23,2127,393,245,124,34,73,10,9457,2124,3086,4241,8520,547,712,249,11269,62,288,364,433,Bundesliga,2020-2021,24345039935475884
81,Sevilla,26,38.0,22824,21045,1779,517,30,2832,943,555,167,33,59,8,16144,2712,3968,6083,14491,713,795,264,19429,60,370,363,415,La Liga,2020-2021,22702270477938803
82,Sheffield Utd,27,38.0,15847,14196,1651,353,27,2235,470,438,170,90,39,23,9818,2151,3878,4856,8688,728,747,201,12057,60,324,307,393,Premier League,2020-2021,93216768512646707
83,Southampton,29,38.0,18761,16940,1821,498,40,3011,384,315,177,81,79,10,12609,2201,3951,3610,12838,855,804,253,14758,65,295,412,470,Premier League,2020-2021,21037626007536306
84,Spezia,35,38.0,19428,17545,1883,676,29,2802,708,413,150,16,83,8,12842,2647,3939,5847,11540,646,745,279,15637,73,347,415,431,Serie A,2020-2021,41730244034743257
85,Strasbourg,26,38.0,17085,15200,1885,456,27,2537,736,479,165,65,65,15,10380,2553,4152,5087,9650,662,872,267,13300,33,341,357,468,Ligue 1,2020-2021,92234479374253707
86,Stuttgart,29,34.0,17721,15993,1728,475,24,2605,432,382,155,46,65,26,12640,2087,2994,6187,9559,565,720,300,14259,49,266,432,491,Bundesliga,2020-2021,81761661302668293
87,Torino,29,38.0,17077,15169,1908,663,21,2333,666,489,170,38,102,8,11129,2089,3859,4671,10526,594,661,232,13471,51,272,315,407,Serie A,2020-2021,21846272194836439
88,Tottenham,24,38.0,19871,18080,1791,525,45,2405,511,332,168,98,42,17,13781,2543,3547,5222,12430,776,749,228,16142,41,223,442,420,Premier League,2020-2021,22006624071753704
89,Udinese,33,38.0,17469,15704,1765,582,19,2336,450,468,163,48,75,9,12041,2330,3098,4195,11499,497,653,274,14149,71,246,414,427,Serie A,2020-2021,48393495896639342
90,Union Berlin,27,34.0,15867,14264,1603,425,22,2380,437,391,141,57,68,9,9677,2390,3800,4421,9095,857,725,247,12041,75,361,356,450,Bundesliga,2020-2021,71630543971501382
91,Valencia,30,38.0,16456,14608,1848,589,21,2394,623,395,163,54,53,8,10480,2404,3572,3726,10656,673,667,251,12953,79,334,330,427,La Liga,2020-2021,65158650443085242
92,Valladolid,32,38.0,15333,13389,1944,581,19,2388,556,480,145,46,41,7,8885,2256,4192,4068,8946,781,794,235,11338,63,373,343,471,La Liga,2020-2021,44089518275887893
93,Villarreal,29,38.0,20981,19182,1799,540,51,2929,604,466,160,56,34,2,15265,2545,3171,7186,11794,642,712,295,17601,80,309,376,476,La Liga,2020-2021,63335634096533483
94,Werder Bremen,27,34.0,15388,13650,1738,544,13,2279,449,315,116,32,59,10,9519,2182,3687,4287,8931,717,707,269,11769,57,278,392,412,Bundesliga,2020-2021,59303898890876434
95,West Brom,30,38.0,13646,11883,1763,470,24,2092,394,404,144,68,28,17,7571,1915,4160,3254,8007,797,728,254,9743,62,337,317,392,Premier League,2020-2021,26775906631723373
96,West Ham,24,38.0,16360,14672,1688,405,21,2338,469,500,167,81,65,9,10183,2243,3934,4548,9559,730,737,221,12533,69,291,377,437,Premier League,2020-2021,57680956417459581
97,Wolfsburg,26,34.0,17140,15477,1663,433,25,2528,529,428,176,84,59,1,11039,2458,3643,7450,7428,808,763,255,13255,67,308,402,495,Bundesliga,2020-2021,85159484018358879
98,Wolves,27,38.0,18662,16908,1754,452,32,2506,590,501,208,59,72,10,12249,2783,3630,5203,11391,663,731,238,15234,34,292,357,446,Premier League,2020-2021,24001928852251903
1,Alavés,32,38.0,13753,11751,2002,544,25,2598,458,373,136,42,51,11,6874,2348,4531,4294,6628,1070,876,203,9724,58,408,199,385,La Liga,2019-2020,37745278530914180
2,Amiens,27,28.0,12663,11208,1455,351,20,2230,353,297,107,46,30,6,7759,1988,2916,3950,6993,522,667,169,9777,31,263,216,336,Ligue 1,2019-2020,20069478421376018
3,Angers,26,28.0,13346,11917,1429,357,25,2066,378,355,146,39,83,15,8445,2088,2813,4679,7075,473,643,185,10616,24,224,241,337,Ligue 1,2019-2020,66587352409382849
4,Arsenal,29,38.0,19802,17930,1872,490,36,3510,528,478,231,66,75,36,13732,2777,3293,6362,11512,608,753,286,16349,63,321,258,512,Premier League,2019-2020,5838645288327307
5,Aston Villa,28,38.0,15353,13360,1993,558,20,2717,590,492,200,106,37,13,8757,2527,4069,5444,7695,697,788,253,11530,60,379,218,402,Premier League,2019-2020,14348480492050895
6,Atalanta,30,38.0,21650,19792,1858,574,50,3290,562,486,248,69,116,31,15276,2960,3414,6428,13169,665,713,282,18078,39,320,272,487,Serie A,2019-2020,87465877057901989
7,Athletic Club,26,38.0,16607,14664,1943,518,30,2732,652,474,178,60,63,22,9260,3033,4314,4000,9898,929,874,277,12589,70,437,210,417,La Liga,2019-2020,4823083458145023
8,Atlético Madrid,30,38.0,17595,15679,1916,514,49,2731,429,420,183,46,86,20,10695,2609,4291,4090,10967,914,836,226,13709,100,314,222,420,La Liga,2019-2020,74713976168286555
9,Augsburg,28,34.0,12212,10465,1747,443,36,2242,420,285,133,39,55,24,6265,2321,3626,2948,7139,710,772,226,8618,71,325,213,437,Bundesliga,2019-2020,82828683183786310
10,Barcelona,28,38.0,28212,26484,1728,576,109,3916,571,362,185,90,30,3,21537,3652,3023,10123,16258,640,637,307,24981,78,259,419,509,La Liga,2019-2020,81744823723090567
11,Bayern Munich,29,34.0,24240,22533,1707,444,67,3599,703,648,239,72,84,35,17276,3477,3487,6844,15299,707,769,323,20739,68,316,352,488,Bundesliga,2019-2020,7510926916741648
12,Betis,27,38.0,19618,17546,2072,701,35,3058,632,454,185,53,50,9,13183,2895,3540,7646,9874,674,802,275,16291,67,336,222,463,La Liga,2019-2020,9423348454032625
13,Bologna,31,38.0,18276,16296,1980,618,37,2905,503,468,228,131,26,23,12220,2500,3556,4700,11420,692,737,302,14641,77,344,274,494,Serie A,2019-2020,23275147453355121
14,Bordeaux,26,28.0,14986,13606,1380,393,22,2851,364,234,137,60,44,23,10567,1787,2632,3217,10278,488,543,161,12356,35,241,221,295,Ligue 1,2019-2020,12683680850395737
15,Bournemouth,27,38.0,15973,14132,1841,456,47,3017,355,398,194,92,55,16,9058,2918,3997,4711,8799,888,791,253,11943,54,363,241,496,Premier League,2019-2020,36088947257895306
16,Brescia,32,38.0,14650,12578,2072,649,17,2415,521,428,160,23,76,23,8448,2573,3629,3575,9086,557,781,321,11010,60,335,265,460,Serie A,2019-2020,24926529561002350
17,Brest,24,28.0,13961,12482,1479,339,23,2409,499,374,115,56,30,5,8729,2323,2909,3434,8819,483,719,221,11090,29,275,226,340,Ligue 1,2019-2020,27328509848090670
18,Brighton,25,38.0,19549,17758,1791,397,29,3508,644,492,178,65,66,31,12239,3308,4002,3985,13135,792,849,339,15696,66,372,308,507,Premier League,2019-2020,49072214318111932
19,Burnley,22,38.0,14227,12383,1844,421,28,2763,476,410,170,151,5,4,6869,2503,4855,4411,7168,847,861,255,9925,79,394,179,412,Premier League,2019-2020,21823480134907726
20,Cagliari,33,38.0,16870,14943,1927,566,28,2380,576,488,154,50,61,22,10195,2570,4105,4371,10530,621,750,261,13303,49,321,224,432,Serie A,2019-2020,32968728316179674
21,Celta Vigo,30,38.0,18402,16451,1951,598,30,3381,495,414,176,51,70,22,11967,2691,3744,5916,10346,692,750,240,14692,60,317,239,504,La Liga,2019-2020,14218303985450920
22,Chelsea,27,38.0,24532,22698,1834,399,41,4316,740,567,248,85,87,22,17110,3396,4026,4351,17936,723,868,255,20665,61,321,262,517,Premier League,2019-2020,58172670324373785
23,Crystal Palace,25,38.0,15940,13980,1960,509,16,3107,435,364,177,105,46,11,9554,2586,3800,3945,9627,677,873,279,12142,49,337,279,463,Premier League,2019-2020,15352059381074619
24,Dijon,28,28.0,12893,11455,1438,384,19,2235,397,277,121,34,54,16,8103,1931,2859,3537,7649,457,617,252,10176,28,236,225,313,Ligue 1,2019-2020,59239312409540653
25,Dortmund,27,34.0,24010,22415,1595,410,51,3544,632,366,188,48,77,18,17836,3349,2825,6454,15710,625,693,291,20781,44,292,363,469,Bundesliga,2019-2020,6921931827204601
26,Düsseldorf,28,34.0,15049,13318,1731,496,23,2672,651,441,149,29,79,18,8553,2649,3847,4089,8777,770,731,262,11476,52,348,220,419,Bundesliga,2019-2020,6414184432322702
27,Eibar,26,38.0,15315,13212,2103,539,16,2740,711,556,189,71,87,12,6949,2787,5579,3509,8562,1239,1012,220,10623,64,515,171,426,La Liga,2019-2020,67267904110326262
28,Eint Frankfurt,27,34.0,16463,14655,1808,458,25,3002,484,561,214,56,112,18,9227,3028,4208,4907,9105,863,811,244,12408,47,332,255,532,Bundesliga,2019-2020,37929111009288632
29,Espanyol,31,38.0,16181,14262,1919,551,36,2533,519,441,155,49,63,19,8778,2859,4544,4884,8689,968,803,242,12032,53,406,203,427,La Liga,2019-2020,71314269182841176
30,Everton,24,38.0,17176,15298,1878,463,42,2854,608,501,203,92,79,18,10253,2893,4030,4826,9869,775,842,266,13239,48,377,260,540,Premier League,2019-2020,57482013681231466
31,Fiorentina,33,38.0,17131,15272,1859,575,32,2622,590,467,211,67,94,20,11298,2482,3351,4350,10941,530,705,331,13792,37,316,235,445,Serie A,2019-2020,24325362613855847
32,Freiburg,26,34.0,15509,13684,1825,461,25,2825,483,387,151,87,32,13,9266,2630,3613,4574,8789,688,765,281,12120,50,292,220,448,Bundesliga,2019-2020,17577284562417651
33,Genoa,34,38.0,18085,16124,1961,559,21,3162,531,486,166,40,71,12,11736,2523,3826,4305,11625,647,783,265,14405,49,259,223,480,Serie A,2019-2020,87033800759594150
34,Getafe,30,38.0,13358,11109,2249,642,12,2476,620,558,183,39,66,9,5274,2821,5263,3437,6677,1205,1092,128,8444,97,448,196,544,La Liga,2019-2020,23789167582387071
35,Granada,27,38.0,13965,11990,1975,583,18,2640,530,405,162,54,55,15,7190,2429,4346,3782,7685,852,822,219,9933,56,454,188,458,La Liga,2019-2020,45137124328012624
36,Hellas Verona,30,38.0,17453,15523,1930,560,38,2947,438,495,207,87,87,24,10511,2909,4033,4830,10404,795,730,189,13381,85,380,257,500,Serie A,2019-2020,45227680351245381
37,Hertha BSC,32,34.0,14845,13188,1657,428,23,2503,560,382,125,31,73,9,8715,2520,3610,4366,8365,650,741,258,11480,49,283,200,426,Bundesliga,2019-2020,59737400018465050
38,Hoffenheim,31,34.0,17961,16235,1726,473,39,3394,413,362,174,43,97,20,11735,2799,3427,4186,11702,678,698,318,14589,51,299,215,432,Bundesliga,2019-2020,29322720181807625
39,Inter,29,38.0,20754,18987,1767,471,40,3014,668,542,234,79,55,25,14000,3273,3481,4972,13863,565,700,355,17321,85,242,279,526,Serie A,2019-2020,53198597771575973
40,Juventus,30,38.0,23375,21586,1789,511,55,3134,701,440,235,67,93,23,17145,3291,2939,7967,13608,494,711,347,20306,67,271,260,487,Serie A,2019-2020,19371054131726661
41,Köln,29,34.0,14923,13131,1792,479,26,2897,456,429,175,74,67,18,8449,2464,4010,5176,7611,742,737,183,11292,65,321,237,412,Bundesliga,2019-2020,39731782814123330
42,Lazio,27,38.0,19310,17661,1649,449,60,2832,642,512,218,72,88,19,13312,2736,3262,5112,12440,589,608,262,16035,61,224,287,447,Serie A,2019-2020,90751438076496109
43,Lecce,30,38.0,17086,15243,1843,568,20,2578,598,582,183,7,31,6,10731,2698,3657,5775,9595,487,594,330,13757,59,252,242,455,Serie A,2019-2020,92912790925867566
44,Leganés,29,38.0,14585,12591,1994,569,28,2460,577,521,157,36,85,10,7346,2604,4635,4206,7742,927,885,244,10467,69,417,201,415,La Liga,2019-2020,20237473683555152
45,Leicester City,24,38.0,21149,19239,1910,490,63,3443,566,475,221,55,106,21,14241,3153,3755,4775,14115,721,878,254,17329,55,361,291,518,Premier League,2019-2020,18776461863573874
46,Levante,29,38.0,16087,14156,1931,546,52,2468,626,444,189,75,47,19,9578,2893,3616,4417,9649,677,748,274,12463,78,391,187,431,La Liga,2019-2020,1566092639264277
47,Leverkusen,24,34.0,22816,21030,1786,476,55,3927,549,426,215,100,66,31,16081,3373,3362,7615,13160,610,784,312,19160,79,291,344,519,Bundesliga,2019-2020,36794408106212849
48,Lille,25,28.0,14068,12613,1455,388,25,2324,375,321,154,62,62,8,9374,2055,2639,4468,7926,506,658,211,11307,55,266,199,356,Ligue 1,2019-2020,85603837513355486
49,Liverpool,24,38.0,25110,23231,1879,437,92,3723,882,569,256,60,122,13,16785,3604,4721,5544,17096,885,877,270,20887,48,390,303,541,Premier League,2019-2020,41956650829873911
50,Lyon,27,28.0,15881,14547,1334,355,26,2647,492,356,129,66,28,3,11066,2243,2572,3736,10538,481,603,227,13379,22,220,224,318,Ligue 1,2019-2020,87005642993871754
51,M'Gladbach,25,34.0,17921,16164,1757,489,56,2907,444,387,171,50,55,36,11629,2975,3317,4216,11725,605,740,249,14479,79,231,314,445,Bundesliga,2019-2020,81611584009946193
52,Mainz 05,25,34.0,13844,12065,1779,440,32,2466,447,383,174,57,92,16,8041,2365,3438,3717,8113,556,752,330,10302,57,268,222,403,Bundesliga,2019-2020,71158960989778912
53,Mallorca,32,38.0,15603,13645,1958,576,10,3022,452,454,171,58,57,11,9363,2527,3713,3421,9881,699,789,302,11932,51,345,224,455,La Liga,2019-2020,96459977719332900
54,Manchester City,24,38.0,27673,26098,1575,353,106,4129,807,617,297,101,63,26,21037,3349,3287,10236,15451,682,686,289,24266,63,274,347,535,Premier League,2019-2020,74026506610392765
55,Manchester Utd,29,38.0,21170,19343,1827,470,43,3648,614,392,202,72,70,20,15138,2857,3175,5731,13433,596,817,249,17542,52,308,337,564,Premier League,2019-2020,29078730489839024
56,Marseille,23,28.0,14652,13251,1401,384,31,2289,396,340,151,42,67,24,9813,2262,2577,3112,9882,490,651,211,12013,20,228,213,338,Ligue 1,2019-2020,66190039714113630
57,Metz,24,28.0,12397,11061,1336,363,18,2173,319,303,117,47,44,13,7874,1680,2843,2580,8235,445,574,197,9635,29,259,203,296,Ligue 1,2019-2020,14635757597311544
58,Milan,32,38.0,20763,18897,1866,552,40,3059,526,505,208,81,76,7,14114,3114,3535,8213,10506,588,743,298,17281,52,260,302,438,Serie A,2019-2020,59378513948613436
59,Monaco,28,28.0,14370,13005,1365,409,45,2362,407,345,132,37,69,6,9597,2237,2536,4040,8895,422,542,222,11748,40,223,233,339,Ligue 1,2019-2020,79093238158793616
60,Montpellier,27,28.0,12594,11160,1434,418,20,2156,513,391,129,66,44,11,7048,2273,3273,2874,7931,530,594,291,9682,35,285,223,360,Ligue 1,2019-2020,32434714471076965
61,Nantes,29,28.0,13416,11976,1440,386,21,2329,343,280,150,61,57,12,8787,1856,2773,4560,7101,591,647,204,10599,40,256,251,312,Ligue 1,2019-2020,25802633648495862
62,Napoli,25,38.0,24509,22647,1862,606,54,3587,690,576,222,72,97,13,17943,3383,3183,7993,14803,504,709,270,21244,43,267,285,514,Serie A,2019-2020,10516137814401134
63,Newcastle Utd,28,38.0,14206,12436,1770,476,24,2793,563,383,151,61,58,12,8013,2145,4048,4099,7994,687,709,199,10500,70,309,228,382,Premier League,2019-2020,29528772732587842
64,Nice,31,28.0,15539,14198,1341,396,29,2110,409,260,131,45,51,11,11824,1867,1848,5288,9104,274,522,195,13378,20,257,241,279,Ligue 1,2019-2020,11720969662561653
65,Nîmes,28,28.0,11140,9521,1619,458,22,1765,403,322,143,47,71,15,6018,2027,3095,3813,5466,580,730,149,8170,34,242,168,347,Ligue 1,2019-2020,83514802313158576
66,Norwich City,30,38.0,18286,16433,1853,462,38,3625,466,259,162,66,78,10,12107,2918,3261,5432,10795,649,767,285,14610,44,348,275,448,Premier League,2019-2020,42809968147687487
67,Osasuna,31,38.0,15680,13644,2036,533,31,2645,629,533,179,62,71,7,7507,3255,4918,4783,7853,1162,925,254,11102,67,448,226,487,La Liga,2019-2020,83352675823776457
68,Paderborn 07,27,34.0,15062,13187,1875,422,19,2758,557,313,176,60,76,16,9166,2523,3373,3752,9169,618,885,325,11645,47,317,269,500,Bundesliga,2019-2020,13210847894253626
69,Paris S-G,31,27.0,18987,17764,1223,316,73,2781,358,414,181,83,42,10,14842,2358,1787,6531,11306,316,508,182,16845,49,186,275,319,Ligue 1,2019-2020,11177590892093073
70,Parma,25,38.0,15701,13798,1903,527,31,2320,623,419,165,68,49,20,9392,2500,3809,4939,8827,570,734,209,12330,54,304,273,400,Serie A,2019-2020,62695319081093388
71,RB Leipzig,29,34.0,19986,18285,1701,467,54,3171,456,405,188,80,65,16,13338,3279,3369,4466,13372,730,739,325,16395,69,285,321,506,Bundesliga,2019-2020,68159208261559796
72,Real Madrid,26,38.0,23814,21985,1829,539,58,3105,1052,608,193,43,70,12,16697,3193,3924,5513,16135,707,785,378,20329,68,352,302,479,La Liga,2019-2020,29627131003986350
73,Real Sociedad,27,38.0,19938,17963,1975,600,35,3360,485,488,180,84,35,16,13156,2890,3892,7018,10366,877,868,231,16055,68,377,279,508,La Liga,2019-2020,57299950304530590
74,Reims,26,28.0,13063,11595,1468,416,30,2315,468,344,142,30,76,15,8337,2132,2594,4867,6645,433,651,198,10361,40,266,256,318,Ligue 1,2019-2020,67732085073987538
75,Rennes,26,28.0,13053,11646,1407,403,22,2284,433,295,124,53,44,15,8216,2010,2827,4346,7031,512,628,194,10454,36,218,215,324,Ligue 1,2019-2020,96819424452761337
76,Roma,31,38.0,19367,17576,1791,527,61,3043,634,492,265,60,137,26,13431,2607,3329,4963,12579,525,662,295,16108,36,285,246,449,Serie A,2019-2020,764736481564168
77,Saint-Étienne,31,28.0,13003,11534,1469,371,17,2301,455,349,140,72,38,20,7961,2231,2811,3682,7594,537,675,148,10086,36,299,240,322,Ligue 1,2019-2020,56226069621228236
78,Sampdoria,31,38.0,15816,13919,1897,558,19,2587,527,521,195,82,70,10,9200,2640,3976,5767,7989,683,734,238,12022,47,279,242,433,Serie A,2019-2020,89407679695143145
79,Sassuolo,31,38.0,21783,19918,1865,620,64,3342,458,321,207,100,67,20,16337,2732,2714,7143,13036,421,675,274,18697,58,305,311,430,Serie A,2019-2020,79200252522790650
80,Schalke 04,29,34.0,15680,13921,1759,447,35,2776,404,303,152,12,101,16,9390,2531,3759,4187,9435,631,802,208,12189,77,314,242,454,Bundesliga,2019-2020,24345039935475884
81,Sevilla,26,38.0,21508,19538,1970,552,46,2923,952,634,229,68,86,6,13919,3382,4207,4827,14267,827,835,291,17667,78,414,253,526,La Liga,2019-2020,22702270477938803
82,Sheffield Utd,26,38.0,16407,14595,1812,374,22,3094,626,528,212,142,29,15,8796,2923,4688,5108,8606,953,880,185,12052,72,448,204,498,Premier League,2019-2020,93216768512646707
83,Southampton,25,38.0,16900,14943,1957,448,40,3214,479,427,209,89,84,26,9389,2865,4646,3119,10989,1043,947,213,12482,51,404,247,441,Premier League,2019-2020,21037626007536306
84,SPAL,34,38.0,16904,14978,1926,603,19,2709,421,468,158,61,61,11,10446,2667,3791,4544,10287,698,697,299,13452,42,310,166,447,Serie A,2019-2020,73622612860183040
85,Strasbourg,25,27.0,12757,11432,1325,342,16,2372,566,380,128,44,57,7,7957,1994,2806,3514,7663,439,595,194,10203,28,239,190,304,Ligue 1,2019-2020,92234479374253707
86,Torino,27,38.0,16200,14238,1962,614,22,2492,647,585,179,48,36,10,9838,2336,4026,3238,10955,604,707,190,12628,56,330,238,438,Serie A,2019-2020,21846272194836439
87,Tottenham,29,38.0,19704,17883,1821,464,48,3313,496,387,199,92,52,24,13099,2949,3656,5408,12079,739,784,225,15794,62,266,314,488,Premier League,2019-2020,22006624071753704
88,Toulouse,30,28.0,12237,10820,1417,342,14,2211,278,346,123,38,63,15,7650,1947,2640,2696,8050,439,581,165,9433,27,237,229,290,Ligue 1,2019-2020,94523000561782573
89,Udinese,25,38.0,17002,15220,1782,474,22,2469,537,512,198,76,48,5,11023,2528,3451,5046,10119,548,664,278,13535,57,271,227,436,Serie A,2019-2020,48393495896639342
90,Union Berlin,26,34.0,13395,11649,1746,446,16,2662,292,388,137,67,55,8,6384,2834,4177,3291,7426,943,796,264,9503,59,386,215,464,Bundesliga,2019-2020,71630543971501382
91,Valencia,28,38.0,18059,16180,1879,595,24,2741,651,485,169,49,74,13,11646,2641,3772,4544,11484,648,687,322,14565,90,370,236,373,La Liga,2019-2020,65158650443085242
92,Valladolid,30,38.0,15246,13252,1994,582,28,2566,601,450,161,53,51,16,8442,2604,4200,4257,8683,814,804,230,11236,67,405,197,425,La Liga,2019-2020,44089518275887893
93,Villarreal,25,38.0,19925,18049,1876,511,47,2792,747,467,147,40,58,12,12949,3052,3924,7290,10444,761,804,277,16361,65,336,247,425,La Liga,2019-2020,63335634096533483
94,Watford,26,38.0,15407,13605,1802,405,30,2720,493,488,167,68,50,25,8171,2848,4388,3828,9042,861,835,208,11208,62,299,247,428,Premier League,2019-2020,73743918793554398
95,Werder Bremen,30,34.0,16581,14729,1852,535,19,2975,469,386,159,70,63,15,10034,2793,3754,4628,9879,686,747,261,12979,50,288,229,495,Bundesliga,2019-2020,59303898890876434
96,West Ham,29,38.0,16488,14651,1837,439,35,3153,501,470,190,94,53,25,9317,2744,4427,4629,9427,769,816,223,12388,56,308,250,533,Premier League,2019-2020,57680956417459581
97,Wolfsburg,26,34.0,15547,13734,1813,450,32,2670,513,417,166,35,80,15,8733,2915,3899,5568,7511,834,878,265,11716,65,312,272,499,Bundesliga,2019-2020,85159484018358879
98,Wolves,21,38.0,17895,16118,1777,403,34,3044,705,476,193,41,83,12,10117,3312,4466,3843,11601,863,821,237,14072,45,328,255,470,Premier League,2019-2020,24001928852251903
1,Alavés,26,38.0,13919,11967,1952,585,13,2116,433,507,145,27,25,5,7233,2154,4532,4582,6759,1034,805,182,9814,48,388,253,417,La Liga,2018-2019,37745278530914180
2,Amiens,26,38.0,16181,14162,2019,565,20,2690,439,387,138,7,15,4,9815,2235,4131,4139,9528,922,908,175,12031,54,401,268,442,Ligue 1,2018-2019,20069478421376018
3,Angers,24,38.0,16742,14910,1832,494,43,2910,396,367,165,18,29,4,11036,2035,3671,4874,9642,813,795,245,13020,44,300,259,408,Ligue 1,2018-2019,66587352409382849
4,Arsenal,28,38.0,22178,20240,1938,540,76,3240,580,473,210,32,56,7,16124,2800,3254,6548,13411,779,821,304,18313,77,330,538,541,Premier League,2018-2019,5838645288327307
5,Atalanta,27,38.0,22052,20093,1959,565,64,3441,613,500,241,35,24,17,15984,2678,3390,6438,13412,821,810,245,18178,62,324,371,501,Serie A,2018-2019,87465877057901989
6,Athletic Club,27,38.0,17393,15493,1900,567,29,2768,554,524,154,10,19,4,10169,2749,4475,3923,10806,1071,833,208,13267,68,406,287,452,La Liga,2018-2019,4823083458145023
7,Atlético Madrid,29,38.0,19034,17293,1741,453,58,3353,443,396,215,16,24,11,12563,2625,3846,6140,10582,931,716,206,15143,69,283,370,463,La Liga,2018-2019,74713976168286555
8,Augsburg,30,34.0,15094,13433,1661,402,21,2776,488,396,147,8,25,1,8855,2199,4040,3879,8795,1058,743,239,11138,76,388,262,456,Bundesliga,2018-2019,82828683183786310
9,Barcelona,30,38.0,26734,25016,1718,568,117,4148,583,380,202,35,23,4,21255,2663,2816,9059,15803,682,652,327,23464,93,233,465,477,La Liga,2018-2019,81744823723090567
10,Bayern Munich,24,34.0,23861,22275,1586,379,68,3773,810,594,285,25,36,20,17820,2404,3637,6288,15522,839,700,264,20506,81,297,304,453,Bundesliga,2018-2019,7510926916741648
11,Betis,25,38.0,22819,21007,1812,616,60,3395,593,452,187,19,27,6,17055,2630,3134,9068,11943,642,645,292,19506,66,290,362,440,La Liga,2018-2019,9423348454032625
12,Bologna,29,38.0,16034,14024,2010,549,32,2553,443,471,201,46,10,14,9736,2275,4023,3970,9588,842,824,312,12116,68,346,256,480,Serie A,2018-2019,23275147453355121
13,Bordeaux,33,38.0,18550,16628,1922,533,29,3187,533,407,171,39,12,0,12412,2507,3631,4502,11793,850,821,224,14650,46,315,345,462,Ligue 1,2018-2019,12683680850395737
14,Bournemouth,28,38.0,17433,15487,1946,513,35,2861,415,453,189,28,33,7,11493,2358,3582,5103,9973,855,823,280,13480,52,388,441,497,Premier League,2018-2019,36088947257895306
15,Brighton,21,38.0,15704,13887,1817,333,22,2433,700,408,154,51,35,6,8881,2492,4331,3678,9471,928,871,207,11586,87,395,369,415,Premier League,2018-2019,49072214318111932
16,Burnley,23,38.0,14609,12729,1880,397,30,2617,496,453,138,63,13,9,7264,2316,5029,4349,7415,1076,890,182,10157,96,440,281,394,Premier League,2018-2019,21823480134907726
17,Caen,27,38.0,15493,13537,1956,539,17,2688,639,368,125,8,15,3,8973,2159,4361,4170,8883,859,885,261,11523,39,408,255,382,Ligue 1,2018-2019,21277886218272520
18,Cagliari,30,38.0,18873,16877,1996,537,14,3283,554,491,189,24,30,6,11294,2720,4859,3592,12596,976,817,343,14565,55,374,286,469,Serie A,2018-2019,32968728316179674
19,Cardiff City,25,38.0,11620,9803,1817,429,18,2166,355,381,167,56,27,8,5328,1713,4579,2691,6332,930,794,107,7220,70,407,306,370,Premier League,2018-2019,69924771535350567
20,Celta Vigo,28,38.0,18785,16952,1833,544,29,2808,526,447,159,22,15,6,12575,2528,3682,5231,11383,882,686,232,15122,81,327,306,394,La Liga,2018-2019,14218303985450920
21,Chelsea,24,38.0,26480,24699,1781,463,61,3789,687,494,215,52,48,10,20227,2923,3330,4977,19508,693,753,298,22838,75,322,539,503,Premier League,2018-2019,58172670324373785
22,Chievo,36,38.0,16534,14685,1849,522,23,2616,570,461,128,9,17,1,9760,2403,4371,4502,9701,880,748,254,12555,66,377,292,438,Serie A,2018-2019,83748145049842906
23,Crystal Palace,26,38.0,16642,14750,1892,442,44,2749,403,402,205,46,35,16,10820,2180,3642,5204,9308,634,808,242,12739,69,322,394,472,Premier League,2018-2019,15352059381074619
24,Dijon,26,38.0,16945,15080,1865,474,30,2806,537,375,165,16,21,14,10749,2157,4039,4680,9984,777,803,255,13058,51,389,225,433,Ligue 1,2018-2019,59239312409540653
25,Dortmund,23,34.0,22100,20430,1670,443,27,2819,501,332,167,18,13,4,17215,2278,2607,6957,13215,692,746,264,18845,54,289,328,451,Bundesliga,2018-2019,6921931827204601
26,Düsseldorf,24,34.0,14589,12923,1666,453,40,2105,614,374,145,17,18,4,8976,2092,3521,4898,7646,841,640,218,11146,42,288,250,391,Bundesliga,2018-2019,6414184432322702
27,Eibar,25,38.0,18279,16170,2109,531,29,2883,754,677,224,8,43,6,9543,2868,5868,4383,10542,1387,1033,252,13129,85,440,316,570,La Liga,2018-2019,67267904110326262
28,Eint Frankfurt,30,34.0,14853,13147,1706,447,28,2462,402,501,179,18,20,6,8505,2300,4048,4285,7977,1084,765,230,10628,76,316,299,450,Bundesliga,2018-2019,37929111009288632
29,Empoli,29,38.0,18406,16475,1931,525,43,2796,634,434,187,16,17,11,12500,2311,3595,5775,10687,611,768,312,14685,65,370,313,451,Serie A,2018-2019,77726683749984272
30,Espanyol,25,38.0,17703,15818,1885,564,51,2816,509,385,175,15,25,5,11494,2527,3682,6163,9410,827,730,209,13998,73,321,273,489,La Liga,2018-2019,71314269182841176
31,Everton,23,38.0,18085,16052,2033,501,32,3241,600,514,215,39,84,17,11451,2483,4151,4651,10778,932,943,227,13829,67,449,471,495,Premier League,2018-2019,57482013681231466
32,Fiorentina,27,38.0,17251,15342,1909,545,40,2440,531,505,233,25,30,10,11233,2202,3816,4950,10124,839,753,250,13356,40,411,280,420,Serie A,2018-2019,24325362613855847
33,Freiburg,28,34.0,14967,13272,1695,445,16,2483,537,334,150,34,3,4,9422,1973,3572,4866,8034,843,678,235,11490,41,315,244,363,Bundesliga,2018-2019,17577284562417651
34,Frosinone,33,38.0,15516,13578,1938,577,17,2388,505,508,160,33,20,4,9124,2170,4222,4839,8542,714,742,332,11524,67,314,239,475,Serie A,2018-2019,87953309350363757
35,Fulham,28,38.0,19223,17410,1813,415,28,3244,456,379,160,34,34,11,12746,2341,4136,5956,10892,882,765,253,15179,84,377,437,415,Premier League,2018-2019,19227944656237519
36,Genoa,31,38.0,15296,13370,1926,534,26,2735,467,538,186,17,35,11,8882,2147,4267,4115,8915,798,774,190,11178,59,317,264,424,Serie A,2018-2019,87033800759594150
37,Getafe,26,38.0,12884,10790,2094,609,17,2131,574,460,157,8,28,7,5428,2512,4944,2814,7096,1152,977,131,8264,93,424,291,510,La Liga,2018-2019,23789167582387071
38,Girona,26,38.0,17104,15230,1874,576,29,2578,628,524,134,18,26,3,10487,2564,4053,4776,10015,868,754,286,13258,53,402,325,390,La Liga,2018-2019,12545195302828957
39,Guingamp,30,38.0,15709,13738,1971,485,13,2677,480,502,191,27,16,4,9039,2283,4387,3998,9043,1045,893,195,11408,51,438,301,478,Ligue 1,2018-2019,16872092436156260
40,Hannover 96,32,34.0,15090,13327,1763,476,24,2440,417,305,143,11,27,7,9194,2235,3661,4067,8720,966,740,248,11428,49,306,250,436,Bundesliga,2018-2019,10121335889457780
41,Hertha BSC,26,34.0,16161,14467,1694,440,27,2928,444,426,145,15,19,7,10093,2058,4010,4093,9733,963,713,220,12472,65,325,281,359,Bundesliga,2018-2019,59737400018465050
42,Hoffenheim,29,34.0,17950,16345,1605,406,39,2524,464,480,181,20,28,12,12229,2538,3183,4556,11347,788,687,318,14499,58,307,277,446,Bundesliga,2018-2019,29322720181807625
43,Huddersfield,31,38.0,17503,15584,1919,439,25,3362,459,509,162,43,35,9,10533,2343,4627,4584,10198,973,927,162,13030,56,402,437,507,Premier League,2018-2019,70397411865897550
44,Huesca,30,38.0,14817,12898,1919,534,21,2097,525,541,172,18,17,4,8188,2332,4297,3363,9106,934,805,149,10778,84,335,289,406,La Liga,2018-2019,16593090704373522
45,Inter,23,38.0,23416,21461,1955,533,37,3411,709,764,303,37,35,12,16678,2735,4003,6223,15039,779,793,305,19563,50,347,321,483,Serie A,2018-2019,53198597771575973
46,Juventus,31,38.0,21842,20114,1728,481,48,3074,887,621,239,18,18,9,15403,2646,3793,7512,12329,740,662,283,18393,64,318,349,404,Serie A,2018-2019,19371054131726661
47,Lazio,30,38.0,19761,18052,1709,423,40,3332,548,485,226,22,29,10,13624,2329,3808,4828,12717,856,714,282,15879,88,314,362,417,Serie A,2018-2019,90751438076496109
48,Leganés,29,38.0,15033,13198,1835,454,20,2541,555,538,142,18,24,5,8037,2530,4466,4926,7296,1153,859,198,10787,69,440,269,405,La Liga,2018-2019,20237473683555152
49,Leicester City,25,38.0,19012,17086,1926,455,43,3153,673,499,212,45,57,13,12147,2607,4258,4102,12364,981,858,195,14787,66,419,463,503,Premier League,2018-2019,18776461863573874
50,Levante,26,38.0,14737,12796,1941,527,32,2174,508,427,201,45,21,4,8716,2555,3466,4014,8825,678,720,227,10953,77,396,302,460,La Liga,2018-2019,1566092639264277
51,Leverkusen,21,34.0,22030,20388,1642,444,62,3388,587,452,188,24,28,6,16124,2523,3383,6404,13519,835,720,260,18327,58,311,340,483,Bundesliga,2018-2019,36794408106212849
52,Lille,25,38.0,18207,16299,1908,557,40,2845,449,370,163,17,30,2,12895,2022,3290,5697,10423,678,846,272,14573,35,350,268,435,Ligue 1,2018-2019,85603837513355486
53,Liverpool,23,38.0,25260,23395,1865,446,90,3520,780,502,247,40,36,6,18156,2696,4408,6310,16458,944,900,287,21110,71,383,420,557,Premier League,2018-2019,41956650829873911
54,Lyon,25,38.0,22496,20720,1776,460,90,3182,609,495,226,30,17,9,17034,2526,2936,6599,13912,690,746,257,19060,86,313,422,450,Ligue 1,2018-2019,87005642993871754
55,M'Gladbach,22,34.0,19034,17440,1594,412,20,2945,607,384,188,11,31,7,14076,2038,2920,4320,12919,643,659,253,15778,64,328,306,382,Bundesliga,2018-2019,81611584009946193
56,Mainz 05,28,34.0,15264,13567,1697,393,45,2232,517,432,149,9,28,5,9404,2149,3711,4796,8336,766,768,260,11555,74,263,247,418,Bundesliga,2018-2019,71158960989778912
57,Manchester City,21,38.0,28095,26470,1625,342,107,4069,676,606,296,49,68,14,22149,2746,3200,11588,14463,764,739,265,24631,85,325,389,481,Premier League,2018-2019,74026506610392765
58,Manchester Utd,28,38.0,20648,18733,1915,436,54,3357,635,463,199,40,40,21,14118,2604,3926,5962,12361,768,856,231,16807,80,304,422,458,Premier League,2018-2019,29078730489839024
59,Marseille,24,38.0,19932,17989,1943,504,36,3249,496,539,224,18,32,8,13587,2532,3813,5554,12012,847,886,250,16031,35,379,275,492,Ligue 1,2018-2019,66190039714113630
60,Milan,23,38.0,20973,19076,1897,522,70,3225,649,511,230,40,14,4,15199,2297,3477,7140,11943,581,757,289,17532,54,294,344,424,Serie A,2018-2019,59378513948613436
61,Monaco,42,38.0,17930,15936,1994,562,30,3060,537,497,189,36,29,11,11964,2618,3348,5146,10558,750,894,253,14093,51,371,299,494,Ligue 1,2018-2019,79093238158793616
62,Montpellier,25,38.0,17663,15734,1929,511,21,3082,661,505,169,25,25,4,10707,2466,4490,4739,10290,931,891,335,13580,50,365,258,485,Ligue 1,2018-2019,32434714471076965
63,Nantes,33,38.0,17605,15626,1979,506,37,3204,518,502,182,20,11,4,10887,2688,4030,5223,9809,1024,899,251,13301,68,393,337,473,Ligue 1,2018-2019,25802633648495862
64,Napoli,26,38.0,24768,22988,1780,465,84,3376,755,553,255,35,26,7,17957,3044,3767,7546,15361,654,720,251,21121,72,321,351,479,Serie A,2018-2019,10516137814401134
65,Newcastle Utd,24,38.0,15031,13225,1806,389,24,2758,562,437,181,38,48,10,8371,2073,4587,4076,8514,911,828,235,10819,51,336,299,471,Premier League,2018-2019,29528772732587842
66,Nice,30,38.0,21069,19286,1783,560,31,3262,576,367,170,17,18,9,16187,2030,2852,7215,12183,532,669,258,17888,37,341,313,405,Ligue 1,2018-2019,11720969662561653
67,Nîmes,23,38.0,15518,13416,2102,535,30,2692,514,419,202,17,29,16,9073,2451,3994,3968,9061,878,981,220,11435,38,414,262,440,Ligue 1,2018-2019,83514802313158576
68,Nürnberg,27,34.0,14082,12417,1665,411,17,2192,466,271,148,11,30,2,8735,1879,3468,4223,7847,808,674,203,10598,45,312,247,353,Bundesliga,2018-2019,10689243141507842
69,Paris S-G,30,38.0,25097,23483,1614,451,180,4053,460,477,234,34,14,3,20258,2525,2314,7889,15621,541,621,241,21972,86,300,367,430,Ligue 1,2018-2019,11177590892093073
70,Parma,31,38.0,13626,11751,1875,450,26,2389,426,311,144,23,18,4,7828,2098,3700,4867,6755,708,716,213,9996,83,327,268,415,Serie A,2018-2019,62695319081093388
71,Rayo Vallecano,29,38.0,16257,14326,1931,568,17,2462,598,507,184,24,34,5,10352,2338,3567,4149,9969,785,783,267,12606,58,393,246,436,La Liga,2018-2019,75203699329351977
72,RB Leipzig,23,34.0,16647,14814,1833,515,61,2579,361,439,187,16,38,5,10308,2671,3668,3280,10743,1092,848,248,12507,81,333,311,457,Bundesliga,2018-2019,68159208261559796
73,Real Madrid,27,38.0,24065,22187,1878,600,74,3518,894,603,218,12,24,16,17763,2921,3381,6319,15830,647,735,318,20684,95,281,306,523,La Liga,2018-2019,29627131003986350
74,Real Sociedad,30,38.0,18446,16468,1978,595,38,3013,587,402,177,26,24,4,12261,2518,3667,5958,10199,842,841,207,14700,80,333,269,473,La Liga,2018-2019,57299950304530590
75,Reims,27,38.0,15559,13697,1862,487,30,2470,501,394,164,17,18,11,9576,2402,3581,5766,7556,801,844,190,11618,73,383,269,445,Ligue 1,2018-2019,67732085073987538
76,Rennes,28,38.0,17791,15901,1890,481,37,3052,595,454,190,32,10,6,12177,2255,3359,4093,11571,706,855,225,14207,59,392,286,464,Ligue 1,2018-2019,96819424452761337
77,Roma,26,38.0,19067,17191,1876,494,49,3239,574,589,224,23,35,3,12635,2764,3668,5319,11467,801,775,283,15367,42,347,318,432,Serie A,2018-2019,764736481564168
78,Saint-Étienne,29,38.0,19136,17171,1965,504,40,3147,560,485,218,26,32,10,12980,2623,3533,4901,12064,751,850,230,15174,61,368,274,485,Ligue 1,2018-2019,56226069621228236
79,Sampdoria,24,38.0,21150,19273,1877,616,43,3162,556,463,167,31,13,5,15031,2708,3411,6607,12435,806,695,315,17188,66,321,422,515,Serie A,2018-2019,89407679695143145
80,Sassuolo,29,38.0,20036,18102,1934,617,34,2812,493,413,186,19,31,11,14320,2375,3341,7051,11161,556,723,253,16500,65,333,318,480,Serie A,2018-2019,79200252522790650
81,Schalke 04,32,34.0,14430,12770,1660,442,18,2148,449,304,154,5,39,6,8926,2063,3441,4369,7977,826,726,214,10900,69,311,251,372,Bundesliga,2018-2019,24345039935475884
82,Sevilla,27,38.0,18654,16747,1907,552,40,3478,630,587,221,34,25,12,11896,2848,3910,5399,10967,924,756,276,14612,95,351,329,537,La Liga,2018-2019,22702270477938803
83,Southampton,30,38.0,15886,14106,1780,404,41,2944,489,407,193,69,34,15,9471,2264,4151,3370,10057,997,796,179,11581,48,414,366,484,Premier League,2018-2019,21037626007536306
84,SPAL,28,38.0,17861,15894,1967,643,16,2999,436,552,194,24,21,5,11966,2322,3573,5053,10766,732,705,257,14319,32,347,266,456,Serie A,2018-2019,73622612860183040
85,Strasbourg,26,38.0,18663,16763,1900,441,26,3306,845,440,156,15,15,8,12246,2588,3829,5541,10818,718,883,310,14802,41,396,249,509,Ligue 1,2018-2019,92234479374253707
86,Stuttgart,26,34.0,15160,13403,1757,466,25,2305,449,444,169,23,20,7,9098,2347,3715,4812,8061,964,720,203,11309,57,340,212,411,Bundesliga,2018-2019,81761661302668293
87,Torino,25,38.0,17023,15055,1968,607,20,2588,625,622,174,17,17,1,10149,2364,4510,4105,10306,992,791,230,12929,66,406,234,458,Serie A,2018-2019,21846272194836439
88,Tottenham,28,38.0,22717,20848,1869,460,43,3229,624,450,194,39,56,7,16074,2727,3916,6295,14094,846,851,263,18764,66,312,452,517,Premier League,2018-2019,22006624071753704
89,Toulouse,29,38.0,16950,15026,1924,510,23,2938,432,428,158,24,23,5,10668,2420,3862,4863,9765,819,804,257,12939,63,392,327,408,Ligue 1,2018-2019,94523000561782573
90,Udinese,31,38.0,15160,13289,1871,498,24,2469,528,366,162,14,34,3,9361,2176,3623,3762,9338,685,716,228,11534,50,321,245,412,Serie A,2018-2019,48393495896639342
91,Valencia,25,38.0,17600,15759,1841,562,44,2542,613,501,195,14,23,8,11563,2612,3425,4382,11057,837,713,268,13821,64,341,341,467,La Liga,2018-2019,65158650443085242
92,Valladolid,28,38.0,16171,14236,1935,569,11,2377,596,502,200,23,26,10,9726,2393,4052,4008,10016,802,731,253,12149,84,367,247,478,La Liga,2018-2019,44089518275887893
93,Villarreal,26,38.0,17509,15718,1791,491,41,2523,560,433,167,22,30,5,11397,2454,3658,5782,9590,808,746,218,13853,91,310,323,455,La Liga,2018-2019,63335634096533483
94,Watford,25,38.0,16904,15078,1826,490,36,2829,491,423,177,46,37,2,10193,2565,4146,4590,9888,902,754,210,12735,77,294,482,445,Premier League,2018-2019,73743918793554398
95,Werder Bremen,24,34.0,18269,16549,1720,445,35,2749,548,458,166,27,15,2,12206,2612,3451,6369,9681,910,720,259,14504,35,326,318,494,Bundesliga,2018-2019,59303898890876434
96,West Ham,26,38.0,17892,15981,1911,504,53,2948,564,435,188,44,46,3,11498,2618,3776,5236,10452,718,819,247,13900,68,356,417,482,Premier League,2018-2019,57680956417459581
97,Wolfsburg,25,34.0,17041,15295,1746,480,31,2693,822,461,173,19,26,4,10756,2356,3929,6483,8291,905,737,285,13200,58,419,284,450,Bundesliga,2018-2019,85159484018358879
98,Wolves,21,38.0,18030,16255,1775,365,28,3285,743,461,195,32,58,9,10893,2793,4344,3468,12069,983,839,195,14054,66,393,382,441,Premier League,2018-2019,24001928852251903
1,Alavés,30,38.0,13461,11966,1495,412,16,2750,415,371,130,2,2,0,7657,1615,4189,4691,6405,1191,648,173,9346,90,439,300,420,La Liga,2017-2018,37745278530914180
2,Amiens,30,38.0,15245,13659,1586,412,20,2520,381,395,132,0,0,0,9323,1440,4482,4413,8432,1188,704,148,10940,60,470,371,410,Ligue 1,2017-2018,20069478421376018
3,Angers,27,38.0,16446,14843,1603,384,34,2661,424,434,164,0,0,0,10706,1324,4416,4967,9146,1088,805,225,12407,51,369,398,472,Ligue 1,2017-2018,66587352409382849
4,Arsenal,30,38.0,24882,23132,1750,434,48,3257,679,419,225,114,59,17,18042,3346,3494,9604,12935,804,751,358,20840,85,322,726,468,Premier League,2017-2018,5838645288327307
5,Atalanta,25,38.0,20966,19111,1855,473,21,3404,731,489,228,59,68,19,13731,2959,4276,5773,12867,829,828,279,16813,68,441,375,509,Serie A,2017-2018,87465877057901989
6,Athletic Club,26,38.0,17079,15649,1430,397,12,3110,548,538,182,0,0,0,10595,1985,4499,4347,10240,1332,610,157,12708,93,425,283,510,La Liga,2017-2018,4823083458145023
7,Atlético Madrid,26,38.0,18218,16868,1350,364,15,3182,398,350,157,0,0,0,12383,1989,3846,5093,11033,999,587,176,14162,98,339,347,485,La Liga,2017-2018,74713976168286555
8,Augsburg,27,34.0,14251,12529,1722,421,13,2533,508,456,174,45,52,13,7120,2708,4423,4161,7616,958,791,252,10179,63,352,231,444,Bundesliga,2017-2018,82828683183786310
9,Barcelona,25,38.0,24812,23560,1252,351,44,4331,574,383,199,7,13,4,19986,2103,2723,8121,15032,723,532,204,21306,112,270,442,559,La Liga,2017-2018,81744823723090567
10,Bayern Munich,28,34.0,23840,22367,1473,404,60,3869,770,605,220,48,61,20,16852,3235,3753,6875,14915,851,639,256,20441,60,304,287,389,Bundesliga,2017-2018,7510926916741648
11,Benevento,41,38.0,17812,16066,1746,490,16,2907,509,422,163,48,24,12,11931,2262,3619,6316,9705,544,665,281,14168,75,370,257,428,Serie A,2017-2018,38159059008947812
12,Betis,29,38.0,21045,19826,1219,374,25,3127,589,375,123,0,0,0,15695,1629,3721,8281,10908,943,480,200,17395,53,430,325,411,La Liga,2017-2018,9423348454032625
13,Bologna,30,38.0,17602,15743,1859,496,17,2898,538,303,149,79,10,10,10642,2690,4270,4608,10552,891,787,262,13638,60,422,262,459,Serie A,2017-2018,23275147453355121
14,Bordeaux,31,38.0,17958,16471,1487,349,47,2633,554,476,165,0,0,0,12406,1742,3810,5149,10578,1085,728,201,14055,62,363,397,451,Ligue 1,2017-2018,12683680850395737
15,Bournemouth,22,38.0,17678,15635,2043,540,25,2787,472,464,218,87,65,20,11109,2679,3890,5269,9963,792,857,319,13512,47,371,572,469,Premier League,2017-2018,36088947257895306
16,Brighton,24,38.0,16139,14409,1730,333,11,2829,720,434,163,67,61,26,9233,2539,4367,3766,9818,806,792,261,11951,88,422,480,401,Premier League,2017-2018,49072214318111932
17,Burnley,24,38.0,14963,13088,1875,475,18,2868,493,432,167,63,59,27,7587,2454,4922,4074,8094,977,825,237,10495,90,434,376,380,Premier League,2017-2018,21823480134907726
18,Caen,26,38.0,15797,14179,1618,396,20,2502,627,602,193,0,0,0,9265,1536,4996,3633,9466,1441,758,175,11292,67,464,392,465,Ligue 1,2017-2018,21277886218272520
19,Cagliari,29,38.0,16636,14680,1956,496,13,2616,554,446,177,44,54,13,8712,2708,5216,3436,10462,1014,835,319,12167,75,394,246,431,Serie A,2017-2018,32968728316179674
20,Celta Vigo,23,38.0,20569,19301,1268,365,8,3645,549,465,142,1,2,0,14286,2113,4170,5317,13031,1215,532,175,16520,81,435,315,411,La Liga,2017-2018,14218303985450920
21,Chelsea,26,38.0,22867,21103,1764,452,53,2915,648,530,228,50,81,12,16315,3080,3472,4692,15950,690,747,333,18953,95,300,609,462,Premier League,2017-2018,58172670324373785
22,Chievo,25,38.0,16824,14979,1845,498,10,2494,588,522,146,52,31,24,9444,2571,4809,4053,10436,869,749,294,12575,95,374,244,417,Serie A,2017-2018,83748145049842906
23,Crotone,29,38.0,14840,13039,1801,472,9,2431,410,391,132,49,13,14,7272,2781,4787,5191,7112,1006,766,212,10311,77,412,234,486,Serie A,2017-2018,33431629624225246
24,Crystal Palace,28,38.0,15897,13948,1949,461,24,2679,477,439,210,83,74,33,9324,2494,4079,4412,9025,715,869,219,11832,47,386,475,425,Premier League,2017-2018,15352059381074619
25,Dijon,26,38.0,16820,15333,1487,381,21,2563,646,404,142,0,0,0,10820,1679,4321,4035,10483,1096,711,256,12787,57,439,357,400,Ligue 1,2017-2018,59239312409540653
26,Dortmund,30,34.0,20322,18599,1723,493,33,2765,454,394,161,39,44,10,14091,2651,3580,5029,13061,890,765,260,16586,74,347,257,388,Bundesliga,2017-2018,6921931827204601
27,Eibar,27,38.0,17675,15964,1711,411,5,2908,776,622,222,0,0,0,9660,2352,5663,3986,10584,1608,857,228,12513,68,666,329,530,La Liga,2017-2018,67267904110326262
28,Eint Frankfurt,28,34.0,15528,13789,1739,528,33,2351,581,388,155,37,58,6,8546,2638,4344,3436,9649,983,764,259,11441,83,374,264,454,Bundesliga,2017-2018,37929111009288632
29,Espanyol,25,38.0,16797,15331,1466,400,11,2783,483,459,157,3,4,0,10431,1941,4425,5407,8973,1271,633,197,12349,66,444,324,516,La Liga,2017-2018,71314269182841176
30,Everton,30,38.0,16282,14419,1863,425,24,2683,546,395,150,63,68,8,9179,2698,4405,3388,10277,847,853,238,11989,72,393,433,437,Premier League,2017-2018,57482013681231466
31,Fiorentina,27,38.0,19375,17622,1753,421,22,2972,558,486,210,30,79,21,12230,2967,4178,5625,11372,896,802,283,15290,69,415,266,460,Serie A,2017-2018,24325362613855847
32,Freiburg,29,34.0,14766,13081,1685,462,25,2728,409,313,127,34,41,8,8474,2307,3985,3650,8732,939,710,214,11014,36,328,206,432,Bundesliga,2017-2018,17577284562417651
33,Genoa,33,38.0,17522,15699,1823,462,20,2485,493,464,179,54,34,16,10565,2366,4591,6313,8842,884,777,236,13218,79,391,286,480,Serie A,2017-2018,87033800759594150
34,Getafe,32,38.0,13094,11349,1745,485,17,2308,495,379,174,0,0,0,6438,1805,4851,2419,8066,1289,756,146,8463,92,451,304,461,La Liga,2017-2018,23789167582387071
35,Girona,25,38.0,15587,14195,1392,402,4,3029,730,547,164,0,0,0,9201,1772,4614,5071,8046,1321,568,194,11412,68,439,276,406,La Liga,2017-2018,12545195302828957
36,Guingamp,23,38.0,17284,15748,1536,382,24,3271,454,498,180,0,0,0,11700,1400,4184,4278,10817,1065,692,180,13225,88,490,397,445,Ligue 1,2017-2018,16872092436156260
37,Hamburger SV,29,34.0,15037,13124,1913,508,30,2712,489,436,199,51,60,18,7921,2767,4349,5771,6567,1049,890,242,10768,59,351,267,502,Bundesliga,2017-2018,42905483414913667
38,Hannover 96,26,34.0,14890,13061,1829,532,11,2481,371,357,134,39,39,17,7661,2917,4312,2865,9271,1133,801,266,10882,48,375,242,439,Bundesliga,2017-2018,10121335889457780
39,Hellas Verona,32,38.0,15515,13725,1790,411,8,2432,581,405,139,23,33,16,8526,2826,4163,4572,8689,781,748,325,11493,69,405,244,457,Serie A,2017-2018,45227680351245381
40,Hertha BSC,25,34.0,15389,13773,1616,483,18,2387,407,339,126,14,51,18,9026,2423,3940,4121,9051,893,672,198,11673,45,315,240,408,Bundesliga,2017-2018,59737400018465050
41,Hoffenheim,26,34.0,17276,15705,1571,466,34,2672,423,390,154,41,45,13,11150,2621,3505,4394,10913,723,645,291,13769,65,307,284,398,Bundesliga,2017-2018,29322720181807625
42,Huddersfield,25,38.0,16536,14570,1966,476,16,2936,458,477,165,88,37,14,9510,2516,4510,3686,10128,882,922,189,12081,53,436,514,461,Premier League,2017-2018,70397411865897550
43,Inter,22,38.0,22639,20919,1720,387,21,3462,636,691,275,59,55,37,15709,3085,3845,4231,16232,782,726,364,18750,83,334,332,489,Serie A,2017-2018,53198597771575973
44,Juventus,24,38.0,23398,21895,1503,423,25,3135,917,484,175,21,46,12,16564,3083,3751,8817,12579,788,661,256,20058,73,297,264,428,Serie A,2017-2018,19371054131726661
45,Köln,31,34.0,15704,14019,1685,484,23,2544,459,381,171,33,58,15,8918,2611,4175,5022,8363,983,656,144,11700,69,327,262,446,Bundesliga,2017-2018,39731782814123330
46,La Coruña,32,38.0,16487,15098,1389,352,16,2901,509,570,174,0,0,0,10543,1919,4025,5556,8690,1162,593,173,12284,83,453,283,444,La Liga,2017-2018,31828180925314031
47,Las Palmas,36,38.0,19085,17665,1420,421,13,3193,485,413,158,0,0,0,13504,1914,3667,4459,12589,940,601,257,15166,73,425,402,417,La Liga,2017-2018,33189055458748528
48,Lazio,24,38.0,20211,18624,1587,342,42,3064,616,489,212,41,41,9,13516,2770,3925,4247,13804,840,697,306,16308,87,316,325,501,Serie A,2017-2018,90751438076496109
49,Leganés,28,38.0,14621,13025,1596,472,11,2537,458,476,148,0,0,0,8208,1771,4642,5279,6785,1273,688,155,10185,77,459,274,454,La Liga,2017-2018,20237473683555152
50,Leicester City,27,38.0,16782,14791,1991,428,36,2583,654,493,203,118,37,12,9533,2799,4450,4313,9644,954,952,209,12332,80,436,537,427,Premier League,2017-2018,18776461863573874
51,Levante,33,38.0,14379,12849,1530,387,13,2810,419,455,170,0,2,1,8827,1647,3905,3366,8941,936,675,146,10471,63,454,273,450,La Liga,2017-2018,1566092639264277
52,Leverkusen,24,34.0,18413,16702,1711,492,41,2995,571,471,171,58,40,10,12103,2638,3672,5054,11140,842,744,251,14642,52,361,330,480,Bundesliga,2017-2018,36794408106212849
53,Lille,25,38.0,19286,18007,1279,275,32,3168,484,445,159,0,0,0,14410,1398,3478,6773,10666,782,618,237,15564,79,392,446,449,Ligue 1,2017-2018,85603837513355486
54,Liverpool,27,38.0,24345,22550,1795,394,50,2840,621,503,230,103,74,16,17601,2851,3893,6265,15657,802,894,307,20257,61,343,613,430,Premier League,2017-2018,41956650829873911
55,Lyon,26,38.0,20273,18932,1341,323,48,2759,522,429,171,0,0,0,15400,1596,3277,7288,11025,874,655,189,16846,62,342,413,425,Ligue 1,2017-2018,87005642993871754
56,M'Gladbach,27,34.0,17948,16298,1650,427,34,2875,476,303,168,25,64,10,11953,2454,3541,4064,11869,743,722,210,14496,65,309,250,431,Bundesliga,2017-2018,81611584009946193
57,Mainz 05,27,34.0,13929,12263,1666,427,17,2453,514,342,143,45,28,15,7601,2411,3917,3158,8489,815,769,257,10117,61,355,293,390,Bundesliga,2017-2018,71158960989778912
58,Málaga,37,38.0,15504,13931,1573,405,16,3018,461,479,148,0,0,0,8949,1876,4679,4796,8211,1291,704,137,11168,80,446,311,456,La Liga,2017-2018,79809637287620621
59,Manchester City,25,38.0,29601,27876,1725,423,68,3173,664,570,284,22,131,12,23736,2984,2881,9365,18202,654,783,273,26108,60,343,688,482,Premier League,2017-2018,74026506610392765
60,Manchester Utd,27,38.0,21650,19802,1848,456,42,2892,609,524,219,102,71,6,15260,2675,3715,6065,13382,605,809,248,17775,76,275,538,443,Premier League,2017-2018,29078730489839024
61,Marseille,26,38.0,20412,18977,1435,330,46,2941,562,613,233,0,0,0,14884,1481,4047,5557,12806,918,670,189,16580,65,414,389,448,Ligue 1,2017-2018,66190039714113630
62,Metz,36,38.0,16352,14801,1551,376,16,2735,594,498,171,0,0,0,10179,1523,4650,3549,10473,1124,717,239,12161,47,463,387,451,Ligue 1,2017-2018,14635757597311544
63,Milan,23,38.0,21543,19913,1630,445,19,3428,691,579,239,42,25,15,15038,2317,4188,6180,13449,722,682,245,17744,73,345,313,458,Serie A,2017-2018,59378513948613436
64,Monaco,32,38.0,17911,16406,1505,405,38,3301,491,577,180,0,0,0,11907,1698,4306,4885,10789,1135,684,171,13858,66,438,373,435,Ligue 1,2017-2018,79093238158793616
65,Montpellier,23,38.0,17141,15580,1561,400,20,2616,694,578,176,0,0,0,11231,1436,4474,4943,9839,1055,770,257,13023,68,478,436,467,Ligue 1,2017-2018,32434714471076965
66,Nantes,30,38.0,15828,14282,1546,337,17,2518,485,587,167,0,0,0,9684,1532,4612,3596,9824,1167,767,236,11474,76,514,441,423,Ligue 1,2017-2018,25802633648495862
67,Napoli,23,38.0,29004,27360,1644,361,55,3884,674,472,236,54,20,33,21142,4307,3555,6460,20370,833,792,288,24985,72,382,456,522,Serie A,2017-2018,10516137814401134
68,Newcastle Utd,27,38.0,15257,13384,1873,450,20,2621,436,396,167,62,68,11,8305,2457,4495,4735,7957,806,835,229,11037,55,343,431,391,Premier League,2017-2018,29528772732587842
69,Nice,31,38.0,22513,21297,1216,296,21,3493,659,398,193,0,0,0,18123,1387,3003,6655,14366,684,491,169,19266,55,291,428,407,Ligue 1,2017-2018,11720969662561653
70,Paris S-G,26,38.0,25194,24024,1170,286,33,3655,548,563,221,0,0,0,20619,1680,2895,10455,13284,620,527,173,22005,84,292,516,475,Ligue 1,2017-2018,11177590892093073
71,RB Leipzig,23,34.0,18205,16408,1797,519,44,2832,302,364,164,45,49,13,11696,2901,3608,3108,12707,897,831,256,14201,76,360,346,468,Bundesliga,2017-2018,68159208261559796
72,Real Madrid,24,38.0,23619,22408,1211,283,47,3666,807,749,245,1,4,0,18167,1917,3535,6195,15829,667,523,207,20155,96,291,396,509,La Liga,2017-2018,29627131003986350
73,Real Sociedad,27,38.0,20209,18819,1390,396,16,3366,651,570,211,2,3,0,14651,1486,4072,6624,11632,945,602,149,16400,74,407,277,481,La Liga,2017-2018,57299950304530590
74,Rennes,28,38.0,17389,15787,1602,408,18,2733,615,520,207,0,0,0,11669,1382,4338,3670,11494,1044,751,154,13282,73,483,415,435,Ligue 1,2017-2018,96819424452761337
75,Roma,27,38.0,21399,19701,1698,418,41,3211,700,624,261,45,30,9,14338,2929,4132,7233,11806,862,773,315,17296,60,424,317,519,Serie A,2017-2018,764736481564168
76,Saint-Étienne,30,38.0,18272,16759,1513,338,33,2833,484,471,169,0,0,0,13069,1358,3845,4031,12128,942,758,170,14310,68,379,450,483,Ligue 1,2017-2018,56226069621228236
77,Sampdoria,27,38.0,20144,18275,1869,546,24,2929,546,464,220,64,52,23,13073,2841,4230,6568,11412,820,748,245,16148,45,311,315,468,Serie A,2017-2018,89407679695143145
78,Sassuolo,28,38.0,15749,13879,1870,546,17,2499,554,490,193,50,32,12,8523,2540,4686,5739,7612,929,770,244,11497,70,406,257,488,Serie A,2017-2018,79200252522790650
79,Schalke 04,24,34.0,15577,13948,1629,488,20,2233,311,343,140,24,58,8,9457,2406,3714,4377,9105,820,708,196,12031,70,259,236,381,Bundesliga,2017-2018,24345039935475884
80,Sevilla,31,38.0,19975,18574,1401,360,20,3320,405,474,201,0,0,0,14182,1973,3820,6365,11390,1117,614,197,15762,119,421,366,530,La Liga,2017-2018,22702270477938803
81,Southampton,26,38.0,18666,16752,1914,425,28,3081,624,516,227,116,73,14,11644,2688,4334,5176,10973,891,864,211,14319,68,428,519,443,Premier League,2017-2018,21037626007536306
82,SPAL,29,38.0,16025,14112,1913,632,17,2782,496,413,172,47,53,13,9514,2236,4275,4297,9639,743,701,231,12214,82,338,193,436,Serie A,2017-2018,73622612860183040
83,Stoke City,30,38.0,14374,12430,1944,467,23,2698,415,377,136,71,49,11,7415,2303,4656,4213,7219,941,874,203,10142,82,379,461,379,Premier League,2017-2018,55848606059653975
84,Strasbourg,25,38.0,16465,14880,1585,356,24,2536,581,490,181,0,0,0,10411,1380,4674,4651,9544,1073,746,152,12322,71,467,337,432,Ligue 1,2017-2018,92234479374253707
85,Stuttgart,26,34.0,16046,14383,1663,446,20,2501,439,402,141,32,39,25,9265,2568,4213,4926,8782,945,736,204,12101,67,315,270,390,Bundesliga,2017-2018,81761661302668293
86,Swansea City,26,38.0,17180,15282,1898,471,11,2602,581,420,150,89,29,20,10684,2515,3981,4887,10020,646,824,237,13270,37,352,441,401,Premier League,2017-2018,11897392087106032
87,Torino,27,38.0,18316,16416,1900,516,19,3042,601,418,167,41,30,10,11370,2714,4232,4983,10921,830,859,299,14425,63,398,252,487,Serie A,2017-2018,21846272194836439
88,Tottenham,25,38.0,23469,21479,1990,484,49,3451,625,555,247,66,99,29,16343,3237,3889,7561,13410,813,940,289,19287,79,320,579,523,Premier League,2017-2018,22006624071753704
89,Toulouse,25,38.0,15139,13467,1672,464,15,2926,463,564,167,0,0,0,9022,1631,4486,3920,8727,1221,763,207,10831,58,433,380,481,Ligue 1,2017-2018,94523000561782573
90,Troyes,25,38.0,15719,14177,1542,355,13,2651,453,454,148,0,0,0,10061,1500,4158,5256,8146,1143,719,188,11486,55,462,371,464,Ligue 1,2017-2018,57069542099991496
91,Udinese,27,38.0,16647,14800,1847,422,21,2249,471,459,175,41,42,13,10034,2353,4260,6066,8246,835,852,271,12619,46,352,242,413,Serie A,2017-2018,48393495896639342
92,Valencia,25,38.0,17463,16191,1272,363,21,3411,525,441,184,0,0,0,12433,1549,3481,5032,10665,767,482,195,13770,70,397,345,419,La Liga,2017-2018,65158650443085242
93,Villarreal,32,38.0,18331,17052,1279,336,14,3189,463,414,155,1,0,0,12892,1908,3531,5266,11024,1003,540,213,14504,93,366,347,415,La Liga,2017-2018,63335634096533483
94,Watford,29,38.0,17186,15223,1963,493,29,2868,525,500,183,87,64,8,9953,2626,4607,3389,11065,937,926,226,12739,68,358,474,473,Premier League,2017-2018,73743918793554398
95,Werder Bremen,25,34.0,16061,14308,1753,477,27,2885,577,413,180,53,56,17,8853,3034,4174,5272,8230,1012,785,275,12071,59,372,272,513,Bundesliga,2017-2018,59303898890876434
96,West Brom,24,38.0,14714,12846,1868,402,20,2454,462,472,176,120,36,11,7381,2519,4814,4973,7133,917,850,177,10478,75,380,366,413,Premier League,2017-2018,26775906631723373
97,West Ham,27,38.0,15935,13935,2000,494,20,2664,472,460,160,92,37,11,8832,2729,4374,4159,9213,794,898,216,11768,91,318,400,433,Premier League,2017-2018,57680956417459581
98,Wolfsburg,29,34.0,16363,14744,1619,508,19,2426,506,344,131,32,47,16,9932,2767,3664,5487,8695,886,634,282,12757,49,338,235,368,Bundesliga,2017-2018,85159484018358879
