Rk,Squad,# Pl,Age,MP,Min,Mn/MP,Min%,90s,Starts,Mn/Start,Compl,Subs,Mn/Sub,unSub,PPM,onG,onGA,+/-,+/-90,onxG,onxGA,xG+/-,xG+/-90,League,Season,TeamID
1,Alavés,24,28.0,11,990,90,100,11.0,121,80.0,67.0,53,22,75,0.91,6,14,-8,-0.73,10.0,14.8,-4.8,-0.44,La Liga,2021-2022,37745278530914180
2,Angers,22,28.0,12,1080,90,100,12.0,132,84.0,81.0,51,15,57,1.42,18,15,3,0.25,14.7,13.6,1.1,0.09,Ligue 1,2021-2022,66587352409382849
3,Arminia,22,26.6,10,900,90,100,10.0,110,82.0,67.0,43,20,43,0.5,6,16,-10,-1.0,8.9,19.1,-10.1,-1.01,Bundesliga,2021-2022,60726784699523350
4,Arsenal,26,24.9,10,900,90,100,10.0,110,84.0,79.0,30,19,60,1.7,12,13,-1,-0.1,12.5,15.9,-3.4,-0.34,Premier League,2021-2022,5838645288327307
5,Aston Villa,23,26.3,10,900,90,100,10.0,110,84.0,80.0,30,21,60,1.0,14,19,-5,-0.5,11.0,15.9,-4.9,-0.49,Premier League,2021-2022,14348480492050895
6,Atalanta,24,28.0,11,990,90,100,11.0,121,80.0,68.0,53,24,59,1.73,20,14,6,0.55,18.6,16.2,2.4,0.22,Serie A,2021-2022,87465877057901989
7,Athletic Club,23,27.2,11,990,90,100,11.0,121,83.0,68.0,52,17,60,1.64,11,7,4,0.36,17.3,9.4,7.9,0.72,La Liga,2021-2022,4823083458145023
8,Atlético Madrid,21,28.6,11,990,90,100,11.0,121,80.0,70.0,50,23,47,2.0,18,10,8,0.73,13.9,9.4,4.5,0.41,La Liga,2021-2022,74713976168286555
9,Augsburg,24,27.1,10,900,90,100,10.0,110,81.0,60.0,50,21,39,0.9,9,19,-10,-1.0,8.7,20.0,-11.4,-1.14,Bundesliga,2021-2022,82828683183786310
10,Barcelona,27,26.7,11,990,90,100,11.0,121,81.0,71.0,48,21,70,1.45,16,12,4,0.36,19.1,10.7,8.4,0.76,La Liga,2021-2022,81744823723090567
11,Bayern Munich,22,27.1,10,900,90,100,10.0,110,80.0,63.0,46,24,44,2.5,38,10,28,2.8,29.6,8.9,20.7,2.07,Bundesliga,2021-2022,7510926916741648
12,Betis,29,28.8,12,1080,90,100,12.0,132,80.0,75.0,56,23,88,1.75,19,15,4,0.33,18.6,15.9,2.7,0.23,La Liga,2021-2022,9423348454032625
13,Bochum,24,28.7,10,900,90,100,10.0,110,83.0,69.0,40,17,47,1.0,8,18,-10,-1.0,11.7,18.1,-6.5,-0.65,Bundesliga,2021-2022,26656491983030423
14,Bologna,24,27.1,11,990,90,100,11.0,121,81.0,72.0,46,20,84,1.36,17,22,-5,-0.45,11.3,14.6,-3.3,-0.33,Serie A,2021-2022,23275147453355121
15,Bordeaux,28,26.4,12,1080,90,100,12.0,132,80.0,73.0,58,23,50,1.0,16,24,-8,-0.67,11.1,21.5,-10.4,-0.87,Ligue 1,2021-2022,12683680850395737
16,Brentford,21,25.9,10,900,90,100,10.0,110,84.0,80.0,29,21,60,1.2,12,12,0,0.0,13.0,11.3,1.7,0.17,Premier League,2021-2022,27125852983275500
17,Brest,22,25.2,12,1080,90,100,12.0,132,83.0,86.0,46,20,55,0.75,14,20,-6,-0.5,12.2,16.5,-4.3,-0.36,Ligue 1,2021-2022,27328509848090670
18,Brighton,21,27.3,10,900,90,100,10.0,110,84.0,82.0,29,24,61,1.6,11,11,0,0.0,10.7,13.9,-3.1,-0.31,Premier League,2021-2022,49072214318111932
19,Burnley,18,29.0,10,900,90,100,10.0,110,85.0,84.0,26,19,64,0.7,10,16,-6,-0.6,11.3,15.4,-4.1,-0.41,Premier League,2021-2022,21823480134907726
20,Cádiz,26,28.3,12,1080,90,100,12.0,132,78.0,74.0,57,27,83,0.75,11,19,-8,-0.67,12.6,17.7,-5.1,-0.43,La Liga,2021-2022,1007679934589500
21,Cagliari,26,27.6,11,990,90,100,11.0,121,81.0,74.0,47,22,72,0.55,12,24,-12,-1.09,10.4,18.2,-7.8,-0.78,Serie A,2021-2022,32968728316179674
22,Celta Vigo,22,28.9,12,1080,90,100,12.0,132,81.0,79.0,52,23,66,0.92,10,14,-4,-0.33,13.4,16.2,-2.8,-0.25,La Liga,2021-2022,14218303985450920
23,Chelsea,25,27.6,10,900,90,100,10.0,110,84.0,80.0,29,22,61,2.5,26,3,23,2.3,17.2,10.5,6.6,0.66,Premier League,2021-2022,58172670324373785
24,Clermont Foot,20,28.1,12,1080,90,100,12.0,132,82.0,79.0,51,19,57,1.08,14,23,-9,-0.75,15.0,17.2,-2.2,-0.18,Ligue 1,2021-2022,54976968050746588
25,Crystal Palace,19,28.0,10,900,90,100,10.0,110,86.0,84.0,26,18,63,1.2,13,14,-1,-0.1,11.2,11.1,0.1,0.01,Premier League,2021-2022,15352059381074619
26,Dortmund,27,26.2,10,900,90,100,10.0,110,82.0,64.0,45,18,40,2.4,27,15,12,1.2,20.6,13.1,7.4,0.74,Bundesliga,2021-2022,6921931827204601
27,Eint Frankfurt,24,26.7,10,900,90,100,10.0,110,81.0,70.0,40,25,50,0.9,10,15,-5,-0.5,12.4,17.8,-5.4,-0.54,Bundesliga,2021-2022,37929111009288632
28,Elche,23,30.1,12,1080,90,100,12.0,132,81.0,74.0,58,20,84,0.83,9,15,-6,-0.5,9.8,16.1,-6.3,-0.52,La Liga,2021-2022,30674441257210497
29,Empoli,24,24.9,11,990,90,100,11.0,121,80.0,66.0,54,22,77,1.36,16,21,-5,-0.45,14.3,19.5,-5.2,-0.47,Serie A,2021-2022,77726683749984272
30,Espanyol,27,28.3,12,1080,90,100,12.0,132,80.0,71.0,59,22,83,1.17,12,13,-1,-0.08,13.1,14.7,-1.5,-0.13,La Liga,2021-2022,71314269182841176
31,Everton,24,28.0,10,900,90,100,10.0,110,87.0,84.0,26,14,61,1.4,16,16,0,0.0,14.3,12.0,2.3,0.25,Premier League,2021-2022,57482013681231466
32,Fiorentina,24,26.8,11,990,90,100,11.0,121,79.0,64.0,54,22,78,1.64,16,13,3,0.27,15.4,13.6,1.7,0.16,Serie A,2021-2022,24325362613855847
33,Freiburg,23,26.5,10,900,90,100,10.0,110,83.0,61.0,50,16,39,2.2,17,7,10,1.0,13.3,11.2,2.1,0.21,Bundesliga,2021-2022,17577284562417651
34,Genoa,30,28.2,11,990,90,100,11.0,121,76.0,68.0,54,32,76,0.73,15,22,-7,-0.64,13.5,16.1,-2.5,-0.23,Serie A,2021-2022,87033800759594150
35,Getafe,26,27.1,12,1080,90,100,12.0,132,80.0,75.0,54,24,73,0.5,6,18,-12,-1.0,8.0,16.7,-8.7,-0.73,La Liga,2021-2022,23789167582387071
36,Granada,25,28.8,11,990,90,100,11.0,121,80.0,69.0,52,24,67,1.0,11,14,-3,-0.27,7.5,15.1,-7.6,-0.76,La Liga,2021-2022,45137124328012624
37,Greuther Fürth,25,26.4,10,900,90,100,10.0,110,83.0,71.0,39,20,47,0.1,7,27,-20,-2.0,10.6,18.8,-8.3,-0.83,Bundesliga,2021-2022,11035944553035865
38,Hellas Verona,24,27.1,11,990,90,100,11.0,121,78.0,66.0,54,27,75,1.36,24,20,4,0.36,15.5,15.6,-0.1,-0.01,Serie A,2021-2022,45227680351245381
39,Hertha BSC,27,26.8,10,900,90,100,10.0,110,77.0,63.0,47,30,43,1.2,11,23,-12,-1.2,10.1,17.3,-7.2,-0.72,Bundesliga,2021-2022,59737400018465050
40,Hoffenheim,22,26.4,10,900,90,100,10.0,110,80.0,64.0,46,24,43,1.4,19,15,4,0.4,17.0,13.2,3.8,0.38,Bundesliga,2021-2022,29322720181807625
41,Inter,23,29.2,11,990,90,100,11.0,121,81.0,67.0,54,20,77,2.18,28,12,16,1.45,21.9,14.0,7.9,0.72,Serie A,2021-2022,53198597771575973
42,Juventus,24,28.4,11,990,90,100,11.0,121,80.0,73.0,48,25,74,1.36,15,15,0,0.0,14.5,12.8,1.7,0.15,Serie A,2021-2022,19371054131726661
43,Köln,22,27.8,10,900,90,100,10.0,110,81.0,61.0,48,20,42,1.3,15,18,-3,-0.3,14.7,16.8,-2.1,-0.21,Bundesliga,2021-2022,39731782814123330
44,Lazio,23,30.3,11,990,90,100,11.0,121,81.0,69.0,50,21,82,1.64,22,19,3,0.27,16.2,16.4,-0.2,-0.02,Serie A,2021-2022,90751438076496109
45,Leeds United,23,26.5,10,900,90,100,10.0,110,84.0,83.0,27,23,63,1.0,10,17,-7,-0.7,13.2,16.5,-3.2,-0.32,Premier League,2021-2022,34570153325607342
46,Leicester City,22,27.5,10,900,90,100,10.0,110,83.0,79.0,30,25,60,1.4,15,17,-2,-0.2,15.5,14.9,0.6,0.06,Premier League,2021-2022,18776461863573874
47,Lens,23,27.1,12,1080,90,100,12.0,132,83.0,78.0,54,15,54,1.75,21,14,7,0.58,20.9,13.0,7.8,0.65,Ligue 1,2021-2022,74951719010833888
48,Levante,26,28.5,12,1080,90,100,12.0,132,81.0,76.0,55,22,76,0.5,11,23,-12,-1.0,13.8,13.5,0.3,0.03,La Liga,2021-2022,1566092639264277
49,Leverkusen,23,24.7,10,900,90,100,10.0,110,82.0,65.0,44,19,42,1.7,23,16,7,0.7,15.4,15.2,0.2,0.02,Bundesliga,2021-2022,36794408106212849
50,Lille,22,26.7,12,1080,90,100,12.0,132,84.0,86.0,46,18,62,1.25,15,18,-3,-0.25,17.7,13.5,4.2,0.35,Ligue 1,2021-2022,85603837513355486
51,Liverpool,24,28.0,10,900,90,100,10.0,110,85.0,83.0,27,21,63,2.2,29,8,21,2.1,26.3,11.2,15.0,1.5,Premier League,2021-2022,41956650829873911
52,Lorient,25,27.1,12,1080,90,100,12.0,132,84.0,83.0,47,16,62,1.25,12,18,-6,-0.5,14.1,20.0,-5.9,-0.5,Ligue 1,2021-2022,37325341301512527
53,Lyon,25,26.3,12,1080,90,100,12.0,132,81.0,83.0,45,22,62,1.58,20,17,3,0.25,21.8,19.0,2.9,0.24,Ligue 1,2021-2022,87005642993871754
54,M'Gladbach,22,26.3,10,900,90,100,10.0,110,82.0,75.0,35,25,55,1.4,12,13,-1,-0.1,18.2,13.1,5.0,0.5,Bundesliga,2021-2022,81611584009946193
55,Mainz 05,26,26.4,10,900,90,100,10.0,110,82.0,63.0,46,20,42,1.6,14,10,4,0.4,15.4,10.5,5.0,0.5,Bundesliga,2021-2022,71158960989778912
56,Mallorca,27,28.0,12,1080,90,100,12.0,132,81.0,73.0,58,19,85,1.17,11,17,-6,-0.5,10.9,15.3,-4.4,-0.37,La Liga,2021-2022,96459977719332900
57,Manchester City,22,27.1,10,900,90,100,10.0,110,85.0,82.0,27,18,63,2.0,20,6,14,1.4,21.9,7.4,14.5,1.45,Premier League,2021-2022,74026506610392765
58,Manchester Utd,21,27.5,10,900,90,100,10.0,110,84.0,80.0,30,19,60,1.7,19,15,4,0.4,14.9,15.4,-0.5,-0.05,Premier League,2021-2022,29078730489839024
59,Marseille,23,25.0,12,1080,90,100,12.0,132,83.0,83.0,47,19,61,1.83,20,12,8,0.67,17.6,15.4,2.3,0.19,Ligue 1,2021-2022,66190039714113630
60,Metz,29,26.0,12,1080,90,100,12.0,132,80.0,85.0,48,26,59,0.58,13,27,-14,-1.17,10.2,18.5,-8.3,-0.69,Ligue 1,2021-2022,14635757597311544
61,Milan,26,25.8,11,990,90,100,11.0,121,80.0,70.0,51,24,72,2.82,25,10,15,1.36,19.3,10.5,8.8,0.8,Serie A,2021-2022,59378513948613436
62,Monaco,25,24.7,12,1080,90,100,12.0,132,80.0,71.0,60,22,48,1.42,17,16,1,0.08,15.7,13.7,1.9,0.16,Ligue 1,2021-2022,79093238158793616
63,Montpellier,22,26.0,12,1080,90,100,12.0,132,84.0,78.0,51,16,57,1.33,20,19,1,0.08,14.3,16.1,-1.8,-0.15,Ligue 1,2021-2022,32434714471076965
64,Nantes,21,27.0,12,1080,90,100,12.0,132,83.0,77.0,54,16,52,1.42,16,14,2,0.17,14.2,14.1,0.1,0.01,Ligue 1,2021-2022,25802633648495862
65,Napoli,25,27.9,11,990,90,100,11.0,121,82.0,71.0,49,17,69,2.82,23,3,20,1.82,20.3,6.9,13.4,1.22,Serie A,2021-2022,10516137814401134
66,Newcastle Utd,22,27.8,10,900,90,100,10.0,110,86.0,82.0,28,17,62,0.4,11,23,-12,-1.2,9.8,18.8,-9.0,-0.9,Premier League,2021-2022,29528772732587842
67,Nice,23,25.4,12,1080,90,100,12.0,132,82.0,81.0,52,20,55,2.0,23,9,14,1.17,24.6,12.6,11.9,1.0,Ligue 1,2021-2022,11720969662561653
68,Norwich City,22,26.6,10,900,90,100,10.0,110,85.0,79.0,30,18,60,0.2,3,25,-22,-2.2,7.9,19.1,-11.2,-1.12,Premier League,2021-2022,42809968147687487
69,Osasuna,26,28.2,12,1080,90,100,12.0,132,84.0,77.0,54,15,89,1.58,14,15,-1,-0.08,13.2,12.6,0.6,0.05,La Liga,2021-2022,83352675823776457
70,Paris S-G,27,27.8,12,1080,90,100,12.0,132,84.0,86.0,45,16,63,2.58,26,11,15,1.25,21.2,11.0,10.2,0.85,Ligue 1,2021-2022,11177590892093073
71,Rayo Vallecano,25,27.6,12,1080,90,100,12.0,132,80.0,72.0,59,21,85,1.67,18,12,6,0.5,13.6,15.2,-1.6,-0.14,La Liga,2021-2022,75203699329351977
72,RB Leipzig,23,25.5,10,900,90,100,10.0,110,81.0,65.0,45,21,45,1.5,21,10,11,1.1,21.6,14.3,7.3,0.73,Bundesliga,2021-2022,68159208261559796
73,Real Madrid,25,28.0,11,990,90,100,11.0,121,82.0,75.0,47,21,71,2.18,26,12,14,1.27,17.1,14.1,3.0,0.27,La Liga,2021-2022,29627131003986350
74,Real Sociedad,27,25.6,12,1080,90,100,12.0,132,82.0,72.0,59,18,64,2.08,17,10,7,0.58,16.8,11.6,5.2,0.43,La Liga,2021-2022,57299950304530590
75,Reims,25,24.8,12,1080,90,100,12.0,132,79.0,79.0,52,26,56,0.92,14,17,-3,-0.25,11.1,12.9,-1.8,-0.15,Ligue 1,2021-2022,67732085073987538
76,Rennes,26,25.8,12,1080,90,100,12.0,132,82.0,77.0,54,18,54,1.58,18,11,7,0.58,16.2,14.6,1.7,0.14,Ligue 1,2021-2022,96819424452761337
77,Roma,24,26.6,11,990,90,100,11.0,121,84.0,77.0,42,17,90,1.73,19,12,7,0.64,19.3,12.7,6.6,0.6,Serie A,2021-2022,764736481564168
78,Saint-Étienne,28,24.9,12,1080,90,100,12.0,132,78.0,70.0,60,25,48,0.5,12,26,-14,-1.17,14.1,18.8,-4.7,-0.4,Ligue 1,2021-2022,56226069621228236
79,Salernitana,25,28.2,11,990,90,100,11.0,121,79.0,66.0,53,23,70,0.64,10,23,-13,-1.18,11.6,16.7,-5.1,-0.46,Serie A,2021-2022,63444195793016658
80,Sampdoria,22,29.4,11,990,90,100,11.0,121,82.0,75.0,46,20,82,0.82,14,23,-9,-0.82,11.4,16.9,-5.5,-0.5,Serie A,2021-2022,89407679695143145
81,Sassuolo,22,26.9,11,990,90,100,11.0,121,83.0,69.0,52,16,75,1.27,15,15,0,0.0,15.0,16.6,-1.6,-0.15,Serie A,2021-2022,79200252522790650
82,Sevilla,26,29.0,11,990,90,100,11.0,121,78.0,66.0,53,27,77,2.18,19,7,12,1.09,16.0,9.3,6.7,0.61,La Liga,2021-2022,22702270477938803
83,Southampton,21,25.8,10,900,90,100,10.0,110,85.0,80.0,29,19,61,1.1,9,12,-3,-0.3,14.7,13.8,1.0,0.1,Premier League,2021-2022,21037626007536306
84,Spezia,26,24.6,11,990,90,100,11.0,121,82.0,79.0,40,24,55,0.73,12,26,-14,-1.27,11.0,19.0,-8.1,-0.73,Serie A,2021-2022,41730244034743257
85,Strasbourg,23,27.6,12,1080,90,100,12.0,132,83.0,80.0,50,18,55,1.42,22,16,6,0.5,16.0,16.6,-0.6,-0.05,Ligue 1,2021-2022,92234479374253707
86,Stuttgart,28,24.9,10,900,90,100,10.0,110,80.0,64.0,45,23,44,1.0,15,19,-4,-0.4,12.2,15.7,-3.4,-0.34,Bundesliga,2021-2022,81761661302668293
87,Torino,26,25.5,11,990,90,100,11.0,121,80.0,71.0,50,24,80,1.27,15,11,4,0.36,13.8,11.1,2.8,0.25,Serie A,2021-2022,21846272194836439
88,Tottenham,21,26.6,10,900,90,100,10.0,110,85.0,85.0,24,21,66,1.5,9,16,-7,-0.7,10.3,13.0,-2.7,-0.27,Premier League,2021-2022,22006624071753704
89,Troyes,28,27.7,12,1080,90,100,12.0,132,81.0,76.0,54,20,52,1.08,13,17,-4,-0.33,12.6,16.7,-4.0,-0.34,Ligue 1,2021-2022,57069542099991496
90,Udinese,21,27.2,11,990,90,100,11.0,121,82.0,69.0,51,19,79,1.0,12,16,-4,-0.36,13.6,14.6,-1.0,-0.09,Serie A,2021-2022,48393495896639342
91,Union Berlin,23,28.6,10,900,90,100,10.0,110,82.0,64.0,45,19,45,1.6,15,15,0,0.0,12.6,13.4,-0.8,-0.08,Bundesliga,2021-2022,71630543971501382
92,Valencia,26,26.1,12,1080,90,100,12.0,132,81.0,75.0,55,21,73,1.33,18,17,1,0.08,14.1,11.6,2.6,0.21,La Liga,2021-2022,65158650443085242
93,Venezia,29,26.4,11,990,90,100,11.0,121,78.0,67.0,54,26,76,0.82,8,17,-9,-0.82,9.9,14.7,-4.8,-0.44,Serie A,2021-2022,94916874898547392
94,Villarreal,26,28.1,11,990,90,100,11.0,121,79.0,67.0,53,24,67,1.09,13,12,1,0.09,13.8,13.1,0.7,0.07,La Liga,2021-2022,63335634096533483
95,Watford,26,28.8,10,900,90,100,10.0,110,83.0,80.0,30,27,60,1.0,12,18,-6,-0.6,11.1,18.7,-7.6,-0.76,Premier League,2021-2022,73743918793554398
96,West Ham,18,28.7,10,900,90,100,10.0,110,89.0,86.0,23,7,67,2.0,20,11,9,0.9,16.7,10.2,6.5,0.65,Premier League,2021-2022,57680956417459581
97,Wolfsburg,24,26.5,10,900,90,100,10.0,110,83.0,69.0,39,19,49,1.6,11,12,-1,-0.1,16.4,12.9,3.5,0.35,Bundesliga,2021-2022,85159484018358879
98,Wolves,18,28.1,10,900,90,100,10.0,110,87.0,82.0,28,11,61,1.6,11,10,1,0.1,11.9,10.3,1.5,0.17,Premier League,2021-2022,24001928852251903
1,Alavés,30,28.7,38,3420,90,100,38.0,418,82.0,248.0,163,20,254,1.0,36,57,-21,-0.55,42.4,50.8,-8.3,-0.22,La Liga,2020-2021,37745278530914180
2,Angers,31,27.9,38,3420,90,100,38.0,418,81.0,247.0,170,21,168,1.16,40,58,-18,-0.47,41.8,50.9,-9.1,-0.24,Ligue 1,2020-2021,66587352409382849
3,Arminia,26,26.0,34,3060,90,100,34.0,374,83.0,227.0,147,17,157,1.03,26,52,-26,-0.76,30.7,55.7,-25.0,-0.73,Bundesliga,2020-2021,60726784699523350
4,Arsenal,29,25.9,38,3420,90,100,38.0,418,84.0,301.0,114,19,201,1.61,55,39,16,0.42,53.5,44.3,9.2,0.24,Premier League,2020-2021,5838645288327307
5,Aston Villa,24,25.2,38,3420,90,100,38.0,418,86.0,324.0,91,17,229,1.45,55,46,9,0.24,52.9,52.9,0.1,0.0,Premier League,2020-2021,14348480492050895
6,Atalanta,30,27.3,38,3420,90,100,38.0,418,80.0,240.0,176,23,253,2.05,90,47,43,1.13,77.2,42.3,34.9,0.92,Serie A,2020-2021,87465877057901989
7,Athletic Club,27,26.6,38,3420,90,100,38.0,418,81.0,240.0,177,22,242,1.21,46,42,4,0.11,44.4,36.3,8.1,0.21,La Liga,2020-2021,4823083458145023
8,Atlético Madrid,25,27.3,38,3420,90,100,38.0,418,82.0,272.0,148,23,231,2.26,67,25,42,1.11,52.4,32.7,19.6,0.52,La Liga,2020-2021,74713976168286555
9,Augsburg,25,27.0,34,3060,90,100,34.0,374,82.0,231.0,141,21,159,1.06,36,54,-18,-0.53,36.1,55.6,-19.4,-0.57,Bundesliga,2020-2021,82828683183786310
10,Barcelona,25,26.4,38,3420,90,100,38.0,418,82.0,260.0,158,22,260,2.08,85,38,47,1.24,78.9,39.6,39.3,1.03,La Liga,2020-2021,81744823723090567
11,Bayern Munich,29,27.3,34,3060,90,100,34.0,374,82.0,237.0,137,21,163,2.29,99,44,55,1.62,75.8,41.0,34.8,1.02,Bundesliga,2020-2021,7510926916741648
12,Benevento,29,28.7,38,3420,90,100,38.0,418,80.0,238.0,178,24,258,0.87,40,75,-35,-0.92,41.6,66.1,-24.5,-0.64,Serie A,2020-2021,38159059008947812
13,Betis,25,27.9,38,3420,90,100,38.0,418,82.0,258.0,155,21,276,1.61,50,50,0,0.0,46.0,45.5,0.5,0.01,La Liga,2020-2021,9423348454032625
14,Bologna,37,27.2,38,3420,90,100,38.0,418,81.0,243.0,172,21,275,1.08,51,65,-14,-0.37,53.4,64.7,-11.2,-0.3,Serie A,2020-2021,23275147453355121
15,Bordeaux,28,27.6,38,3420,90,100,38.0,418,81.0,245.0,169,22,172,1.18,42,56,-14,-0.37,41.9,56.7,-14.8,-0.39,Ligue 1,2020-2021,12683680850395737
16,Brest,26,24.9,38,3420,90,100,38.0,418,84.0,269.0,146,17,194,1.08,50,66,-16,-0.42,47.5,55.6,-8.2,-0.21,Ligue 1,2020-2021,27328509848090670
17,Brighton,27,25.8,38,3420,90,100,38.0,418,85.0,305.0,108,20,208,1.08,40,46,-6,-0.16,51.6,37.7,13.9,0.37,Premier League,2020-2021,49072214318111932
18,Burnley,25,28.3,38,3420,90,100,38.0,418,86.0,339.0,81,19,235,1.03,33,55,-22,-0.58,39.9,57.6,-17.7,-0.47,Premier League,2020-2021,21823480134907726
19,Cádiz,34,28.8,38,3420,90,100,38.0,418,80.0,236.0,180,23,262,1.16,36,58,-22,-0.58,34.0,55.0,-21.0,-0.55,La Liga,2020-2021,1007679934589500
20,Cagliari,32,26.5,38,3420,90,100,38.0,418,84.0,252.0,163,16,277,0.97,43,59,-16,-0.42,45.5,63.1,-17.6,-0.46,Serie A,2020-2021,32968728316179674
21,Celta Vigo,30,26.6,38,3420,90,100,38.0,418,83.0,280.0,137,20,238,1.39,55,57,-2,-0.05,47.7,49.5,-1.8,-0.05,La Liga,2020-2021,14218303985450920
22,Chelsea,27,26.0,38,3420,90,100,38.0,418,84.0,308.0,108,22,208,1.76,58,36,22,0.58,64.0,32.8,31.2,0.82,Premier League,2020-2021,58172670324373785
23,Crotone,31,27.8,38,3420,90,100,38.0,418,83.0,277.0,138,21,304,0.61,45,92,-47,-1.24,38.5,71.6,-33.1,-0.87,Serie A,2020-2021,33431629624225246
24,Crystal Palace,24,29.1,38,3420,90,100,38.0,418,86.0,321.0,95,17,208,1.16,41,66,-25,-0.66,32.4,57.5,-25.0,-0.66,Premier League,2020-2021,15352059381074619
25,Dijon,33,25.7,38,3420,90,100,38.0,418,82.0,265.0,150,21,179,0.55,25,73,-48,-1.26,31.5,75.3,-43.8,-1.15,Ligue 1,2020-2021,59239312409540653
26,Dortmund,26,25.6,34,3060,90,100,34.0,374,83.0,234.0,139,19,163,1.88,75,46,29,0.85,68.6,40.4,28.3,0.83,Bundesliga,2020-2021,6921931827204601
27,Eibar,30,28.2,38,3420,90,100,38.0,418,82.0,266.0,149,21,266,0.79,29,52,-23,-0.61,41.5,47.0,-5.6,-0.15,La Liga,2020-2021,67267904110326262
28,Eint Frankfurt,25,27.2,34,3060,90,100,34.0,374,84.0,238.0,136,18,165,1.76,69,53,16,0.47,56.1,48.4,7.7,0.23,Bundesliga,2020-2021,37929111009288632
29,Elche,30,28.1,38,3420,90,100,38.0,418,82.0,267.0,152,21,298,0.95,34,55,-21,-0.55,30.5,58.4,-27.9,-0.73,La Liga,2020-2021,30674441257210497
30,Everton,29,26.3,38,3420,90,100,38.0,418,85.0,310.0,106,19,206,1.55,47,48,-1,-0.03,47.2,52.0,-4.8,-0.13,Premier League,2020-2021,57482013681231466
31,Fiorentina,30,26.6,38,3420,90,100,38.0,418,82.0,256.0,158,19,287,1.05,47,59,-12,-0.32,45.2,55.1,-9.9,-0.26,Serie A,2020-2021,24325362613855847
32,Freiburg,24,26.2,34,3060,90,100,34.0,374,82.0,223.0,152,19,151,1.32,52,52,0,0.0,46.2,53.7,-7.5,-0.22,Bundesliga,2020-2021,17577284562417651
33,Fulham,28,25.2,38,3420,90,100,38.0,418,85.0,306.0,110,19,203,0.74,27,53,-26,-0.68,41.3,53.0,-11.7,-0.31,Premier League,2020-2021,19227944656237519
34,Genoa,34,28.3,38,3420,90,100,38.0,418,79.0,238.0,180,24,272,1.11,47,58,-11,-0.29,37.8,54.5,-16.8,-0.44,Serie A,2020-2021,87033800759594150
35,Getafe,31,26.7,38,3420,90,100,38.0,418,83.0,270.0,141,19,228,1.0,28,43,-15,-0.39,32.7,40.3,-7.7,-0.2,La Liga,2020-2021,23789167582387071
36,Granada,34,27.4,38,3420,90,100,38.0,418,80.0,243.0,176,24,222,1.21,47,65,-18,-0.47,39.5,53.7,-14.2,-0.37,La Liga,2020-2021,45137124328012624
37,Hellas Verona,32,26.2,38,3420,90,100,38.0,418,79.0,250.0,170,26,281,1.18,43,48,-5,-0.13,43.5,50.3,-6.8,-0.18,Serie A,2020-2021,45227680351245381
38,Hertha BSC,32,25.4,34,3060,90,100,34.0,374,81.0,227.0,149,22,157,1.03,41,52,-11,-0.32,42.4,47.0,-4.6,-0.13,Bundesliga,2020-2021,59737400018465050
39,Hoffenheim,30,25.7,34,3060,90,100,34.0,374,83.0,241.0,130,21,166,1.26,52,54,-2,-0.06,51.8,53.3,-1.6,-0.05,Bundesliga,2020-2021,29322720181807625
40,Huesca,27,28.0,38,3420,90,100,38.0,418,82.0,246.0,171,21,215,0.89,34,53,-19,-0.5,35.3,44.3,-9.0,-0.24,La Liga,2020-2021,16593090704373522
41,Inter,25,27.7,38,3420,90,100,38.0,418,83.0,257.0,162,19,251,2.39,89,35,54,1.42,74.8,38.6,36.2,0.95,Serie A,2020-2021,53198597771575973
42,Juventus,30,27.7,38,3420,90,100,38.0,418,83.0,268.0,146,20,265,2.05,77,38,39,1.03,74.2,38.2,36.0,0.95,Serie A,2020-2021,19371054131726661
43,Köln,28,24.9,36,3060,85,100,34.0,374,82.0,225.0,148,20,157,0.97,34,60,-26,-0.76,39.1,55.3,-16.2,-0.48,Bundesliga,2020-2021,39731782814123330
44,Lazio,30,29.4,38,3420,90,100,38.0,418,80.0,228.0,189,22,239,1.79,61,55,6,0.16,59.8,47.8,12.0,0.32,Serie A,2020-2021,90751438076496109
45,Leeds United,23,26.1,38,3420,90,100,38.0,418,83.0,312.0,107,25,209,1.55,62,54,8,0.21,57.5,62.9,-5.4,-0.14,Premier League,2020-2021,34570153325607342
46,Leicester City,27,26.5,38,3420,90,100,38.0,418,85.0,320.0,99,22,216,1.74,68,50,18,0.47,56.0,47.7,8.3,0.22,Premier League,2020-2021,18776461863573874
47,Lens,27,26.4,38,3420,90,100,38.0,418,83.0,249.0,164,18,178,1.5,55,54,1,0.03,56.0,47.6,8.4,0.22,Ligue 1,2020-2021,74951719010833888
48,Levante,29,28.0,38,3420,90,100,38.0,418,81.0,233.0,184,20,219,1.08,46,57,-11,-0.29,41.0,53.9,-13.0,-0.34,La Liga,2020-2021,1566092639264277
49,Leverkusen,30,25.4,34,3060,90,100,34.0,374,83.0,253.0,123,23,174,1.53,53,39,14,0.41,47.2,40.4,6.8,0.2,Bundesliga,2020-2021,36794408106212849
50,Lille,21,25.4,38,3420,90,100,38.0,418,83.0,247.0,169,18,170,2.18,64,23,41,1.08,50.0,26.7,23.4,0.61,Ligue 1,2020-2021,85603837513355486
51,Liverpool,28,26.8,38,3420,90,100,38.0,418,85.0,314.0,104,19,212,1.82,68,42,26,0.68,72.6,45.3,27.3,0.72,Premier League,2020-2021,41956650829873911
52,Lorient,27,26.8,38,3420,90,100,38.0,418,82.0,253.0,163,19,179,1.11,50,68,-18,-0.47,48.8,53.1,-4.3,-0.11,Ligue 1,2020-2021,37325341301512527
53,Lyon,29,25.8,38,3420,90,100,38.0,418,81.0,237.0,175,20,161,2.0,81,43,38,1.0,84.6,43.2,41.4,1.09,Ligue 1,2020-2021,87005642993871754
54,M'Gladbach,23,26.9,34,3060,90,100,34.0,374,83.0,230.0,142,18,159,1.44,64,56,8,0.24,55.2,44.7,10.6,0.31,Bundesliga,2020-2021,81611584009946193
55,Mainz 05,31,25.8,34,3060,90,100,34.0,374,83.0,223.0,150,18,152,1.15,39,56,-17,-0.5,47.1,50.9,-3.8,-0.11,Bundesliga,2020-2021,71158960989778912
56,Manchester City,24,26.1,38,3420,90,100,38.0,418,86.0,339.0,77,22,240,2.26,83,32,51,1.34,73.3,31.4,42.0,1.1,Premier League,2020-2021,74026506610392765
57,Manchester Utd,29,25.6,38,3420,90,100,38.0,418,86.0,318.0,99,18,219,1.95,73,44,29,0.76,60.2,42.2,18.0,0.47,Premier League,2020-2021,29078730489839024
58,Marseille,31,27.2,38,3420,90,100,38.0,418,82.0,258.0,153,21,188,1.58,54,47,7,0.18,47.5,46.0,1.5,0.04,Ligue 1,2020-2021,66190039714113630
59,Metz,27,25.7,38,3420,90,100,38.0,418,83.0,281.0,133,22,205,1.24,44,48,-4,-0.11,41.3,49.3,-8.1,-0.21,Ligue 1,2020-2021,14635757597311544
60,Milan,29,24.4,38,3420,90,100,38.0,418,82.0,261.0,156,22,277,2.08,74,41,33,0.87,71.2,45.7,25.5,0.67,Serie A,2020-2021,59378513948613436
61,Monaco,30,24.8,38,3420,90,100,38.0,418,81.0,235.0,180,21,160,2.05,76,42,34,0.89,66.9,33.1,33.8,0.89,Ligue 1,2020-2021,79093238158793616
62,Montpellier,25,28.0,38,3420,90,100,38.0,418,82.0,249.0,162,18,177,1.42,60,62,-2,-0.05,47.9,65.7,-17.8,-0.47,Ligue 1,2020-2021,32434714471076965
63,Nantes,25,25.8,40,3420,86,100,38.0,418,83.0,275.0,139,19,202,1.05,47,55,-8,-0.21,48.9,55.8,-6.9,-0.18,Ligue 1,2020-2021,25802633648495862
64,Napoli,25,27.1,38,3420,90,100,38.0,418,82.0,247.0,169,19,256,2.03,86,41,45,1.18,67.7,41.6,26.1,0.69,Serie A,2020-2021,10516137814401134
65,Newcastle Utd,27,27.1,38,3420,90,100,38.0,418,85.0,306.0,109,19,209,1.18,46,62,-16,-0.42,41.0,54.0,-13.0,-0.34,Premier League,2020-2021,29528772732587842
66,Nice,31,23.5,38,3420,90,100,38.0,418,83.0,277.0,137,21,196,1.37,50,53,-3,-0.08,46.9,52.1,-5.1,-0.14,Ligue 1,2020-2021,11720969662561653
67,Nîmes,33,25.8,38,3420,90,100,38.0,418,83.0,269.0,148,19,190,0.92,40,71,-31,-0.82,41.4,64.9,-23.5,-0.62,Ligue 1,2020-2021,83514802313158576
68,Osasuna,28,27.9,38,3420,90,100,38.0,418,81.0,240.0,173,20,247,1.16,37,48,-11,-0.29,37.6,51.3,-13.7,-0.36,La Liga,2020-2021,83352675823776457
69,Paris S-G,33,26.7,38,3420,90,100,38.0,418,82.0,254.0,160,20,179,2.16,86,28,58,1.53,82.4,37.3,45.1,1.19,Ligue 1,2020-2021,11177590892093073
70,Parma,42,28.0,38,3420,90,100,38.0,418,80.0,251.0,167,24,272,0.53,39,83,-44,-1.16,40.0,61.4,-21.4,-0.56,Serie A,2020-2021,62695319081093388
71,RB Leipzig,25,25.0,34,3060,90,100,34.0,374,81.0,222.0,154,22,143,1.91,60,32,28,0.82,65.3,29.1,36.2,1.07,Bundesliga,2020-2021,68159208261559796
72,Real Madrid,30,27.9,38,3420,90,100,38.0,418,82.0,279.0,137,23,217,2.21,67,28,39,1.03,61.6,36.5,25.2,0.66,La Liga,2020-2021,29627131003986350
73,Real Sociedad,30,25.0,38,3420,90,100,38.0,418,81.0,240.0,177,21,235,1.63,59,38,21,0.55,60.4,36.6,23.8,0.63,La Liga,2020-2021,57299950304530590
74,Reims,29,24.6,38,3420,90,100,38.0,418,82.0,266.0,145,21,195,1.11,42,50,-8,-0.21,33.3,61.1,-27.7,-0.73,Ligue 1,2020-2021,67732085073987538
75,Rennes,32,25.5,38,3420,90,100,38.0,418,82.0,259.0,154,20,187,1.53,52,40,12,0.32,50.0,40.0,9.9,0.26,Ligue 1,2020-2021,96819424452761337
76,Roma,31,26.7,38,3420,90,100,38.0,418,83.0,263.0,153,20,262,1.63,68,55,13,0.34,68.9,51.4,17.5,0.46,Serie A,2020-2021,764736481564168
77,Saint-Étienne,40,25.4,38,3420,90,100,38.0,418,80.0,242.0,176,23,164,1.21,42,54,-12,-0.32,48.2,48.5,-0.3,-0.01,Ligue 1,2020-2021,56226069621228236
78,Sampdoria,27,27.9,38,3420,90,100,38.0,418,82.0,263.0,153,22,295,1.37,52,54,-2,-0.05,46.2,56.9,-10.7,-0.28,Serie A,2020-2021,89407679695143145
79,Sassuolo,28,26.5,38,3420,90,100,38.0,418,80.0,235.0,180,22,267,1.63,64,56,8,0.21,59.2,54.9,4.3,0.11,Serie A,2020-2021,79200252522790650
80,Schalke 04,42,25.9,34,3060,90,100,34.0,374,83.0,257.0,117,23,181,0.47,25,86,-61,-1.79,27.0,68.0,-41.0,-1.21,Bundesliga,2020-2021,24345039935475884
81,Sevilla,26,28.1,38,3420,90,100,38.0,418,81.0,233.0,184,20,266,2.03,53,33,20,0.53,50.9,35.0,15.9,0.42,La Liga,2020-2021,22702270477938803
82,Sheffield Utd,27,26.7,38,3420,90,100,38.0,418,83.0,315.0,103,25,198,0.61,20,63,-43,-1.13,31.4,62.4,-31.0,-0.82,Premier League,2020-2021,93216768512646707
83,Southampton,29,26.6,38,3420,90,100,38.0,418,85.0,314.0,101,19,215,1.13,47,68,-21,-0.55,42.4,54.2,-11.8,-0.31,Premier League,2020-2021,21037626007536306
84,Spezia,35,25.2,38,3420,90,100,38.0,418,80.0,234.0,180,22,268,1.03,52,72,-20,-0.53,46.7,69.3,-22.6,-0.59,Serie A,2020-2021,41730244034743257
85,Strasbourg,26,26.8,38,3420,90,100,38.0,418,84.0,271.0,144,17,196,1.11,49,58,-9,-0.24,52.6,46.6,6.0,0.16,Ligue 1,2020-2021,92234479374253707
86,Stuttgart,29,24.1,34,3060,90,100,34.0,374,81.0,217.0,156,21,150,1.32,56,55,1,0.03,53.2,53.3,-0.1,0.0,Bundesliga,2020-2021,81761661302668293
87,Torino,29,26.9,38,3420,90,100,38.0,418,83.0,269.0,147,20,280,0.97,50,69,-19,-0.5,50.2,59.0,-8.8,-0.23,Serie A,2020-2021,21846272194836439
88,Tottenham,24,27.2,38,3420,90,100,38.0,418,85.0,305.0,112,20,204,1.63,68,45,23,0.61,54.5,49.5,5.0,0.13,Premier League,2020-2021,22006624071753704
89,Udinese,33,27.2,38,3420,90,100,38.0,418,83.0,272.0,146,20,272,1.05,42,58,-16,-0.42,42.9,52.1,-9.2,-0.24,Serie A,2020-2021,48393495896639342
90,Union Berlin,27,27.3,34,3060,90,100,34.0,374,82.0,227.0,146,19,150,1.47,50,43,7,0.21,45.8,41.3,4.5,0.13,Bundesliga,2020-2021,71630543971501382
91,Valencia,30,25.2,38,3420,90,100,38.0,418,83.0,263.0,150,19,283,1.13,50,53,-3,-0.08,43.9,54.0,-10.2,-0.27,La Liga,2020-2021,65158650443085242
92,Valladolid,32,28.1,38,3420,90,100,38.0,418,81.0,246.0,170,21,246,0.82,34,57,-23,-0.61,37.1,51.8,-14.7,-0.39,La Liga,2020-2021,44089518275887893
93,Villarreal,29,28.0,38,3420,90,100,38.0,418,82.0,253.0,165,20,238,1.53,60,44,16,0.42,58.0,43.5,14.5,0.38,La Liga,2020-2021,63335634096533483
94,Werder Bremen,27,26.3,34,3060,90,100,34.0,374,82.0,231.0,144,20,162,0.91,36,57,-21,-0.62,33.8,51.0,-17.2,-0.5,Bundesliga,2020-2021,59303898890876434
95,West Brom,30,26.4,38,3420,90,100,38.0,418,84.0,311.0,104,22,211,0.68,35,76,-41,-1.08,33.8,67.7,-34.0,-0.89,Premier League,2020-2021,26775906631723373
96,West Ham,24,27.8,38,3420,90,100,38.0,418,86.0,316.0,99,17,214,1.71,62,47,15,0.39,53.9,48.3,5.6,0.15,Premier League,2020-2021,57680956417459581
97,Wolfsburg,26,25.6,34,3060,90,100,34.0,374,85.0,243.0,128,15,173,1.79,61,37,24,0.71,49.5,42.0,7.4,0.22,Bundesliga,2020-2021,85159484018358879
98,Wolves,27,26.3,38,3420,90,100,38.0,418,85.0,313.0,106,19,204,1.18,36,52,-16,-0.42,39.9,45.9,-6.0,-0.16,Premier League,2020-2021,24001928852251903
1,Alavés,32,27.6,38,3420,90,100,38.0,418,83.0,0.0,133,22,187,1.03,34,59,-25,-0.66,37.0,53.2,-16.2,-0.43,La Liga,2019-2020,37745278530914180
2,Amiens,27,27.4,28,2520,90,100,28.0,308,84.0,0.0,83,19,113,0.82,31,50,-19,-0.68,26.7,35.4,-8.7,-0.31,Ligue 1,2019-2020,20069478421376018
3,Angers,26,28.0,28,2520,90,100,28.0,308,84.0,0.0,80,23,116,1.39,28,33,-5,-0.18,27.0,28.7,-1.6,-0.06,Ligue 1,2019-2020,66587352409382849
4,Arsenal,29,25.8,38,3420,90,100,38.0,418,83.0,0.0,123,21,163,1.47,56,48,8,0.21,49.2,56.6,-7.3,-0.19,Premier League,2019-2020,5838645288327307
5,Aston Villa,28,25.7,38,3420,90,100,38.0,418,84.0,0.0,113,22,173,0.92,41,67,-26,-0.68,40.1,65.9,-25.8,-0.68,Premier League,2019-2020,14348480492050895
6,Atalanta,30,27.2,38,3420,90,100,38.0,418,82.0,0.0,134,23,268,2.05,98,48,50,1.32,81.8,41.4,40.5,1.07,Serie A,2019-2020,87465877057901989
7,Athletic Club,26,26.7,38,3420,90,100,38.0,418,83.0,0.0,130,21,189,1.34,41,38,3,0.08,38.5,46.2,-7.7,-0.2,La Liga,2019-2020,4823083458145023
8,Atlético Madrid,30,26.1,38,3420,90,100,38.0,418,82.0,0.0,130,23,187,1.84,51,27,24,0.63,52.6,30.8,21.8,0.57,La Liga,2019-2020,74713976168286555
9,Augsburg,28,26.2,34,3060,90,100,34.0,374,84.0,0.0,111,19,193,1.06,45,63,-18,-0.53,42.1,54.9,-12.9,-0.38,Bundesliga,2019-2020,82828683183786310
10,Barcelona,28,27.8,38,3420,90,100,38.0,418,83.0,0.0,123,22,183,2.16,86,38,48,1.26,66.2,36.0,30.2,0.79,La Liga,2019-2020,81744823723090567
11,Bayern Munich,29,26.7,34,3060,90,100,34.0,374,84.0,0.0,104,21,163,2.41,100,32,68,2.0,82.3,34.3,48.0,1.41,Bundesliga,2019-2020,7510926916741648
12,Betis,27,27.5,38,3420,90,100,38.0,418,83.0,0.0,132,20,182,1.08,48,60,-12,-0.32,47.3,49.5,-2.2,-0.06,La Liga,2019-2020,9423348454032625
13,Bologna,31,27.2,38,3420,90,100,38.0,418,83.0,0.0,136,20,274,1.24,52,65,-13,-0.34,53.1,54.9,-1.8,-0.05,Serie A,2019-2020,23275147453355121
14,Bordeaux,26,26.9,28,2520,90,100,28.0,308,84.0,0.0,84,20,111,1.32,40,34,6,0.21,29.7,33.3,-3.5,-0.13,Ligue 1,2019-2020,12683680850395737
15,Bournemouth,27,25.2,38,3420,90,100,38.0,418,84.0,0.0,108,23,176,0.89,40,65,-25,-0.66,42.7,57.5,-14.8,-0.39,Premier League,2019-2020,36088947257895306
16,Brescia,32,25.6,38,3420,90,100,38.0,418,83.0,0.0,121,23,235,0.66,35,79,-44,-1.16,42.4,77.6,-35.2,-0.93,Serie A,2019-2020,24926529561002350
17,Brest,24,26.1,28,2520,90,100,28.0,308,85.0,0.0,82,18,114,1.21,34,37,-3,-0.11,30.2,40.5,-10.3,-0.37,Ligue 1,2019-2020,27328509848090670
18,Brighton,25,26.4,38,3420,90,100,38.0,418,84.0,0.0,128,20,155,1.08,39,54,-15,-0.39,41.2,54.5,-13.3,-0.35,Premier League,2019-2020,49072214318111932
19,Burnley,22,28.0,38,3420,90,100,38.0,418,86.0,0.0,74,20,206,1.42,43,50,-7,-0.18,43.9,48.3,-4.4,-0.12,Premier League,2019-2020,21823480134907726
20,Cagliari,33,27.4,38,3420,90,100,38.0,418,83.0,0.0,129,21,298,1.18,52,56,-4,-0.11,41.4,57.2,-15.9,-0.42,Serie A,2019-2020,32968728316179674
21,Celta Vigo,30,25.8,38,3420,90,100,38.0,418,83.0,0.0,130,20,187,0.97,37,49,-12,-0.32,37.7,42.0,-4.3,-0.11,La Liga,2019-2020,14218303985450920
22,Chelsea,27,25.5,38,3420,90,100,38.0,418,84.0,0.0,117,20,166,1.74,69,54,15,0.39,66.6,37.9,28.6,0.75,Premier League,2019-2020,58172670324373785
23,Crystal Palace,25,29.4,38,3420,90,100,38.0,418,85.0,0.0,98,20,185,1.13,31,50,-19,-0.5,34.0,51.3,-17.3,-0.46,Premier League,2019-2020,15352059381074619
24,Dijon,28,26.9,28,2520,90,100,28.0,308,83.0,0.0,82,25,114,1.07,27,37,-10,-0.36,28.9,43.1,-14.3,-0.51,Ligue 1,2019-2020,59239312409540653
25,Dortmund,27,25.8,34,3060,90,100,34.0,374,84.0,0.0,111,19,191,2.03,84,41,43,1.26,59.2,39.4,19.8,0.58,Bundesliga,2019-2020,6921931827204601
26,Düsseldorf,28,27.1,34,3060,90,100,34.0,374,84.0,0.0,115,21,188,0.88,36,67,-31,-0.91,33.0,56.2,-23.2,-0.68,Bundesliga,2019-2020,6414184432322702
27,Eibar,26,29.3,38,3420,90,100,38.0,418,84.0,0.0,128,19,185,1.11,39,56,-17,-0.45,41.4,51.0,-9.6,-0.25,La Liga,2019-2020,67267904110326262
28,Eint Frankfurt,27,27.0,34,3060,90,100,34.0,374,84.0,0.0,109,21,194,1.32,59,60,-1,-0.03,52.5,49.1,3.4,0.1,Bundesliga,2019-2020,37929111009288632
29,Espanyol,31,27.7,38,3420,90,100,38.0,418,83.0,0.0,130,19,189,0.66,27,58,-31,-0.82,33.0,44.4,-11.4,-0.3,La Liga,2019-2020,71314269182841176
30,Everton,24,25.5,38,3420,90,100,38.0,418,83.0,0.0,120,24,164,1.29,44,56,-12,-0.32,49.3,48.4,0.9,0.02,Premier League,2019-2020,57482013681231466
31,Fiorentina,33,25.1,38,3420,90,100,38.0,418,83.0,0.0,129,21,323,1.29,51,48,3,0.08,54.7,48.9,5.8,0.15,Serie A,2019-2020,24325362613855847
32,Freiburg,26,26.4,34,3060,90,100,34.0,374,84.0,0.0,111,20,189,1.41,48,47,1,0.03,41.7,60.9,-19.2,-0.56,Bundesliga,2019-2020,17577284562417651
33,Genoa,34,26.8,38,3420,90,100,38.0,418,82.0,0.0,135,23,305,1.03,47,73,-26,-0.68,47.4,59.2,-11.8,-0.31,Serie A,2019-2020,87033800759594150
34,Getafe,30,27.5,38,3420,90,100,38.0,418,84.0,0.0,128,19,175,1.42,43,37,6,0.16,37.9,39.0,-1.1,-0.03,La Liga,2019-2020,23789167582387071
35,Granada,27,26.8,38,3420,90,100,38.0,418,82.0,0.0,133,24,174,1.47,52,45,7,0.18,40.9,41.1,-0.2,0.0,La Liga,2019-2020,45137124328012624
36,Hellas Verona,30,26.1,38,3420,90,100,38.0,418,83.0,0.0,128,22,320,1.29,47,51,-4,-0.11,49.2,52.5,-3.3,-0.09,Serie A,2019-2020,45227680351245381
37,Hertha BSC,32,26.2,34,3060,90,100,34.0,374,83.0,0.0,109,22,195,1.21,48,59,-11,-0.32,40.6,51.4,-10.8,-0.32,Bundesliga,2019-2020,59737400018465050
38,Hoffenheim,31,26.0,34,3060,90,100,34.0,374,82.0,0.0,114,24,187,1.53,53,53,0,0.0,49.9,51.8,-2.0,-0.06,Bundesliga,2019-2020,29322720181807625
39,Inter,29,27.7,38,3420,90,100,38.0,418,84.0,0.0,134,18,298,2.16,81,36,45,1.18,72.3,40.6,31.6,0.83,Serie A,2019-2020,53198597771575973
40,Juventus,30,28.6,38,3420,90,100,38.0,418,82.0,0.0,127,25,272,2.18,76,43,33,0.87,68.7,41.8,26.9,0.71,Serie A,2019-2020,19371054131726661
41,Köln,29,25.6,34,3060,90,100,34.0,374,82.0,0.0,117,24,187,1.06,51,69,-18,-0.53,47.2,51.5,-4.3,-0.13,Bundesliga,2019-2020,39731782814123330
42,Lazio,27,27.9,38,3420,90,100,38.0,418,83.0,0.0,137,22,307,2.05,79,42,37,0.97,68.4,49.5,18.9,0.5,Serie A,2019-2020,90751438076496109
43,Lecce,30,28.7,38,3420,90,100,38.0,418,82.0,0.0,120,26,325,0.92,52,85,-33,-0.87,53.9,84.0,-30.1,-0.79,Serie A,2019-2020,92912790925867566
44,Leganés,29,26.9,38,3420,90,100,38.0,418,82.0,0.0,130,25,190,0.95,30,51,-21,-0.55,37.3,39.0,-1.6,-0.04,La Liga,2019-2020,20237473683555152
45,Leicester City,24,26.1,38,3420,90,100,38.0,418,84.0,0.0,112,21,172,1.63,67,41,26,0.68,61.6,44.5,17.1,0.45,Premier League,2019-2020,18776461863573874
46,Levante,29,27.7,38,3420,90,100,38.0,418,84.0,0.0,134,19,187,1.29,47,53,-6,-0.16,41.9,60.7,-18.8,-0.5,La Liga,2019-2020,1566092639264277
47,Leverkusen,24,26.1,34,3060,90,100,34.0,374,82.0,0.0,113,25,186,1.85,61,44,17,0.5,56.6,45.1,11.5,0.34,Bundesliga,2019-2020,36794408106212849
48,Lille,25,24.3,28,2520,90,100,28.0,308,85.0,0.0,80,17,116,1.75,35,27,8,0.29,39.7,29.7,10.0,0.36,Ligue 1,2019-2020,85603837513355486
49,Liverpool,24,26.6,38,3420,90,100,38.0,418,85.0,0.0,127,17,157,2.61,85,33,52,1.37,71.5,40.0,31.5,0.83,Premier League,2019-2020,41956650829873911
50,Lyon,27,24.8,28,2520,90,100,28.0,308,84.0,0.0,81,21,115,1.43,42,27,15,0.54,37.2,26.0,11.2,0.4,Ligue 1,2019-2020,87005642993871754
51,M'Gladbach,25,26.3,34,3060,90,100,34.0,374,84.0,0.0,112,18,183,1.91,66,40,26,0.76,66.4,42.4,23.9,0.7,Bundesliga,2019-2020,81611584009946193
52,Mainz 05,25,24.6,34,3060,90,100,34.0,374,83.0,0.0,117,23,189,1.09,44,65,-21,-0.62,44.3,57.3,-13.0,-0.38,Bundesliga,2019-2020,71158960989778912
53,Mallorca,32,26.8,38,3420,90,100,38.0,418,83.0,0.0,132,22,185,0.87,40,65,-25,-0.66,39.2,60.6,-21.4,-0.56,La Liga,2019-2020,96459977719332900
54,Manchester City,24,26.9,38,3420,90,100,38.0,418,83.0,0.0,120,22,166,2.13,102,35,67,1.76,93.0,34.7,58.3,1.53,Premier League,2019-2020,74026506610392765
55,Manchester Utd,29,24.8,38,3420,90,100,38.0,418,85.0,0.0,119,16,165,1.74,66,36,30,0.79,59.4,37.4,22.0,0.58,Premier League,2019-2020,29078730489839024
56,Marseille,23,27.1,28,2520,90,100,28.0,308,86.0,0.0,82,15,114,2.0,41,29,12,0.43,34.7,30.5,4.2,0.15,Ligue 1,2019-2020,66190039714113630
57,Metz,24,25.9,28,2520,90,100,28.0,308,85.0,0.0,77,18,119,1.21,27,35,-8,-0.29,27.3,34.2,-6.9,-0.25,Ligue 1,2019-2020,14635757597311544
58,Milan,32,24.6,38,3420,90,100,38.0,418,82.0,0.0,128,25,302,1.74,63,46,17,0.45,59.5,47.1,12.4,0.33,Serie A,2019-2020,59378513948613436
59,Monaco,28,26.0,28,2520,90,100,28.0,308,85.0,0.0,76,16,117,1.43,44,44,0,0.0,48.0,39.9,8.0,0.29,Ligue 1,2019-2020,79093238158793616
60,Montpellier,27,28.5,28,2520,90,100,28.0,308,86.0,0.0,74,16,121,1.43,35,34,1,0.04,32.0,34.1,-2.2,-0.08,Ligue 1,2019-2020,32434714471076965
61,Nantes,29,25.4,28,2520,90,100,28.0,308,86.0,0.0,71,17,124,1.32,28,31,-3,-0.11,27.8,33.6,-5.8,-0.21,Ligue 1,2019-2020,25802633648495862
62,Napoli,25,26.9,38,3420,90,100,38.0,418,83.0,0.0,135,21,277,1.63,61,50,11,0.29,62.4,39.4,23.0,0.6,Serie A,2019-2020,10516137814401134
63,Newcastle Utd,28,26.5,38,3420,90,100,38.0,418,84.0,0.0,118,20,166,1.16,38,58,-20,-0.53,33.1,58.3,-25.2,-0.66,Premier League,2019-2020,29528772732587842
64,Nice,31,23.9,28,2520,90,100,28.0,308,84.0,0.0,82,18,114,1.46,41,38,3,0.11,35.2,41.7,-6.5,-0.23,Ligue 1,2019-2020,11720969662561653
65,Nîmes,28,25.4,28,2520,90,100,28.0,308,85.0,0.0,80,15,116,0.96,29,44,-15,-0.54,29.6,44.0,-14.3,-0.51,Ligue 1,2019-2020,83514802313158576
66,Norwich City,30,26.0,38,3420,90,100,38.0,418,85.0,0.0,126,17,157,0.55,26,75,-49,-1.29,38.0,61.9,-23.9,-0.63,Premier League,2019-2020,42809968147687487
67,Osasuna,31,27.7,38,3420,90,100,38.0,418,83.0,0.0,129,20,185,1.37,46,54,-8,-0.21,44.5,46.2,-1.7,-0.04,La Liga,2019-2020,83352675823776457
68,Paderborn 07,27,25.7,34,3060,90,100,34.0,374,83.0,0.0,119,22,187,0.59,37,74,-37,-1.09,38.4,67.5,-29.0,-0.85,Bundesliga,2019-2020,13210847894253626
69,Paris S-G,31,27.2,27,2430,90,100,27.0,297,84.0,0.0,79,23,110,2.52,75,24,51,1.89,70.9,22.8,48.1,1.78,Ligue 1,2019-2020,11177590892093073
70,Parma,25,28.8,38,3420,90,100,38.0,418,83.0,0.0,136,22,244,1.29,56,57,-1,-0.03,46.6,62.1,-15.5,-0.41,Serie A,2019-2020,62695319081093388
71,RB Leipzig,29,24.2,34,3060,90,100,34.0,374,83.0,0.0,113,23,182,1.94,81,37,44,1.29,71.0,36.2,34.8,1.02,Bundesliga,2019-2020,68159208261559796
72,Real Madrid,26,27.6,38,3420,90,100,38.0,418,85.0,0.0,120,18,198,2.29,70,25,45,1.18,63.4,28.4,35.0,0.92,La Liga,2019-2020,29627131003986350
73,Real Sociedad,27,24.8,38,3420,90,100,38.0,418,83.0,0.0,126,22,195,1.47,56,48,8,0.21,45.2,39.2,6.0,0.16,La Liga,2019-2020,57299950304530590
74,Reims,26,25.3,28,2520,90,100,28.0,308,85.0,0.0,81,18,115,1.46,26,21,5,0.18,28.4,26.3,2.1,0.07,Ligue 1,2019-2020,67732085073987538
75,Rennes,26,25.5,28,2520,90,100,28.0,308,85.0,0.0,83,17,111,1.79,38,24,14,0.5,36.3,29.4,7.0,0.25,Ligue 1,2019-2020,96819424452761337
76,Roma,31,26.9,38,3420,90,100,38.0,418,83.0,0.0,131,21,272,1.84,77,51,26,0.68,72.6,48.3,24.3,0.64,Serie A,2019-2020,764736481564168
77,Saint-Étienne,31,27.0,28,2520,90,100,28.0,308,84.0,0.0,82,23,114,1.07,29,45,-16,-0.57,28.8,35.4,-6.6,-0.24,Ligue 1,2019-2020,56226069621228236
78,Sampdoria,31,26.0,38,3420,90,100,38.0,418,82.0,0.0,127,24,321,1.11,48,65,-17,-0.45,51.2,53.3,-2.2,-0.06,Serie A,2019-2020,89407679695143145
79,Sassuolo,31,26.4,38,3420,90,100,38.0,418,83.0,0.0,138,21,306,1.34,69,63,6,0.16,56.0,63.8,-7.8,-0.21,Serie A,2019-2020,79200252522790650
80,Schalke 04,29,24.6,34,3060,90,100,34.0,374,84.0,0.0,106,21,179,1.15,38,58,-20,-0.59,35.4,49.7,-14.4,-0.42,Bundesliga,2019-2020,24345039935475884
81,Sevilla,26,27.7,38,3420,90,100,38.0,418,83.0,0.0,133,23,187,1.84,54,34,20,0.53,47.1,33.6,13.6,0.36,La Liga,2019-2020,22702270477938803
82,Sheffield Utd,26,26.9,38,3420,90,100,38.0,418,84.0,0.0,110,22,171,1.42,39,39,0,0.0,41.5,47.9,-6.4,-0.17,Premier League,2019-2020,93216768512646707
83,Southampton,25,25.9,38,3420,90,100,38.0,418,85.0,0.0,111,18,171,1.37,51,60,-9,-0.24,54.0,53.1,0.9,0.02,Premier League,2019-2020,21037626007536306
84,SPAL,34,27.5,38,3420,90,100,38.0,418,83.0,0.0,129,22,307,0.53,27,77,-50,-1.32,39.1,67.5,-28.3,-0.75,Serie A,2019-2020,73622612860183040
85,Strasbourg,25,25.8,27,2430,90,100,27.0,297,86.0,0.0,80,15,109,1.41,32,32,0,0.0,34.9,30.8,4.1,0.15,Ligue 1,2019-2020,92234479374253707
86,Torino,27,27.3,38,3420,90,100,38.0,418,84.0,0.0,118,21,277,1.05,46,68,-22,-0.58,42.4,62.8,-20.4,-0.54,Serie A,2019-2020,21846272194836439
87,Tottenham,29,26.7,38,3420,90,100,38.0,418,85.0,0.0,113,18,171,1.55,61,47,14,0.37,46.1,52.0,-6.0,-0.16,Premier League,2019-2020,22006624071753704
88,Toulouse,30,25.1,28,2520,90,100,28.0,308,84.0,0.0,82,20,113,0.46,22,58,-36,-1.29,30.1,44.2,-14.1,-0.5,Ligue 1,2019-2020,94523000561782573
89,Udinese,25,26.5,38,3420,90,100,38.0,418,84.0,0.0,124,19,299,1.18,37,51,-14,-0.37,40.6,51.7,-11.1,-0.29,Serie A,2019-2020,48393495896639342
90,Union Berlin,26,27.7,34,3060,90,100,34.0,374,84.0,0.0,113,20,193,1.21,41,58,-17,-0.5,38.3,51.5,-13.2,-0.39,Bundesliga,2019-2020,71630543971501382
91,Valencia,28,27.0,38,3420,90,100,38.0,418,83.0,0.0,132,22,187,1.39,46,53,-7,-0.18,40.3,52.3,-12.0,-0.32,La Liga,2019-2020,65158650443085242
92,Valladolid,30,27.1,38,3420,90,100,38.0,418,83.0,0.0,126,22,179,1.11,32,43,-11,-0.29,35.5,46.3,-10.8,-0.28,La Liga,2019-2020,44089518275887893
93,Villarreal,25,27.6,38,3420,90,100,38.0,418,84.0,0.0,132,20,188,1.58,63,49,14,0.37,57.0,44.6,12.4,0.33,La Liga,2019-2020,63335634096533483
94,Watford,26,28.9,38,3420,90,100,38.0,418,84.0,0.0,113,20,171,0.89,36,64,-28,-0.74,45.1,57.3,-12.2,-0.32,Premier League,2019-2020,73743918793554398
95,Werder Bremen,30,26.7,34,3060,90,100,34.0,374,84.0,0.0,117,18,168,0.91,42,69,-27,-0.79,41.4,48.1,-6.7,-0.2,Bundesliga,2019-2020,59303898890876434
96,West Ham,29,27.4,38,3420,90,100,38.0,418,85.0,0.0,107,21,177,1.03,49,62,-13,-0.34,46.2,61.1,-14.8,-0.39,Premier League,2019-2020,57680956417459581
97,Wolfsburg,26,26.0,34,3060,90,100,34.0,374,85.0,0.0,106,18,199,1.44,48,46,2,0.06,47.3,40.1,7.3,0.21,Bundesliga,2019-2020,85159484018358879
98,Wolves,21,26.6,38,3420,90,100,38.0,418,86.0,0.0,97,19,187,1.55,51,40,11,0.29,47.1,34.8,12.3,0.32,Premier League,2019-2020,24001928852251903
1,Alavés,26,26.7,38,3420,90,100,38.0,418,85.0,0.0,113,17,153,1.32,39,50,-11,-0.29,37.3,51.0,-13.7,-0.36,La Liga,2018-2019,37745278530914180
2,Amiens,26,26.5,38,3420,90,100,38.0,418,85.0,0.0,106,17,160,1.0,31,52,-21,-0.55,34.6,46.4,-11.8,-0.31,Ligue 1,2018-2019,20069478421376018
3,Angers,24,28.0,38,3420,90,100,38.0,418,85.0,0.0,110,19,155,1.21,44,49,-5,-0.13,47.7,46.9,0.7,0.02,Ligue 1,2018-2019,66587352409382849
4,Arsenal,28,26.7,38,3420,90,100,38.0,418,83.0,0.0,113,26,153,1.84,73,51,22,0.58,58.0,54.1,3.9,0.1,Premier League,2018-2019,5838645288327307
5,Atalanta,27,26.5,38,3420,90,100,38.0,418,84.0,308.0,109,22,311,1.82,77,46,31,0.82,66.9,41.2,25.7,0.68,Serie A,2018-2019,87465877057901989
6,Athletic Club,27,27.6,38,3420,90,100,38.0,418,85.0,0.0,113,19,153,1.39,41,45,-4,-0.11,40.2,43.8,-3.6,-0.09,La Liga,2018-2019,4823083458145023
7,Atlético Madrid,29,26.4,38,3420,90,100,38.0,418,83.0,0.0,105,26,160,2.0,55,29,26,0.68,46.0,38.7,7.3,0.19,La Liga,2018-2019,74713976168286555
8,Augsburg,30,26.5,34,3060,90,100,34.0,374,85.0,0.0,94,22,144,0.94,51,71,-20,-0.59,43.3,57.5,-14.1,-0.42,Bundesliga,2018-2019,82828683183786310
9,Barcelona,30,27.7,38,3420,90,100,38.0,418,84.0,0.0,112,21,154,2.29,90,36,54,1.42,73.8,40.5,33.3,0.88,La Liga,2018-2019,81744823723090567
10,Bayern Munich,24,27.4,34,3060,90,100,34.0,374,85.0,0.0,102,20,133,2.29,88,32,56,1.65,80.8,25.9,55.0,1.62,Bundesliga,2018-2019,7510926916741648
11,Betis,25,26.7,38,3420,90,100,38.0,418,84.0,0.0,113,21,153,1.32,44,52,-8,-0.21,48.8,47.1,1.7,0.04,La Liga,2018-2019,9423348454032625
12,Bologna,29,27.0,38,3420,90,100,38.0,418,85.0,301.0,112,19,339,1.16,48,56,-8,-0.21,47.4,46.7,0.7,0.02,Serie A,2018-2019,23275147453355121
13,Bordeaux,33,25.3,38,3420,90,100,38.0,418,84.0,0.0,110,21,156,1.08,34,42,-8,-0.21,40.3,53.2,-12.8,-0.34,Ligue 1,2018-2019,12683680850395737
14,Bournemouth,28,26.6,38,3420,90,100,38.0,418,86.0,0.0,104,17,162,1.18,56,70,-14,-0.37,54.2,55.7,-1.5,-0.04,Premier League,2018-2019,36088947257895306
15,Brighton,21,27.4,38,3420,90,100,38.0,418,84.0,0.0,99,22,167,0.95,35,60,-25,-0.66,34.1,56.0,-21.9,-0.58,Premier League,2018-2019,49072214318111932
16,Burnley,23,28.0,38,3420,90,100,38.0,418,86.0,0.0,86,18,180,1.05,45,68,-23,-0.61,40.7,63.0,-22.3,-0.59,Premier League,2018-2019,21823480134907726
17,Caen,27,25.8,38,3420,90,100,38.0,418,84.0,0.0,113,22,153,0.87,29,54,-25,-0.66,31.1,57.6,-26.5,-0.7,Ligue 1,2018-2019,21277886218272520
18,Cagliari,30,27.9,38,3420,90,100,38.0,418,84.0,296.0,113,21,310,1.08,36,54,-18,-0.47,39.1,58.5,-19.4,-0.51,Serie A,2018-2019,32968728316179674
19,Cardiff City,25,27.7,38,3420,90,100,38.0,418,85.0,0.0,109,18,157,0.89,34,69,-35,-0.92,39.5,61.4,-21.9,-0.58,Premier League,2018-2019,69924771535350567
20,Celta Vigo,28,25.5,38,3420,90,100,38.0,418,85.0,0.0,110,18,156,1.08,53,62,-9,-0.24,44.8,59.9,-15.0,-0.4,La Liga,2018-2019,14218303985450920
21,Chelsea,24,27.3,38,3420,90,100,38.0,418,85.0,0.0,113,20,153,1.89,63,39,24,0.63,58.2,35.0,23.2,0.61,Premier League,2018-2019,58172670324373785
22,Chievo,36,28.3,38,3420,90,100,38.0,418,83.0,300.0,113,23,327,0.45,25,75,-50,-1.32,35.6,59.6,-23.9,-0.63,Serie A,2018-2019,83748145049842906
23,Crystal Palace,26,27.4,38,3420,90,100,38.0,418,87.0,0.0,92,14,174,1.29,51,53,-2,-0.05,50.9,47.9,3.0,0.08,Premier League,2018-2019,15352059381074619
24,Dijon,26,27.1,38,3420,90,100,38.0,418,84.0,0.0,112,19,154,0.89,31,60,-29,-0.76,39.5,61.0,-21.5,-0.57,Ligue 1,2018-2019,59239312409540653
25,Dortmund,23,24.8,34,3060,90,100,34.0,374,85.0,0.0,100,17,137,2.24,81,44,37,1.09,58.4,39.5,18.9,0.56,Bundesliga,2018-2019,6921931827204601
26,Düsseldorf,24,26.9,34,3060,90,100,34.0,374,85.0,0.0,97,19,140,1.29,49,65,-16,-0.47,46.7,60.2,-13.5,-0.4,Bundesliga,2018-2019,6414184432322702
27,Eibar,25,28.5,38,3420,90,100,38.0,418,85.0,0.0,111,19,154,1.24,46,50,-4,-0.11,50.7,45.1,5.7,0.15,La Liga,2018-2019,67267904110326262
28,Eint Frankfurt,30,26.4,34,3060,90,100,34.0,374,84.0,0.0,93,21,145,1.59,60,48,12,0.35,55.4,50.5,4.9,0.14,Bundesliga,2018-2019,37929111009288632
29,Empoli,29,26.4,38,3420,90,100,38.0,418,85.0,311.0,106,21,319,1.0,51,70,-19,-0.5,52.0,61.0,-8.9,-0.24,Serie A,2018-2019,77726683749984272
30,Espanyol,25,27.7,38,3420,90,100,38.0,418,85.0,0.0,114,18,152,1.39,48,50,-2,-0.05,48.8,50.8,-2.0,-0.05,La Liga,2018-2019,71314269182841176
31,Everton,23,25.7,38,3420,90,100,38.0,418,85.0,0.0,111,16,155,1.42,54,46,8,0.21,47.3,46.4,0.9,0.02,Premier League,2018-2019,57482013681231466
32,Fiorentina,27,24.1,38,3420,90,100,38.0,418,84.0,306.0,109,23,316,1.08,47,45,2,0.05,52.4,42.3,10.2,0.27,Serie A,2018-2019,24325362613855847
33,Freiburg,28,25.8,34,3060,90,100,34.0,374,85.0,0.0,101,20,137,1.06,46,61,-15,-0.44,42.2,55.4,-13.3,-0.39,Bundesliga,2018-2019,17577284562417651
34,Frosinone,33,26.4,38,3420,90,100,38.0,418,85.0,306.0,110,20,339,0.66,29,69,-40,-1.05,35.5,60.8,-25.3,-0.67,Serie A,2018-2019,87953309350363757
35,Fulham,28,26.0,38,3420,90,100,38.0,418,84.0,0.0,108,22,158,0.68,34,81,-47,-1.24,39.0,65.4,-26.4,-0.7,Premier League,2018-2019,19227944656237519
36,Genoa,31,26.0,38,3420,90,100,38.0,418,83.0,300.0,112,23,327,1.0,39,57,-18,-0.47,43.6,53.8,-10.2,-0.27,Serie A,2018-2019,87033800759594150
37,Getafe,26,27.5,38,3420,90,100,38.0,418,85.0,0.0,114,18,152,1.55,48,35,13,0.34,44.7,40.7,4.0,0.11,La Liga,2018-2019,23789167582387071
38,Girona,26,26.6,38,3420,90,100,38.0,418,85.0,0.0,113,19,153,0.97,37,53,-16,-0.42,38.6,50.5,-11.9,-0.31,La Liga,2018-2019,12545195302828957
39,Guingamp,30,26.0,38,3420,90,100,38.0,418,84.0,0.0,107,21,158,0.71,28,68,-40,-1.05,39.9,50.1,-10.2,-0.27,Ligue 1,2018-2019,16872092436156260
40,Hannover 96,32,26.3,34,3060,90,100,34.0,374,84.0,0.0,97,22,141,0.62,31,71,-40,-1.18,33.7,66.1,-32.4,-0.95,Bundesliga,2018-2019,10121335889457780
41,Hertha BSC,26,25.9,34,3060,90,100,34.0,374,85.0,0.0,92,20,145,1.26,49,57,-8,-0.24,47.9,59.4,-11.5,-0.34,Bundesliga,2018-2019,59737400018465050
42,Hoffenheim,29,25.5,34,3060,90,100,34.0,374,84.0,0.0,100,23,138,1.5,70,52,18,0.53,73.1,51.9,21.2,0.62,Bundesliga,2018-2019,29322720181807625
43,Huddersfield,31,26.2,38,3420,90,100,38.0,418,84.0,0.0,107,22,159,0.42,22,76,-54,-1.42,29.4,63.8,-34.5,-0.91,Premier League,2018-2019,70397411865897550
44,Huesca,30,26.7,38,3420,90,100,38.0,418,84.0,0.0,111,23,155,0.87,43,65,-22,-0.58,45.9,57.0,-11.2,-0.29,La Liga,2018-2019,16593090704373522
45,Inter,23,27.7,38,3420,90,100,38.0,418,85.0,303.0,114,20,251,1.82,57,33,24,0.63,64.1,38.2,25.9,0.68,Serie A,2018-2019,53198597771575973
46,Juventus,31,28.0,38,3420,90,100,38.0,418,85.0,315.0,102,20,251,2.37,70,30,40,1.05,58.2,36.1,22.1,0.58,Serie A,2018-2019,19371054131726661
47,Lazio,30,27.9,38,3420,90,100,38.0,418,83.0,301.0,113,24,328,1.55,56,46,10,0.26,56.4,42.7,13.7,0.36,Serie A,2018-2019,90751438076496109
48,Leganés,29,26.6,38,3420,90,100,38.0,418,85.0,0.0,112,17,154,1.18,37,43,-6,-0.16,37.4,40.0,-2.6,-0.07,La Liga,2018-2019,20237473683555152
49,Leicester City,25,25.9,38,3420,90,100,38.0,418,85.0,0.0,111,18,155,1.37,51,48,3,0.08,49.6,44.3,5.3,0.14,Premier League,2018-2019,18776461863573874
50,Levante,26,26.3,38,3420,90,100,38.0,418,84.0,0.0,113,20,152,1.16,59,66,-7,-0.18,49.9,67.9,-17.9,-0.47,La Liga,2018-2019,1566092639264277
51,Leverkusen,21,25.3,34,3060,90,100,34.0,374,85.0,0.0,93,22,144,1.71,69,52,17,0.5,62.1,43.6,18.5,0.54,Bundesliga,2018-2019,36794408106212849
52,Lille,25,24.1,38,3420,90,100,38.0,418,86.0,0.0,112,15,154,1.97,68,33,35,0.92,58.4,42.8,15.6,0.41,Ligue 1,2018-2019,85603837513355486
53,Liverpool,23,26.1,38,3420,90,100,38.0,418,86.0,0.0,109,15,157,2.55,89,22,67,1.76,74.7,30.5,44.2,1.16,Premier League,2018-2019,41956650829873911
54,Lyon,25,24.4,38,3420,90,100,38.0,418,85.0,0.0,108,19,158,1.89,70,47,23,0.61,73.8,42.2,31.6,0.83,Ligue 1,2018-2019,87005642993871754
55,M'Gladbach,22,26.5,34,3060,90,100,34.0,374,84.0,0.0,102,20,136,1.62,55,42,13,0.38,51.1,49.6,1.5,0.04,Bundesliga,2018-2019,81611584009946193
56,Mainz 05,28,24.2,34,3060,90,100,34.0,374,85.0,0.0,102,20,136,1.26,46,57,-11,-0.32,48.5,57.2,-8.8,-0.26,Bundesliga,2018-2019,71158960989778912
57,Manchester City,21,26.7,38,3420,90,100,38.0,418,86.0,0.0,108,17,158,2.58,95,23,72,1.89,82.0,25.3,56.7,1.49,Premier League,2018-2019,74026506610392765
58,Manchester Utd,28,26.3,38,3420,90,100,38.0,418,85.0,0.0,112,20,154,1.74,65,54,11,0.29,59.4,48.1,11.3,0.3,Premier League,2018-2019,29078730489839024
59,Marseille,24,26.9,38,3420,90,100,38.0,418,85.0,0.0,110,17,156,1.61,60,52,8,0.21,52.6,46.2,6.4,0.17,Ligue 1,2018-2019,66190039714113630
60,Milan,23,24.8,38,3420,90,100,38.0,418,85.0,309.0,104,20,334,1.79,55,36,19,0.5,48.1,40.0,8.1,0.21,Serie A,2018-2019,59378513948613436
61,Monaco,42,25.6,38,3420,90,100,38.0,418,84.0,0.0,102,21,163,0.95,38,57,-19,-0.5,48.7,47.2,1.6,0.04,Ligue 1,2018-2019,79093238158793616
62,Montpellier,25,28.0,38,3420,90,100,38.0,418,86.0,0.0,107,16,156,1.55,53,42,11,0.29,45.2,43.2,2.0,0.05,Ligue 1,2018-2019,32434714471076965
63,Nantes,33,25.9,38,3420,90,100,38.0,418,86.0,0.0,112,14,154,1.26,48,48,0,0.0,47.7,47.9,-0.2,-0.01,Ligue 1,2018-2019,25802633648495862
64,Napoli,26,27.0,38,3420,90,100,38.0,418,84.0,300.0,113,23,261,2.08,74,36,38,1.0,68.1,34.5,33.7,0.89,Serie A,2018-2019,10516137814401134
65,Newcastle Utd,24,26.9,38,3420,90,100,38.0,418,86.0,0.0,99,17,167,1.18,42,48,-6,-0.16,39.6,53.7,-14.1,-0.37,Premier League,2018-2019,29528772732587842
66,Nice,30,24.2,38,3420,90,100,38.0,418,85.0,0.0,109,18,157,1.47,30,35,-5,-0.13,44.2,49.0,-4.8,-0.13,Ligue 1,2018-2019,11720969662561653
67,Nîmes,23,24.1,38,3420,90,100,38.0,418,85.0,0.0,111,18,155,1.39,57,58,-1,-0.03,47.9,55.8,-7.9,-0.21,Ligue 1,2018-2019,83514802313158576
68,Nürnberg,27,24.9,34,3060,90,100,34.0,374,84.0,0.0,96,20,141,0.56,26,68,-42,-1.24,33.0,55.7,-22.6,-0.67,Bundesliga,2018-2019,10689243141507842
69,Paris S-G,30,26.2,38,3420,90,100,38.0,418,84.0,0.0,109,20,140,2.39,105,35,70,1.84,91.0,35.8,55.2,1.45,Ligue 1,2018-2019,11177590892093073
70,Parma,31,29.4,38,3420,90,100,38.0,418,85.0,302.0,113,19,306,1.08,41,61,-20,-0.53,38.6,65.2,-26.6,-0.7,Serie A,2018-2019,62695319081093388
71,Rayo Vallecano,29,26.6,38,3420,90,100,38.0,418,84.0,0.0,111,20,155,0.84,41,70,-29,-0.76,40.8,54.5,-13.7,-0.36,La Liga,2018-2019,75203699329351977
72,RB Leipzig,23,24.0,34,3060,90,100,34.0,374,86.0,0.0,100,15,138,1.94,63,29,34,1.0,60.8,35.1,25.7,0.76,Bundesliga,2018-2019,68159208261559796
73,Real Madrid,27,27.1,38,3420,90,100,38.0,418,84.0,0.0,112,21,154,1.79,63,46,17,0.45,61.3,45.6,15.7,0.41,La Liga,2018-2019,29627131003986350
74,Real Sociedad,30,24.9,38,3420,90,100,38.0,418,84.0,0.0,110,20,156,1.32,45,46,-1,-0.03,46.5,43.9,2.7,0.07,La Liga,2018-2019,57299950304530590
75,Reims,27,26.2,38,3420,90,100,38.0,418,85.0,0.0,112,19,154,1.45,39,42,-3,-0.08,40.6,44.9,-4.3,-0.11,Ligue 1,2018-2019,67732085073987538
76,Rennes,28,25.7,38,3420,90,100,38.0,418,85.0,0.0,105,20,161,1.37,55,52,3,0.08,52.2,48.7,3.5,0.09,Ligue 1,2018-2019,96819424452761337
77,Roma,26,27.5,38,3420,90,100,38.0,418,84.0,305.0,111,23,287,1.74,66,48,18,0.47,64.3,54.4,9.9,0.26,Serie A,2018-2019,764736481564168
78,Saint-Étienne,29,27.8,38,3420,90,100,38.0,418,85.0,0.0,113,18,151,1.74,59,41,18,0.47,55.8,50.3,5.5,0.14,Ligue 1,2018-2019,56226069621228236
79,Sampdoria,24,26.1,38,3420,90,100,38.0,418,84.0,303.0,112,22,314,1.39,60,51,9,0.24,49.8,52.7,-2.9,-0.08,Serie A,2018-2019,89407679695143145
80,Sassuolo,29,25.4,38,3420,90,100,38.0,418,84.0,299.0,113,21,333,1.13,53,60,-7,-0.18,46.4,57.2,-10.8,-0.28,Serie A,2018-2019,79200252522790650
81,Schalke 04,32,25.8,34,3060,90,100,34.0,374,84.0,0.0,97,21,141,0.97,37,55,-18,-0.53,43.1,49.7,-6.5,-0.19,Bundesliga,2018-2019,24345039935475884
82,Sevilla,27,27.9,38,3420,90,100,38.0,418,84.0,0.0,111,22,155,1.55,62,47,15,0.39,63.5,44.1,19.4,0.51,La Liga,2018-2019,22702270477938803
83,Southampton,30,25.4,38,3420,90,100,38.0,418,85.0,0.0,107,20,159,1.03,45,65,-20,-0.53,46.1,55.5,-9.4,-0.25,Premier League,2018-2019,21037626007536306
84,SPAL,28,27.8,38,3420,90,100,38.0,418,85.0,302.0,113,19,332,1.11,44,56,-12,-0.32,41.5,48.6,-7.0,-0.19,Serie A,2018-2019,73622612860183040
85,Strasbourg,26,26.2,38,3420,90,100,38.0,418,86.0,0.0,109,16,156,1.29,58,48,10,0.26,42.2,49.6,-7.4,-0.2,Ligue 1,2018-2019,92234479374253707
86,Stuttgart,26,26.3,34,3060,90,100,34.0,374,84.0,0.0,101,23,137,0.82,32,70,-38,-1.12,39.0,57.4,-18.3,-0.54,Bundesliga,2018-2019,81761661302668293
87,Torino,25,27.6,38,3420,90,100,38.0,418,85.0,304.0,112,20,273,1.66,52,37,15,0.39,49.3,48.0,1.3,0.04,Serie A,2018-2019,21846272194836439
88,Tottenham,28,26.8,38,3420,90,100,38.0,418,86.0,0.0,106,15,160,1.87,67,39,28,0.74,57.9,45.3,12.6,0.33,Premier League,2018-2019,22006624071753704
89,Toulouse,29,25.5,38,3420,90,100,38.0,418,85.0,0.0,102,20,163,1.0,35,57,-22,-0.58,44.0,58.6,-14.6,-0.38,Ligue 1,2018-2019,94523000561782573
90,Udinese,31,25.3,38,3420,90,100,38.0,418,85.0,311.0,104,19,297,1.13,39,53,-14,-0.37,41.5,57.7,-16.2,-0.43,Serie A,2018-2019,48393495896639342
91,Valencia,25,26.4,38,3420,90,100,38.0,418,84.0,0.0,108,23,158,1.61,51,35,16,0.42,57.3,40.3,17.0,0.45,La Liga,2018-2019,65158650443085242
92,Valladolid,28,27.4,38,3420,90,100,38.0,418,85.0,0.0,113,18,152,1.08,32,51,-19,-0.5,40.5,52.9,-12.5,-0.33,La Liga,2018-2019,44089518275887893
93,Villarreal,26,27.1,38,3420,90,100,38.0,418,85.0,0.0,113,19,152,1.16,49,52,-3,-0.08,50.7,53.4,-2.7,-0.07,La Liga,2018-2019,63335634096533483
94,Watford,25,28.5,38,3420,90,100,38.0,418,85.0,0.0,103,18,163,1.32,52,59,-7,-0.18,48.1,54.5,-6.3,-0.17,Premier League,2018-2019,73743918793554398
95,Werder Bremen,24,27.1,34,3060,90,100,34.0,374,84.0,0.0,101,22,137,1.56,58,49,9,0.26,49.5,53.9,-4.4,-0.13,Bundesliga,2018-2019,59303898890876434
96,West Ham,26,27.6,38,3420,90,100,38.0,418,84.0,0.0,113,23,152,1.37,52,55,-3,-0.08,48.2,62.0,-13.8,-0.36,Premier League,2018-2019,57680956417459581
97,Wolfsburg,25,25.4,34,3060,90,100,34.0,374,86.0,0.0,97,16,140,1.62,62,50,12,0.35,46.2,46.4,-0.2,0.0,Bundesliga,2018-2019,85159484018358879
98,Wolves,21,26.1,38,3420,90,100,38.0,418,85.0,0.0,110,17,156,1.5,47,46,1,0.03,49.0,38.1,10.8,0.29,Premier League,2018-2019,24001928852251903
1,Alavés,30,25.5,38,3420,90,100,38.0,418,85.0,303.0,111,20,154,1.24,40,50,-10,-0.26,38.8,53.2,-14.4,-0.38,La Liga,2017-2018,37745278530914180
2,Amiens,30,27.5,38,3420,90,100,38.0,418,0.0,0.0,111,0,155,1.18,37,42,-5,-0.13,35.3,55.4,-20.2,-0.53,Ligue 1,2017-2018,20069478421376018
3,Angers,27,27.1,38,3420,90,100,38.0,418,0.0,0.0,112,0,153,1.08,42,52,-10,-0.26,45.6,44.0,1.6,0.04,Ligue 1,2017-2018,66587352409382849
4,Arsenal,30,26.8,38,3420,90,100,38.0,418,0.0,0.0,101,0,165,1.66,74,51,23,0.61,68.4,50.6,17.8,0.47,Premier League,2017-2018,5838645288327307
5,Atalanta,25,25.7,38,3420,90,100,38.0,418,0.0,0.0,108,0,313,1.58,57,39,18,0.47,67.4,37.2,30.3,0.8,Serie A,2017-2018,87465877057901989
6,Athletic Club,26,26.7,38,3420,90,100,38.0,418,85.0,312.0,106,22,160,1.13,41,49,-8,-0.21,45.6,47.4,-1.8,-0.05,La Liga,2017-2018,4823083458145023
7,Atlético Madrid,26,26.6,38,3420,90,100,38.0,418,83.0,304.0,110,24,156,2.08,58,22,36,0.95,47.8,37.0,10.8,0.28,La Liga,2017-2018,74713976168286555
8,Augsburg,27,26.6,34,3060,90,100,34.0,374,0.0,0.0,95,0,143,1.21,43,46,-3,-0.09,44.8,42.9,1.9,0.06,Bundesliga,2017-2018,82828683183786310
9,Barcelona,25,27.7,38,3420,90,100,38.0,418,84.0,305.0,111,21,155,2.45,99,29,70,1.84,78.3,41.1,37.2,0.98,La Liga,2017-2018,81744823723090567
10,Bayern Munich,28,27.4,34,3060,90,100,34.0,374,0.0,0.0,102,0,134,2.47,92,28,64,1.88,77.7,33.6,44.1,1.3,Bundesliga,2017-2018,7510926916741648
11,Benevento,41,26.0,38,3420,90,100,38.0,418,0.0,0.0,113,0,311,0.55,33,84,-51,-1.34,39.1,74.7,-35.6,-0.94,Serie A,2017-2018,38159059008947812
12,Betis,29,27.1,38,3420,90,100,38.0,418,84.0,302.0,113,21,153,1.58,60,61,-1,-0.03,41.1,50.6,-9.5,-0.25,La Liga,2017-2018,9423348454032625
13,Bologna,30,26.8,38,3420,90,100,38.0,418,0.0,0.0,113,0,331,1.03,40,52,-12,-0.32,37.1,53.7,-16.7,-0.44,Serie A,2017-2018,23275147453355121
14,Bordeaux,31,25.1,38,3420,90,100,38.0,418,0.0,0.0,112,0,153,1.45,53,48,5,0.13,52.7,40.8,11.8,0.31,Ligue 1,2017-2018,12683680850395737
15,Bournemouth,22,26.9,38,3420,90,100,38.0,418,0.0,0.0,109,0,157,1.16,45,61,-16,-0.42,44.8,61.4,-16.6,-0.44,Premier League,2017-2018,36088947257895306
16,Brighton,24,27.5,38,3420,90,100,38.0,418,0.0,0.0,101,0,165,1.05,34,54,-20,-0.53,37.2,52.6,-15.5,-0.41,Premier League,2017-2018,49072214318111932
17,Burnley,24,27.5,38,3420,90,100,38.0,418,0.0,0.0,83,0,183,1.42,36,39,-3,-0.08,34.5,51.7,-17.3,-0.45,Premier League,2017-2018,21823480134907726
18,Caen,26,27.3,38,3420,90,100,38.0,418,0.0,0.0,95,0,170,1.0,27,52,-25,-0.66,42.2,48.7,-6.6,-0.17,Ligue 1,2017-2018,21277886218272520
19,Cagliari,29,27.1,38,3420,90,100,38.0,418,0.0,0.0,114,0,295,1.03,33,61,-28,-0.74,40.1,58.7,-18.7,-0.49,Serie A,2017-2018,32968728316179674
20,Celta Vigo,23,25.7,38,3420,90,100,38.0,418,85.0,308.0,109,19,157,1.29,59,60,-1,-0.03,52.0,51.6,0.4,0.01,La Liga,2017-2018,14218303985450920
21,Chelsea,26,26.7,38,3420,90,100,38.0,418,0.0,0.0,109,0,157,1.84,62,38,24,0.63,57.9,35.3,22.7,0.6,Premier League,2017-2018,58172670324373785
22,Chievo,25,30.3,38,3420,90,100,38.0,418,0.0,0.0,109,0,345,1.05,36,59,-23,-0.61,32.3,54.3,-21.9,-0.58,Serie A,2017-2018,83748145049842906
23,Crotone,29,25.6,38,3420,90,100,38.0,418,0.0,0.0,114,0,318,0.92,40,66,-26,-0.68,36.2,59.0,-22.8,-0.6,Serie A,2017-2018,33431629624225246
24,Crystal Palace,28,27.1,38,3420,90,100,38.0,418,0.0,0.0,73,0,191,1.16,45,55,-10,-0.26,56.1,50.7,5.4,0.14,Premier League,2017-2018,15352059381074619
25,Dijon,26,26.6,38,3420,90,100,38.0,418,0.0,0.0,110,0,154,1.26,55,73,-18,-0.47,42.9,69.2,-26.3,-0.69,Ligue 1,2017-2018,59239312409540653
26,Dortmund,30,25.9,34,3060,90,100,34.0,374,0.0,0.0,95,0,141,1.62,64,47,17,0.5,63.7,44.5,19.2,0.56,Bundesliga,2017-2018,6921931827204601
27,Eibar,27,27.4,38,3420,90,100,38.0,418,84.0,303.0,113,20,153,1.34,44,50,-6,-0.16,39.9,44.3,-4.4,-0.12,La Liga,2017-2018,67267904110326262
28,Eint Frankfurt,28,26.4,34,3060,90,100,34.0,374,0.0,0.0,101,0,137,1.44,45,45,0,0.0,43.5,42.1,1.3,0.04,Bundesliga,2017-2018,37929111009288632
29,Espanyol,25,26.8,38,3420,90,100,38.0,418,84.0,312.0,105,25,161,1.29,36,42,-6,-0.16,42.9,47.7,-4.8,-0.13,La Liga,2017-2018,71314269182841176
30,Everton,30,26.7,38,3420,90,100,38.0,418,0.0,0.0,114,0,152,1.29,44,58,-14,-0.37,41.4,52.3,-10.9,-0.29,Premier League,2017-2018,57482013681231466
31,Fiorentina,27,25.0,38,3420,90,100,38.0,418,0.0,0.0,111,0,325,1.5,54,46,8,0.21,57.2,42.5,14.7,0.39,Serie A,2017-2018,24325362613855847
32,Freiburg,29,24.8,34,3060,90,100,34.0,374,0.0,0.0,96,0,142,1.06,32,56,-24,-0.71,41.3,50.6,-9.3,-0.27,Bundesliga,2017-2018,17577284562417651
33,Genoa,33,27.9,38,3420,90,100,38.0,418,0.0,0.0,113,0,329,1.08,33,43,-10,-0.26,43.3,45.6,-2.2,-0.06,Serie A,2017-2018,87033800759594150
34,Getafe,32,28.2,38,3420,90,100,38.0,418,84.0,300.0,113,19,153,1.45,42,33,9,0.24,46.4,36.8,9.6,0.25,La Liga,2017-2018,23789167582387071
35,Girona,25,26.3,38,3420,90,100,38.0,418,85.0,312.0,106,19,159,1.34,50,59,-9,-0.24,48.9,46.9,2.0,0.05,La Liga,2017-2018,12545195302828957
36,Guingamp,23,27.2,38,3420,90,100,38.0,418,0.0,0.0,113,0,153,1.24,48,59,-11,-0.29,45.6,53.6,-8.0,-0.21,Ligue 1,2017-2018,16872092436156260
37,Hamburger SV,29,25.0,34,3060,90,100,34.0,374,0.0,0.0,97,0,138,0.91,29,53,-24,-0.71,37.0,52.5,-15.6,-0.46,Bundesliga,2017-2018,42905483414913667
38,Hannover 96,26,26.4,34,3060,90,100,34.0,374,0.0,0.0,100,0,136,1.15,44,54,-10,-0.29,46.0,54.3,-8.3,-0.25,Bundesliga,2017-2018,10121335889457780
39,Hellas Verona,32,25.9,38,3420,90,100,38.0,418,0.0,0.0,113,0,317,0.66,30,78,-48,-1.26,34.5,76.1,-41.6,-1.09,Serie A,2017-2018,45227680351245381
40,Hertha BSC,25,26.4,34,3060,90,100,34.0,374,0.0,0.0,95,0,142,1.26,43,46,-3,-0.09,39.9,46.6,-6.7,-0.2,Bundesliga,2017-2018,59737400018465050
41,Hoffenheim,26,25.0,34,3060,90,100,34.0,374,0.0,0.0,102,0,136,1.62,66,48,18,0.53,51.7,47.5,4.2,0.12,Bundesliga,2017-2018,29322720181807625
42,Huddersfield,25,26.4,38,3420,90,100,38.0,418,0.0,0.0,112,0,154,0.97,28,58,-30,-0.79,31.7,55.2,-23.5,-0.62,Premier League,2017-2018,70397411865897550
43,Inter,22,27.6,38,3420,90,100,38.0,418,0.0,0.0,110,0,283,1.89,66,30,36,0.95,60.8,35.3,25.6,0.67,Serie A,2017-2018,53198597771575973
44,Juventus,24,29.2,38,3420,90,100,38.0,418,0.0,0.0,111,0,267,2.5,86,24,62,1.63,59.8,28.7,31.0,0.82,Serie A,2017-2018,19371054131726661
45,Köln,31,25.3,34,3060,90,100,34.0,374,0.0,0.0,101,0,136,0.65,35,70,-35,-1.03,42.2,67.8,-25.5,-0.75,Bundesliga,2017-2018,39731782814123330
46,La Coruña,32,28.2,38,3420,90,100,38.0,418,84.0,303.0,113,22,150,0.76,38,76,-38,-1.0,49.2,57.8,-8.6,-0.23,La Liga,2017-2018,31828180925314031
47,Las Palmas,36,27.0,38,3420,90,100,38.0,418,84.0,309.0,106,24,160,0.58,24,74,-50,-1.32,38.0,65.2,-27.3,-0.72,La Liga,2017-2018,33189055458748528
48,Lazio,24,26.5,38,3420,90,100,38.0,418,0.0,0.0,114,0,313,1.89,89,49,40,1.05,63.5,44.4,19.0,0.5,Serie A,2017-2018,90751438076496109
49,Leganés,28,27.8,38,3420,90,100,38.0,418,84.0,304.0,109,23,157,1.13,34,51,-17,-0.45,40.0,46.7,-6.7,-0.18,La Liga,2017-2018,20237473683555152
50,Leicester City,27,27.2,38,3420,90,100,38.0,418,0.0,0.0,107,0,159,1.24,56,60,-4,-0.11,48.1,49.9,-1.8,-0.05,Premier League,2017-2018,18776461863573874
51,Levante,33,25.7,38,3420,90,100,38.0,418,83.0,303.0,112,25,151,1.21,44,58,-14,-0.37,42.4,60.6,-18.1,-0.48,La Liga,2017-2018,1566092639264277
52,Leverkusen,24,24.0,34,3060,90,100,34.0,374,0.0,0.0,102,0,135,1.62,58,44,14,0.41,59.2,37.0,22.2,0.65,Bundesliga,2017-2018,36794408106212849
53,Lille,25,22.6,38,3420,90,100,38.0,418,0.0,0.0,109,0,157,1.0,41,67,-26,-0.68,37.7,56.7,-19.0,-0.5,Ligue 1,2017-2018,85603837513355486
54,Liverpool,27,25.6,38,3420,90,100,38.0,418,0.0,0.0,111,0,155,1.97,84,38,46,1.21,72.7,34.0,38.8,1.02,Premier League,2017-2018,41956650829873911
55,Lyon,26,24.4,38,3420,90,100,38.0,418,0.0,0.0,108,0,158,2.05,87,43,44,1.16,67.0,39.7,27.3,0.72,Ligue 1,2017-2018,87005642993871754
56,M'Gladbach,27,25.7,34,3060,90,100,34.0,374,0.0,0.0,97,0,140,1.38,47,52,-5,-0.15,51.4,51.5,-0.1,0.0,Bundesliga,2017-2018,81611584009946193
57,Mainz 05,27,25.3,34,3060,90,100,34.0,374,0.0,0.0,101,0,137,1.06,38,52,-14,-0.41,35.3,51.5,-16.1,-0.47,Bundesliga,2017-2018,71158960989778912
58,Málaga,37,27.2,38,3420,90,100,38.0,418,83.0,299.0,113,23,152,0.53,24,61,-37,-0.97,33.4,52.7,-19.3,-0.51,La Liga,2017-2018,79809637287620621
59,Manchester City,25,26.4,38,3420,90,100,38.0,418,0.0,0.0,106,0,158,2.63,106,27,79,2.08,86.4,22.8,63.5,1.67,Premier League,2017-2018,74026506610392765
60,Manchester Utd,27,26.7,38,3420,90,100,38.0,418,0.0,0.0,111,0,155,2.13,68,28,40,1.05,60.7,41.7,19.0,0.5,Premier League,2017-2018,29078730489839024
61,Marseille,26,27.2,38,3420,90,100,38.0,418,0.0,0.0,113,0,153,2.03,80,47,33,0.87,72.1,42.8,29.3,0.77,Ligue 1,2017-2018,66190039714113630
62,Metz,36,27.4,38,3420,90,100,38.0,418,0.0,0.0,102,0,157,0.68,34,76,-42,-1.11,37.9,67.1,-29.1,-0.77,Ligue 1,2017-2018,14635757597311544
63,Milan,23,25.0,38,3420,90,100,38.0,418,0.0,0.0,107,0,334,1.68,56,42,14,0.37,54.2,39.4,14.8,0.39,Serie A,2017-2018,59378513948613436
64,Monaco,32,25.8,38,3420,90,100,38.0,418,0.0,0.0,111,0,155,2.11,85,45,40,1.05,61.5,47.0,14.5,0.38,Ligue 1,2017-2018,79093238158793616
65,Montpellier,23,26.4,38,3420,90,100,38.0,418,0.0,0.0,110,0,155,1.34,36,33,3,0.08,42.4,41.7,0.7,0.02,Ligue 1,2017-2018,32434714471076965
66,Nantes,30,25.6,38,3420,90,100,38.0,418,0.0,0.0,111,0,155,1.37,36,41,-5,-0.13,43.3,41.3,2.0,0.05,Ligue 1,2017-2018,25802633648495862
67,Napoli,23,28.0,38,3420,90,100,38.0,418,0.0,0.0,113,0,308,2.39,77,29,48,1.26,66.6,25.4,41.2,1.08,Serie A,2017-2018,10516137814401134
68,Newcastle Utd,27,25.6,38,3420,90,100,38.0,418,0.0,0.0,112,0,154,1.16,39,47,-8,-0.21,45.3,53.4,-8.1,-0.21,Premier League,2017-2018,29528772732587842
69,Nice,31,25.0,38,3420,90,100,38.0,418,0.0,0.0,95,0,171,1.42,53,52,1,0.03,51.7,48.2,3.5,0.09,Ligue 1,2017-2018,11720969662561653
70,Paris S-G,26,26.1,38,3420,90,100,38.0,418,0.0,0.0,103,0,161,2.45,108,29,79,2.08,89.2,32.2,57.0,1.5,Ligue 1,2017-2018,11177590892093073
71,RB Leipzig,23,23.4,34,3060,90,100,34.0,374,0.0,0.0,98,0,139,1.56,57,53,4,0.12,54.2,45.7,8.5,0.25,Bundesliga,2017-2018,68159208261559796
72,Real Madrid,24,27.1,38,3420,90,100,38.0,418,85.0,308.0,105,20,161,2.0,94,44,50,1.32,83.3,45.3,38.0,1.0,La Liga,2017-2018,29627131003986350
73,Real Sociedad,27,25.9,38,3420,90,100,38.0,418,85.0,306.0,108,20,158,1.29,66,59,7,0.18,55.0,47.2,7.8,0.21,La Liga,2017-2018,57299950304530590
74,Rennes,28,24.2,38,3420,90,100,38.0,418,0.0,0.0,101,0,164,1.53,50,44,6,0.16,49.4,53.5,-4.1,-0.11,Ligue 1,2017-2018,96819424452761337
75,Roma,27,27.4,38,3420,90,100,38.0,418,0.0,0.0,114,0,305,2.03,61,28,33,0.87,69.3,39.9,29.4,0.77,Serie A,2017-2018,764736481564168
76,Saint-Étienne,30,26.6,38,3420,90,100,38.0,418,0.0,0.0,107,0,158,1.45,47,50,-3,-0.08,52.0,51.7,0.4,0.01,Ligue 1,2017-2018,56226069621228236
77,Sampdoria,27,27.0,38,3420,90,100,38.0,418,0.0,0.0,110,0,311,1.42,56,60,-4,-0.11,51.3,63.2,-12.0,-0.31,Serie A,2017-2018,89407679695143145
78,Sassuolo,28,27.2,38,3420,90,100,38.0,418,0.0,0.0,113,0,322,1.13,29,59,-30,-0.79,49.4,49.3,0.1,0.0,Serie A,2017-2018,79200252522790650
79,Schalke 04,24,26.1,34,3060,90,100,34.0,374,0.0,0.0,102,0,136,1.85,53,37,16,0.47,47.8,42.3,5.5,0.16,Bundesliga,2017-2018,24345039935475884
80,Sevilla,31,27.1,38,3420,90,100,38.0,418,84.0,303.0,114,22,152,1.53,49,58,-9,-0.24,56.5,55.3,1.3,0.03,La Liga,2017-2018,22702270477938803
81,Southampton,26,26.2,38,3420,90,100,38.0,418,0.0,0.0,113,0,153,0.95,37,56,-19,-0.5,42.2,48.8,-6.6,-0.17,Premier League,2017-2018,21037626007536306
82,SPAL,29,26.7,38,3420,90,100,38.0,418,0.0,0.0,110,0,332,1.0,39,59,-20,-0.53,37.9,60.1,-22.2,-0.59,Serie A,2017-2018,73622612860183040
83,Stoke City,30,27.5,38,3420,90,100,38.0,418,0.0,0.0,92,0,174,0.87,35,68,-33,-0.87,37.5,63.7,-26.2,-0.69,Premier League,2017-2018,55848606059653975
84,Strasbourg,25,27.2,38,3420,90,100,38.0,418,0.0,0.0,110,0,156,1.0,44,67,-23,-0.61,45.4,55.8,-10.4,-0.27,Ligue 1,2017-2018,92234479374253707
85,Stuttgart,26,25.6,34,3060,90,100,34.0,374,0.0,0.0,100,0,137,1.5,36,36,0,0.0,39.6,45.7,-6.1,-0.18,Bundesliga,2017-2018,81761661302668293
86,Swansea City,26,27.2,38,3420,90,100,38.0,418,0.0,0.0,109,0,157,0.87,28,56,-28,-0.74,30.5,59.5,-29.0,-0.76,Premier League,2017-2018,11897392087106032
87,Torino,27,28.1,38,3420,90,100,38.0,418,0.0,0.0,106,0,315,1.42,54,46,8,0.21,47.1,52.4,-5.3,-0.14,Serie A,2017-2018,21846272194836439
88,Tottenham,25,25.8,38,3420,90,100,38.0,418,0.0,0.0,108,0,157,2.03,74,36,38,1.0,67.3,35.0,32.3,0.85,Premier League,2017-2018,22006624071753704
89,Toulouse,25,23.9,38,3420,90,100,38.0,418,0.0,0.0,110,0,156,0.97,38,54,-16,-0.42,46.0,53.3,-7.3,-0.19,Ligue 1,2017-2018,94523000561782573
90,Troyes,25,26.7,38,3420,90,100,38.0,418,0.0,0.0,114,0,152,0.87,32,59,-27,-0.71,36.9,54.2,-17.3,-0.45,Ligue 1,2017-2018,57069542099991496
91,Udinese,27,26.5,38,3420,90,100,38.0,418,0.0,0.0,113,0,319,1.05,48,63,-15,-0.39,43.6,50.8,-7.2,-0.19,Serie A,2017-2018,48393495896639342
92,Valencia,25,24.8,38,3420,90,100,38.0,418,85.0,306.0,107,18,159,1.92,65,38,27,0.71,56.0,44.8,11.2,0.29,La Liga,2017-2018,65158650443085242
93,Villarreal,32,26.6,38,3420,90,100,38.0,418,84.0,299.0,112,22,153,1.61,57,50,7,0.18,52.2,55.4,-3.2,-0.09,La Liga,2017-2018,63335634096533483
94,Watford,29,27.9,38,3420,90,100,38.0,418,0.0,0.0,111,0,155,1.08,44,64,-20,-0.53,47.4,57.9,-10.6,-0.28,Premier League,2017-2018,73743918793554398
95,Werder Bremen,25,26.3,34,3060,90,100,34.0,374,0.0,0.0,97,0,140,1.24,37,40,-3,-0.09,39.9,48.5,-8.7,-0.26,Bundesliga,2017-2018,59303898890876434
96,West Brom,24,29.1,38,3420,90,100,38.0,418,0.0,0.0,108,0,157,0.82,31,56,-25,-0.66,34.4,48.5,-14.1,-0.37,Premier League,2017-2018,26775906631723373
97,West Ham,27,28.0,38,3420,90,100,38.0,418,0.0,0.0,97,0,167,1.11,48,68,-20,-0.53,39.9,59.2,-19.3,-0.51,Premier League,2017-2018,57680956417459581
98,Wolfsburg,29,25.1,34,3060,90,100,34.0,374,0.0,0.0,91,0,147,0.97,36,48,-12,-0.35,39.2,49.5,-10.3,-0.3,Bundesliga,2017-2018,85159484018358879
